age,workclass,fnlwgt,education,education-num,marital-status,occupation,relationship,race,sex,capital-gain,capital-loss,hours-per-week,native-country,class
69,Private,185691.0,11th,7,Married-civ-spouse,Adm-clerical,Husband,White,Male,0.0,0.0,20,United-States,<=50K
45,Federal-gov,359808.0,Assoc-acdm,12,Never-married,Exec-managerial,Not-in-family,White,Male,0.0,0.0,40,United-States,<=50K
20,Private,323009.0,HS-grad,9,Never-married,Adm-clerical,Unmarried,White,Female,0.0,0.0,40,Germany,<=50K
47,Private,163814.0,10th,6,Married-civ-spouse,Craft-repair,Husband,White,Male,0.0,0.0,40,United-States,<=50K
30,Local-gov,200892.0,Masters,14,Married-civ-spouse,Prof-specialty,Husband,White,Male,0.0,0.0,40,United-States,<=50K
36,Private,389725.0,Bachelors,13,Married-civ-spouse,Tech-support,Husband,White,Male,7298.0,0.0,40,Germany,>50K
20,Private,235691.0,HS-grad,9,Never-married,Sales,Unmarried,White,Male,0.0,0.0,40,United-States,<=50K
24,Private,224785.0,Bachelors,13,Never-married,Sales,Not-in-family,White,Male,0.0,1876.0,65,United-States,<=50K
17,Private,53367.0,12th,8,Never-married,Other-service,Other-relative,White,Female,0.0,0.0,25,United-States,<=50K
39,Private,61518.0,Some-college,10,Married-civ-spouse,Exec-managerial,Husband,White,Male,0.0,0.0,50,United-States,>50K
40,Private,130834.0,Some-college,10,Never-married,Adm-clerical,Not-in-family,White,Female,0.0,0.0,40,United-States,<=50K
35,Self-emp-not-inc,222450.0,HS-grad,9,Married-civ-spouse,Farming-fishing,Husband,White,Male,0.0,0.0,40,Mexico,<=50K
28,Private,201954.0,Assoc-acdm,12,Never-married,Exec-managerial,Not-in-family,White,Male,0.0,0.0,65,United-States,>50K
45,Private,170850.0,HS-grad,9,Married-civ-spouse,Machine-op-inspct,Husband,White,Male,0.0,0.0,44,United-States,>50K
31,Self-emp-not-inc,186420.0,Masters,14,Separated,Tech-support,Not-in-family,White,Female,0.0,0.0,25,United-States,<=50K
35,Private,265535.0,Some-college,10,Married-civ-spouse,Craft-repair,Husband,Black,Male,0.0,0.0,50,Jamaica,>50K
19,Private,293928.0,HS-grad,9,Never-married,Adm-clerical,Own-child,White,Female,0.0,0.0,20,United-States,<=50K
27,Private,214858.0,Bachelors,13,Never-married,Sales,Own-child,White,Male,0.0,0.0,40,United-States,<=50K
38,Private,391040.0,Assoc-voc,11,Separated,Tech-support,Unmarried,White,Female,0.0,0.0,20,United-States,<=50K
59,Private,165922.0,Bachelors,13,Married-civ-spouse,Prof-specialty,Husband,White,Male,15024.0,0.0,40,United-States,>50K
36,Self-emp-not-inc,233533.0,Some-college,10,Married-civ-spouse,Craft-repair,Husband,White,Male,0.0,0.0,60,United-States,>50K
39,Private,194287.0,7th-8th,4,Never-married,Other-service,Own-child,White,Male,0.0,1602.0,35,United-States,<=50K
44,Private,155930.0,Masters,14,Married-civ-spouse,Prof-specialty,Husband,White,Male,7688.0,0.0,55,United-States,>50K
44,Private,62258.0,11th,7,Never-married,Other-service,Not-in-family,White,Female,0.0,0.0,40,United-States,<=50K
32,Private,65942.0,HS-grad,9,Never-married,Other-service,Not-in-family,White,Female,0.0,0.0,56,United-States,<=50K
37,Private,233571.0,Assoc-voc,11,Married-civ-spouse,Tech-support,Wife,White,Female,0.0,0.0,37,United-States,>50K
49,Private,241350.0,HS-grad,9,Married-civ-spouse,Machine-op-inspct,Husband,White,Male,5178.0,0.0,40,United-States,>50K
65,Self-emp-not-inc,135517.0,7th-8th,4,Married-civ-spouse,Craft-repair,Husband,White,Male,0.0,0.0,40,United-States,<=50K
58,State-gov,69579.0,Some-college,10,Widowed,Prof-specialty,Not-in-family,White,Female,0.0,0.0,20,United-States,<=50K
28,Self-emp-not-inc,180928.0,HS-grad,9,Never-married,Exec-managerial,Own-child,White,Male,0.0,0.0,40,United-States,<=50K
43,Private,390369.0,Assoc-acdm,12,Married-civ-spouse,Handlers-cleaners,Husband,White,Male,0.0,0.0,40,United-States,>50K
46,State-gov,55377.0,Bachelors,13,Married-civ-spouse,Prof-specialty,Husband,Black,Male,0.0,0.0,40,United-States,>50K
25,Private,64671.0,HS-grad,9,Divorced,Handlers-cleaners,Own-child,Asian-Pac-Islander,Female,0.0,0.0,40,Philippines,<=50K
49,Private,143459.0,9th,5,Separated,Handlers-cleaners,Own-child,White,Male,0.0,0.0,38,United-States,<=50K
43,Private,169628.0,Bachelors,13,Never-married,Sales,Unmarried,Black,Female,0.0,0.0,35,United-States,>50K
29,State-gov,245310.0,Some-college,10,Never-married,Prof-specialty,Not-in-family,White,Male,0.0,0.0,35,United-States,<=50K
19,Private,187724.0,Some-college,10,Never-married,Other-service,Own-child,White,Female,0.0,0.0,25,United-States,<=50K
37,Private,210830.0,Assoc-voc,11,Divorced,Prof-specialty,Unmarried,White,Female,0.0,0.0,38,United-States,<=50K
20,Private,435469.0,HS-grad,9,Never-married,Other-service,Own-child,White,Female,0.0,0.0,40,Mexico,<=50K
39,Private,360494.0,HS-grad,9,Never-married,Transport-moving,Not-in-family,White,Male,0.0,0.0,40,United-States,<=50K
47,Private,198769.0,Some-college,10,Never-married,Adm-clerical,Not-in-family,White,Female,0.0,0.0,40,United-States,>50K
29,Private,79586.0,HS-grad,9,Married-civ-spouse,Craft-repair,Husband,Amer-Indian-Eskimo,Male,0.0,0.0,65,United-States,<=50K
19,Private,318822.0,11th,7,Never-married,Priv-house-serv,Not-in-family,White,Female,0.0,0.0,35,United-States,<=50K
47,Self-emp-inc,102308.0,Prof-school,15,Married-civ-spouse,Prof-specialty,Husband,White,Male,0.0,2415.0,45,United-States,>50K
18,Private,128086.0,12th,8,Never-married,Handlers-cleaners,Own-child,White,Male,0.0,0.0,18,United-States,<=50K
32,Local-gov,169837.0,Assoc-acdm,12,Divorced,Exec-managerial,Not-in-family,Black,Female,0.0,0.0,40,United-States,<=50K
43,Private,43945.0,Some-college,10,Married-civ-spouse,Craft-repair,Husband,White,Male,0.0,0.0,40,United-States,>50K
37,State-gov,120201.0,Some-college,10,Divorced,Adm-clerical,Own-child,Other,Female,0.0,0.0,40,United-States,<=50K
26,Local-gov,208122.0,Bachelors,13,Never-married,Prof-specialty,Own-child,White,Male,1055.0,0.0,40,United-States,<=50K
50,Private,173630.0,HS-grad,9,Divorced,Sales,Not-in-family,White,Male,0.0,0.0,60,United-States,<=50K
35,Self-emp-not-inc,278632.0,HS-grad,9,Married-civ-spouse,Craft-repair,Husband,White,Male,0.0,0.0,40,United-States,<=50K
18,Private,163787.0,HS-grad,9,Married-civ-spouse,Exec-managerial,Wife,White,Female,0.0,0.0,40,United-States,<=50K
43,Private,157473.0,HS-grad,9,Married-civ-spouse,Handlers-cleaners,Wife,White,Female,0.0,0.0,48,United-States,>50K
19,Private,146189.0,11th,7,Never-married,Sales,Unmarried,Amer-Indian-Eskimo,Male,0.0,0.0,43,United-States,<=50K
38,Local-gov,200153.0,Assoc-acdm,12,Never-married,Prof-specialty,Not-in-family,White,Male,0.0,0.0,40,United-States,<=50K
33,Private,123291.0,HS-grad,9,Married-civ-spouse,Machine-op-inspct,Husband,White,Male,0.0,0.0,84,United-States,>50K
31,Private,316672.0,HS-grad,9,Never-married,Other-service,Unmarried,White,Female,0.0,0.0,40,Mexico,<=50K
45,Private,355781.0,Bachelors,13,Married-civ-spouse,Exec-managerial,Husband,Asian-Pac-Islander,Male,0.0,0.0,45,Japan,>50K
24,Private,166827.0,HS-grad,9,Divorced,Sales,Not-in-family,White,Female,0.0,0.0,30,United-States,<=50K
33,Local-gov,342458.0,Assoc-acdm,12,Divorced,Protective-serv,Not-in-family,White,Male,0.0,0.0,56,United-States,<=50K
33,Private,240979.0,Some-college,10,Never-married,Exec-managerial,Not-in-family,White,Male,0.0,0.0,40,United-States,<=50K
21,Private,322144.0,Some-college,10,Never-married,Other-service,Not-in-family,White,Male,0.0,0.0,40,United-States,<=50K
37,Private,324019.0,Assoc-acdm,12,Never-married,Adm-clerical,Not-in-family,White,Female,0.0,0.0,40,United-States,<=50K
49,Self-emp-not-inc,175958.0,Some-college,10,Never-married,Other-service,Not-in-family,White,Male,0.0,0.0,20,United-States,<=50K
45,Private,185385.0,HS-grad,9,Married-civ-spouse,Craft-repair,Husband,White,Male,0.0,0.0,47,United-States,>50K
38,Private,80771.0,Bachelors,13,Married-civ-spouse,Prof-specialty,Wife,White,Female,0.0,0.0,40,United-States,>50K
39,Private,207185.0,Some-college,10,Married-civ-spouse,Exec-managerial,Wife,White,Female,0.0,0.0,35,Puerto-Rico,>50K
43,Private,114580.0,Some-college,10,Divorced,Adm-clerical,Not-in-family,White,Female,0.0,0.0,40,United-States,<=50K
44,Private,172364.0,1st-4th,2,Married-civ-spouse,Transport-moving,Wife,White,Female,3908.0,0.0,60,United-States,<=50K
33,Private,188467.0,HS-grad,9,Never-married,Farming-fishing,Not-in-family,White,Male,0.0,0.0,40,United-States,<=50K
22,Private,205940.0,Bachelors,13,Never-married,Exec-managerial,Not-in-family,White,Female,0.0,0.0,40,United-States,<=50K
47,Self-emp-not-inc,109421.0,Bachelors,13,Married-civ-spouse,Exec-managerial,Husband,White,Male,0.0,0.0,50,United-States,<=50K
60,Private,74243.0,Assoc-voc,11,Widowed,Craft-repair,Not-in-family,White,Female,0.0,0.0,30,United-States,<=50K
53,Self-emp-not-inc,311020.0,10th,6,Married-civ-spouse,Farming-fishing,Husband,White,Male,0.0,0.0,60,United-States,<=50K
32,Private,375833.0,11th,7,Never-married,Craft-repair,Other-relative,White,Male,0.0,0.0,40,United-States,<=50K
34,Private,162312.0,Bachelors,13,Married-civ-spouse,Adm-clerical,Husband,Asian-Pac-Islander,Male,0.0,0.0,40,Philippines,<=50K
38,Private,108140.0,Bachelors,13,Never-married,Other-service,Not-in-family,White,Male,0.0,0.0,20,United-States,<=50K
20,Private,329530.0,9th,5,Never-married,Priv-house-serv,Own-child,White,Male,0.0,0.0,40,Mexico,<=50K
18,Private,200047.0,12th,8,Never-married,Adm-clerical,Own-child,White,Male,0.0,0.0,35,United-States,<=50K
55,State-gov,111130.0,Assoc-acdm,12,Divorced,Adm-clerical,Own-child,Asian-Pac-Islander,Male,0.0,0.0,40,United-States,<=50K
26,State-gov,130302.0,Bachelors,13,Married-civ-spouse,Craft-repair,Husband,White,Male,0.0,0.0,40,United-States,<=50K
36,Private,183081.0,Some-college,10,Never-married,Exec-managerial,Not-in-family,White,Male,0.0,0.0,40,United-States,<=50K
57,Self-emp-inc,199768.0,HS-grad,9,Married-civ-spouse,Sales,Husband,White,Male,0.0,1902.0,30,United-States,>50K
28,Private,167737.0,Bachelors,13,Widowed,Other-service,Own-child,White,Male,0.0,1974.0,50,United-States,<=50K
65,Private,225580.0,HS-grad,9,Divorced,Sales,Not-in-family,White,Female,0.0,0.0,20,United-States,<=50K
30,Private,182771.0,Masters,14,Married-civ-spouse,Prof-specialty,Husband,Asian-Pac-Islander,Male,0.0,0.0,40,United-States,>50K
42,Private,29702.0,10th,6,Married-civ-spouse,Machine-op-inspct,Husband,White,Male,0.0,0.0,40,United-States,<=50K
48,Self-emp-not-inc,100931.0,Some-college,10,Never-married,Adm-clerical,Not-in-family,White,Male,0.0,0.0,40,United-States,<=50K
18,Private,27920.0,11th,7,Never-married,Exec-managerial,Own-child,White,Female,0.0,0.0,25,United-States,<=50K
24,Private,109813.0,HS-grad,9,Married-civ-spouse,Adm-clerical,Husband,White,Male,3137.0,0.0,40,United-States,<=50K
42,Private,185057.0,HS-grad,9,Separated,Adm-clerical,Unmarried,White,Female,0.0,0.0,35,Scotland,<=50K
36,Private,189404.0,Bachelors,13,Married-civ-spouse,Sales,Husband,White,Male,0.0,1977.0,35,United-States,>50K
69,Private,135891.0,Bachelors,13,Married-civ-spouse,Prof-specialty,Husband,White,Male,0.0,0.0,7,United-States,>50K
24,Private,140001.0,Bachelors,13,Never-married,Adm-clerical,Not-in-family,White,Male,0.0,0.0,40,United-States,<=50K
19,Private,179707.0,Some-college,10,Never-married,Adm-clerical,Own-child,White,Male,0.0,0.0,30,United-States,<=50K
22,Private,164775.0,9th,5,Never-married,Machine-op-inspct,Unmarried,White,Male,0.0,0.0,40,Guatemala,<=50K
18,Private,152545.0,HS-grad,9,Never-married,Other-service,Own-child,White,Female,0.0,0.0,8,United-States,<=50K
48,Self-emp-inc,30575.0,Assoc-voc,11,Married-civ-spouse,Craft-repair,Husband,White,Male,0.0,0.0,70,United-States,>50K
54,Private,85423.0,HS-grad,9,Married-civ-spouse,Transport-moving,Husband,White,Male,0.0,0.0,40,United-States,>50K
30,Private,136331.0,HS-grad,9,Married-civ-spouse,Adm-clerical,Husband,White,Male,0.0,0.0,40,United-States,<=50K
47,Self-emp-not-inc,94100.0,Bachelors,13,Never-married,Farming-fishing,Not-in-family,White,Male,0.0,0.0,65,United-States,<=50K
37,Private,143774.0,HS-grad,9,Divorced,Exec-managerial,Unmarried,White,Female,0.0,0.0,50,United-States,<=50K
61,Private,195453.0,HS-grad,9,Married-civ-spouse,Exec-managerial,Husband,White,Male,0.0,0.0,50,United-States,>50K
42,Local-gov,267138.0,Some-college,10,Married-civ-spouse,Craft-repair,Husband,Black,Male,0.0,0.0,40,United-States,<=50K
37,Self-emp-inc,99452.0,Some-college,10,Married-civ-spouse,Transport-moving,Husband,White,Male,0.0,0.0,55,United-States,>50K
36,Self-emp-inc,183898.0,Bachelors,13,Divorced,Sales,Not-in-family,White,Male,0.0,0.0,60,United-States,<=50K
90,Private,227796.0,Assoc-acdm,12,Never-married,Exec-managerial,Not-in-family,White,Male,6097.0,0.0,45,United-States,>50K
41,Private,590204.0,Masters,14,Married-civ-spouse,Prof-specialty,Wife,White,Female,15024.0,0.0,40,United-States,>50K
38,State-gov,364803.0,Some-college,10,Married-civ-spouse,Transport-moving,Husband,Black,Male,0.0,0.0,65,United-States,<=50K
28,Private,113839.0,Some-college,10,Married-civ-spouse,Sales,Husband,White,Male,0.0,0.0,40,United-States,<=50K
25,Private,170786.0,9th,5,Never-married,Transport-moving,Other-relative,White,Male,0.0,0.0,40,United-States,<=50K
29,Private,180758.0,Assoc-acdm,12,Never-married,Craft-repair,Not-in-family,White,Male,0.0,0.0,60,United-States,<=50K
56,Private,178353.0,Some-college,10,Married-civ-spouse,Prof-specialty,Husband,White,Male,0.0,0.0,40,United-States,>50K
66,Private,146454.0,Some-college,10,Married-civ-spouse,Sales,Husband,White,Male,5556.0,0.0,40,United-States,>50K
36,Self-emp-not-inc,48093.0,Some-college,10,Married-civ-spouse,Sales,Husband,White,Male,0.0,0.0,92,United-States,<=50K
33,Private,348592.0,HS-grad,9,Never-married,Craft-repair,Not-in-family,White,Male,0.0,0.0,40,United-States,>50K
35,Local-gov,329759.0,HS-grad,9,Married-civ-spouse,Craft-repair,Husband,White,Male,0.0,0.0,40,United-States,<=50K
53,Private,79324.0,HS-grad,9,Married-civ-spouse,Craft-repair,Husband,White,Male,0.0,0.0,40,United-States,>50K
21,Private,39943.0,Some-college,10,Never-married,Sales,Own-child,White,Female,0.0,0.0,20,United-States,<=50K
55,Private,127014.0,HS-grad,9,Married-civ-spouse,Other-service,Husband,White,Male,0.0,0.0,60,United-States,<=50K
60,Private,209844.0,Some-college,10,Divorced,Adm-clerical,Other-relative,White,Female,0.0,0.0,40,United-States,<=50K
44,State-gov,174675.0,HS-grad,9,Married-civ-spouse,Prof-specialty,Wife,White,Female,0.0,0.0,40,United-States,>50K
55,Private,359972.0,Bachelors,13,Married-civ-spouse,Exec-managerial,Husband,White,Male,0.0,1887.0,40,United-States,>50K
35,Private,174597.0,Bachelors,13,Married-civ-spouse,Craft-repair,Husband,White,Male,0.0,0.0,40,United-States,<=50K
23,Private,267471.0,12th,8,Never-married,Sales,Own-child,White,Female,0.0,0.0,25,United-States,<=50K
58,Private,407138.0,7th-8th,4,Married-civ-spouse,Machine-op-inspct,Husband,White,Male,2936.0,0.0,50,Mexico,<=50K
73,Private,179001.0,HS-grad,9,Widowed,Sales,Not-in-family,White,Female,0.0,0.0,7,United-States,<=50K
32,Private,157289.0,HS-grad,9,Married-spouse-absent,Handlers-cleaners,Other-relative,White,Male,0.0,0.0,40,United-States,<=50K
42,Local-gov,213019.0,Masters,14,Never-married,Prof-specialty,Not-in-family,White,Female,0.0,0.0,40,United-States,>50K
20,Private,360457.0,Some-college,10,Never-married,Exec-managerial,Own-child,White,Female,0.0,0.0,30,United-States,<=50K
46,Private,330416.0,Some-college,10,Married-civ-spouse,Adm-clerical,Husband,White,Male,0.0,0.0,40,United-States,<=50K
51,Self-emp-not-inc,165001.0,Masters,14,Divorced,Exec-managerial,Unmarried,White,Male,25236.0,0.0,50,United-States,>50K
24,Private,165474.0,HS-grad,9,Married-civ-spouse,Other-service,Husband,White,Male,0.0,0.0,39,United-States,<=50K
35,Private,275364.0,Bachelors,13,Divorced,Tech-support,Unmarried,White,Male,7430.0,0.0,40,Germany,>50K
26,Private,137678.0,HS-grad,9,Never-married,Other-service,Not-in-family,White,Male,0.0,0.0,40,United-States,<=50K
44,Private,112517.0,Masters,14,Married-civ-spouse,Tech-support,Husband,White,Male,0.0,0.0,20,United-States,>50K
74,Private,146365.0,HS-grad,9,Widowed,Other-service,Not-in-family,White,Female,0.0,0.0,28,United-States,<=50K
39,Private,179671.0,10th,6,Married-civ-spouse,Craft-repair,Husband,White,Male,0.0,0.0,40,United-States,<=50K
46,Private,156926.0,Some-college,10,Married-civ-spouse,Exec-managerial,Husband,White,Male,0.0,0.0,60,United-States,>50K
74,Private,188709.0,Prof-school,15,Married-civ-spouse,Prof-specialty,Husband,White,Male,99999.0,0.0,50,United-States,>50K
34,Self-emp-not-inc,247540.0,HS-grad,9,Never-married,Farming-fishing,Not-in-family,White,Male,0.0,1974.0,30,United-States,<=50K
22,Private,219042.0,10th,6,Never-married,Machine-op-inspct,Unmarried,White,Male,0.0,0.0,40,United-States,<=50K
31,Private,148600.0,HS-grad,9,Married-civ-spouse,Machine-op-inspct,Husband,Black,Male,0.0,0.0,40,United-States,<=50K
34,Private,118710.0,Assoc-voc,11,Married-civ-spouse,Other-service,Husband,White,Male,0.0,0.0,40,United-States,>50K
34,Private,321709.0,HS-grad,9,Never-married,Other-service,Not-in-family,White,Female,0.0,0.0,28,United-States,<=50K
31,Self-emp-inc,229741.0,Assoc-acdm,12,Married-civ-spouse,Craft-repair,Husband,White,Male,0.0,1579.0,45,United-States,<=50K
40,State-gov,40024.0,Prof-school,15,Married-civ-spouse,Prof-specialty,Husband,White,Male,0.0,0.0,38,United-States,>50K
49,Self-emp-not-inc,113513.0,Bachelors,13,Married-civ-spouse,Farming-fishing,Husband,White,Male,0.0,0.0,50,United-States,<=50K
33,Private,179747.0,HS-grad,9,Married-civ-spouse,Machine-op-inspct,Husband,White,Male,0.0,0.0,40,United-States,<=50K
39,Private,174242.0,Bachelors,13,Married-civ-spouse,Exec-managerial,Husband,White,Male,15024.0,0.0,60,United-States,>50K
58,Private,200040.0,HS-grad,9,Married-civ-spouse,Craft-repair,Husband,White,Male,0.0,0.0,40,United-States,<=50K
48,Private,47022.0,HS-grad,9,Widowed,Handlers-cleaners,Other-relative,White,Female,0.0,0.0,48,United-States,<=50K
25,Private,194813.0,HS-grad,9,Married-civ-spouse,Craft-repair,Husband,White,Male,0.0,0.0,50,United-States,<=50K
36,Self-emp-not-inc,52870.0,Bachelors,13,Married-civ-spouse,Exec-managerial,Husband,White,Male,4386.0,0.0,50,United-States,>50K
44,Private,171615.0,HS-grad,9,Married-civ-spouse,Transport-moving,Husband,White,Male,0.0,0.0,45,United-States,<=50K
18,Private,164134.0,HS-grad,9,Never-married,Tech-support,Own-child,White,Female,0.0,0.0,10,United-States,<=50K
52,Private,84451.0,Assoc-voc,11,Divorced,Other-service,Not-in-family,White,Male,0.0,0.0,32,United-States,<=50K
30,Local-gov,348802.0,HS-grad,9,Married-civ-spouse,Adm-clerical,Husband,Black,Male,0.0,0.0,40,United-States,<=50K
38,Private,333651.0,Bachelors,13,Married-civ-spouse,Prof-specialty,Husband,White,Male,15024.0,0.0,70,United-States,>50K
37,Private,468713.0,Some-college,10,Married-civ-spouse,Adm-clerical,Husband,White,Male,0.0,0.0,40,United-States,<=50K
29,Private,163167.0,Bachelors,13,Married-civ-spouse,Sales,Husband,White,Male,0.0,0.0,55,United-States,>50K
43,Private,180985.0,Some-college,10,Married-civ-spouse,Transport-moving,Husband,White,Male,0.0,0.0,60,United-States,>50K
34,Private,110622.0,Bachelors,13,Never-married,Adm-clerical,Unmarried,Asian-Pac-Islander,Female,0.0,0.0,40,Philippines,<=50K
27,Private,365745.0,10th,6,Married-civ-spouse,Handlers-cleaners,Husband,White,Male,0.0,0.0,20,United-States,<=50K
38,Private,161066.0,HS-grad,9,Divorced,Craft-repair,Not-in-family,Amer-Indian-Eskimo,Male,0.0,0.0,50,United-States,<=50K
28,Federal-gov,42003.0,Some-college,10,Married-civ-spouse,Adm-clerical,Husband,White,Male,0.0,0.0,40,United-States,>50K
50,Private,177705.0,Bachelors,13,Divorced,Other-service,Not-in-family,White,Male,0.0,0.0,40,United-States,<=50K
45,Private,59380.0,Bachelors,13,Separated,Exec-managerial,Not-in-family,White,Female,0.0,0.0,55,United-States,<=50K
39,Private,308945.0,Bachelors,13,Never-married,Adm-clerical,Own-child,White,Female,0.0,0.0,50,United-States,<=50K
63,Federal-gov,95680.0,Some-college,10,Married-civ-spouse,Tech-support,Husband,White,Male,0.0,0.0,18,United-States,>50K
47,Private,96798.0,Bachelors,13,Married-civ-spouse,Prof-specialty,Husband,White,Male,0.0,0.0,40,United-States,>50K
24,Private,187551.0,Some-college,10,Never-married,Adm-clerical,Own-child,Black,Female,0.0,0.0,20,United-States,<=50K
58,Local-gov,259216.0,9th,5,Divorced,Other-service,Not-in-family,White,Female,0.0,0.0,40,United-States,<=50K
20,Private,177287.0,HS-grad,9,Never-married,Exec-managerial,Own-child,White,Female,0.0,0.0,40,United-States,<=50K
47,Private,158924.0,Bachelors,13,Married-civ-spouse,Exec-managerial,Wife,White,Female,0.0,0.0,40,United-States,>50K
51,Private,108233.0,Assoc-acdm,12,Separated,Other-service,Not-in-family,Black,Female,0.0,0.0,40,United-States,<=50K
17,Private,266072.0,10th,6,Never-married,Other-service,Not-in-family,White,Male,0.0,0.0,20,El-Salvador,<=50K
28,Private,171356.0,Some-college,10,Never-married,Sales,Own-child,White,Male,0.0,0.0,55,United-States,<=50K
41,Private,173858.0,7th-8th,4,Married-civ-spouse,Craft-repair,Husband,Asian-Pac-Islander,Male,0.0,0.0,40,China,<=50K
36,Private,127809.0,HS-grad,9,Separated,Other-service,Unmarried,Black,Female,0.0,0.0,30,United-States,<=50K
50,Self-emp-inc,177487.0,HS-grad,9,Married-civ-spouse,Sales,Wife,White,Female,0.0,0.0,30,United-States,<=50K
23,Private,145964.0,Some-college,10,Never-married,Other-service,Own-child,White,Male,0.0,0.0,20,United-States,<=50K
46,State-gov,192323.0,HS-grad,9,Divorced,Exec-managerial,Not-in-family,White,Male,0.0,0.0,40,United-States,<=50K
24,Private,181557.0,HS-grad,9,Never-married,Handlers-cleaners,Own-child,Black,Male,0.0,0.0,40,United-States,<=50K
31,Private,273324.0,Some-college,10,Never-married,Other-service,Own-child,White,Male,0.0,1721.0,16,United-States,<=50K
26,Private,195555.0,Bachelors,13,Never-married,Sales,Not-in-family,White,Female,0.0,0.0,40,United-States,<=50K
22,Private,236907.0,Some-college,10,Never-married,Handlers-cleaners,Own-child,White,Male,0.0,0.0,20,United-States,<=50K
61,Self-emp-not-inc,227119.0,HS-grad,9,Married-civ-spouse,Exec-managerial,Husband,White,Male,0.0,0.0,40,United-States,>50K
18,Private,126913.0,Some-college,10,Never-married,Other-service,Own-child,White,Female,0.0,0.0,12,United-States,<=50K
35,Private,105821.0,Assoc-voc,11,Married-civ-spouse,Adm-clerical,Husband,White,Male,0.0,0.0,36,United-States,<=50K
40,Private,90222.0,Some-college,10,Never-married,Sales,Not-in-family,White,Female,0.0,0.0,40,United-States,<=50K
34,Private,137088.0,HS-grad,9,Married-civ-spouse,Craft-repair,Other-relative,Amer-Indian-Eskimo,Male,0.0,0.0,40,United-States,<=50K
19,Private,163072.0,Some-college,10,Never-married,Sales,Own-child,White,Female,0.0,0.0,34,United-States,<=50K
19,Private,134664.0,HS-grad,9,Married-civ-spouse,Sales,Husband,White,Male,3781.0,0.0,40,United-States,<=50K
64,Private,86837.0,Preschool,1,Married-civ-spouse,Handlers-cleaners,Husband,Asian-Pac-Islander,Male,0.0,0.0,40,Philippines,<=50K
41,Private,105616.0,Some-college,10,Widowed,Adm-clerical,Unmarried,Black,Female,0.0,0.0,48,United-States,<=50K
42,Private,126701.0,Bachelors,13,Divorced,Adm-clerical,Unmarried,White,Male,9562.0,0.0,45,United-States,>50K
23,Private,117363.0,Bachelors,13,Never-married,Other-service,Not-in-family,White,Female,0.0,0.0,35,United-States,<=50K
51,Local-gov,154891.0,HS-grad,9,Divorced,Protective-serv,Unmarried,White,Male,0.0,0.0,52,United-States,<=50K
59,Federal-gov,115842.0,HS-grad,9,Married-civ-spouse,Prof-specialty,Husband,White,Male,0.0,0.0,40,United-States,<=50K
45,Private,97842.0,Some-college,10,Married-civ-spouse,Machine-op-inspct,Husband,White,Male,0.0,0.0,65,United-States,<=50K
42,Private,191342.0,Masters,14,Married-civ-spouse,Prof-specialty,Husband,Asian-Pac-Islander,Male,0.0,0.0,40,Taiwan,>50K
19,Private,188864.0,HS-grad,9,Never-married,Sales,Unmarried,Black,Female,0.0,0.0,20,United-States,<=50K
39,Private,191502.0,Assoc-voc,11,Married-civ-spouse,Craft-repair,Husband,White,Male,0.0,0.0,40,United-States,<=50K
39,Private,284166.0,Bachelors,13,Married-civ-spouse,Prof-specialty,Husband,White,Male,0.0,1902.0,50,United-States,>50K
47,Private,183186.0,Bachelors,13,Married-civ-spouse,Exec-managerial,Husband,White,Male,0.0,0.0,60,United-States,>50K
20,Private,379198.0,HS-grad,9,Never-married,Other-service,Other-relative,Other,Male,0.0,0.0,40,Mexico,<=50K
31,Private,230246.0,Bachelors,13,Never-married,Sales,Not-in-family,White,Male,0.0,0.0,40,United-States,<=50K
24,Federal-gov,219519.0,Some-college,10,Never-married,Adm-clerical,Own-child,Black,Female,0.0,0.0,40,United-States,<=50K
68,Private,236943.0,9th,5,Divorced,Farming-fishing,Not-in-family,Black,Male,0.0,0.0,20,United-States,<=50K
38,Self-emp-not-inc,64875.0,HS-grad,9,Divorced,Farming-fishing,Not-in-family,White,Male,0.0,0.0,50,United-States,<=50K
30,Private,114691.0,Bachelors,13,Never-married,Adm-clerical,Other-relative,White,Male,0.0,0.0,40,United-States,<=50K
46,Self-emp-inc,256909.0,HS-grad,9,Married-spouse-absent,Farming-fishing,Not-in-family,White,Male,3325.0,0.0,45,United-States,<=50K
47,Local-gov,209968.0,Bachelors,13,Married-civ-spouse,Prof-specialty,Husband,White,Male,7298.0,0.0,40,United-States,>50K
26,Private,226288.0,Bachelors,13,Never-married,Adm-clerical,Not-in-family,White,Male,0.0,0.0,40,United-States,<=50K
31,Private,236861.0,Some-college,10,Married-civ-spouse,Sales,Husband,White,Male,0.0,0.0,55,United-States,>50K
52,Private,189728.0,HS-grad,9,Separated,Priv-house-serv,Not-in-family,White,Female,0.0,0.0,50,United-States,<=50K
36,Private,374983.0,11th,7,Married-civ-spouse,Machine-op-inspct,Husband,White,Male,0.0,0.0,40,United-States,<=50K
34,Private,188736.0,HS-grad,9,Married-civ-spouse,Machine-op-inspct,Other-relative,Other,Female,0.0,0.0,20,Columbia,<=50K
26,Self-emp-not-inc,231714.0,HS-grad,9,Married-civ-spouse,Craft-repair,Husband,White,Male,0.0,0.0,40,United-States,<=50K
56,Private,186556.0,Some-college,10,Married-civ-spouse,Craft-repair,Husband,White,Male,0.0,0.0,50,United-States,>50K
44,Self-emp-inc,226027.0,Some-college,10,Married-civ-spouse,Exec-managerial,Husband,White,Male,0.0,0.0,60,United-States,<=50K
33,Private,93930.0,HS-grad,9,Never-married,Craft-repair,Not-in-family,White,Male,0.0,0.0,50,United-States,<=50K
42,Private,99373.0,HS-grad,9,Divorced,Machine-op-inspct,Not-in-family,White,Female,0.0,0.0,40,United-States,<=50K
46,Private,241350.0,Some-college,10,Never-married,Exec-managerial,Not-in-family,White,Male,8614.0,0.0,50,United-States,>50K
23,Private,230704.0,Some-college,10,Never-married,Handlers-cleaners,Own-child,Black,Male,0.0,0.0,22,United-States,<=50K
29,Private,196494.0,Some-college,10,Divorced,Handlers-cleaners,Unmarried,White,Female,0.0,0.0,36,United-States,<=50K
33,State-gov,400943.0,Masters,14,Married-civ-spouse,Prof-specialty,Husband,White,Male,0.0,0.0,50,United-States,>50K
20,Private,221480.0,Some-college,10,Never-married,Tech-support,Unmarried,White,Female,0.0,0.0,8,United-States,<=50K
29,Private,249463.0,HS-grad,9,Married-civ-spouse,Craft-repair,Husband,White,Male,0.0,0.0,50,United-States,<=50K
61,Private,86067.0,Assoc-acdm,12,Married-civ-spouse,Sales,Husband,White,Male,15024.0,0.0,40,United-States,>50K
72,Self-emp-not-inc,243769.0,Prof-school,15,Never-married,Prof-specialty,Not-in-family,White,Male,0.0,1429.0,20,United-States,<=50K
50,Self-emp-inc,209642.0,Some-college,10,Married-civ-spouse,Sales,Husband,White,Male,99999.0,0.0,55,United-States,>50K
40,Federal-gov,78036.0,Assoc-voc,11,Married-civ-spouse,Prof-specialty,Wife,White,Female,0.0,0.0,65,United-States,>50K
26,Private,109097.0,HS-grad,9,Divorced,Adm-clerical,Unmarried,White,Female,0.0,0.0,48,United-States,<=50K
19,Private,140985.0,Some-college,10,Never-married,Adm-clerical,Other-relative,White,Male,0.0,0.0,25,United-States,<=50K
48,Private,250648.0,Masters,14,Married-civ-spouse,Prof-specialty,Husband,White,Male,0.0,0.0,35,United-States,>50K
58,Private,310320.0,Bachelors,13,Married-civ-spouse,Exec-managerial,Husband,White,Male,0.0,0.0,40,United-States,>50K
60,Private,80574.0,HS-grad,9,Divorced,Other-service,Unmarried,White,Female,0.0,0.0,38,United-States,<=50K
28,Private,294936.0,HS-grad,9,Married-civ-spouse,Transport-moving,Husband,White,Male,4064.0,0.0,45,United-States,<=50K
61,Local-gov,77072.0,11th,7,Married-civ-spouse,Exec-managerial,Husband,White,Male,0.0,0.0,40,United-States,>50K
26,Private,206307.0,HS-grad,9,Married-civ-spouse,Craft-repair,Husband,White,Male,0.0,0.0,40,United-States,>50K
37,Private,22245.0,Some-college,10,Divorced,Sales,Not-in-family,White,Male,0.0,0.0,40,Outlying-US(Guam-USVI-etc),<=50K
25,Private,201579.0,9th,5,Never-married,Craft-repair,Not-in-family,White,Male,0.0,0.0,40,Mexico,<=50K
41,Private,421837.0,HS-grad,9,Married-civ-spouse,Transport-moving,Husband,White,Male,0.0,0.0,40,United-States,<=50K
29,Private,114224.0,Bachelors,13,Married-civ-spouse,Prof-specialty,Husband,White,Male,0.0,0.0,40,United-States,>50K
25,Private,200408.0,Assoc-acdm,12,Never-married,Craft-repair,Own-child,White,Male,0.0,0.0,40,United-States,<=50K
28,Private,189346.0,HS-grad,9,Divorced,Craft-repair,Not-in-family,White,Male,0.0,0.0,45,United-States,<=50K
58,Private,125317.0,Doctorate,16,Married-civ-spouse,Prof-specialty,Husband,White,Male,0.0,0.0,60,United-States,>50K
31,Private,139822.0,HS-grad,9,Married-civ-spouse,Adm-clerical,Wife,White,Female,0.0,0.0,40,United-States,>50K
47,Private,365516.0,Masters,14,Divorced,Prof-specialty,Unmarried,White,Female,0.0,0.0,40,United-States,<=50K
53,Private,290290.0,Some-college,10,Divorced,Prof-specialty,Not-in-family,White,Male,0.0,1590.0,50,United-States,<=50K
31,Self-emp-not-inc,108468.0,Prof-school,15,Married-civ-spouse,Prof-specialty,Husband,White,Male,0.0,0.0,60,United-States,>50K
46,Private,104632.0,HS-grad,9,Married-civ-spouse,Machine-op-inspct,Husband,Asian-Pac-Islander,Male,0.0,0.0,40,Cambodia,>50K
34,Self-emp-not-inc,260560.0,HS-grad,9,Never-married,Craft-repair,Not-in-family,White,Male,0.0,0.0,50,United-States,<=50K
29,Private,58522.0,HS-grad,9,Married-civ-spouse,Craft-repair,Husband,White,Male,0.0,0.0,40,United-States,<=50K
32,Private,126838.0,HS-grad,9,Never-married,Craft-repair,Not-in-family,White,Male,0.0,0.0,40,United-States,<=50K
44,Private,44006.0,Assoc-voc,11,Divorced,Transport-moving,Not-in-family,White,Male,0.0,0.0,40,United-States,<=50K
25,Private,176729.0,HS-grad,9,Married-civ-spouse,Craft-repair,Husband,White,Male,0.0,0.0,40,United-States,>50K
41,Local-gov,359259.0,HS-grad,9,Married-civ-spouse,Other-service,Husband,White,Male,0.0,0.0,40,United-States,<=50K
57,Private,303986.0,5th-6th,3,Never-married,Other-service,Not-in-family,White,Male,0.0,0.0,40,Cuba,<=50K
76,Private,328227.0,Bachelors,13,Married-civ-spouse,Adm-clerical,Husband,White,Male,5556.0,0.0,13,United-States,>50K
23,Private,149396.0,HS-grad,9,Never-married,Adm-clerical,Own-child,Black,Female,0.0,0.0,40,United-States,<=50K
39,Private,111268.0,Bachelors,13,Never-married,Adm-clerical,Own-child,White,Female,0.0,0.0,40,United-States,<=50K
56,Private,373216.0,HS-grad,9,Married-civ-spouse,Adm-clerical,Husband,White,Male,0.0,0.0,48,United-States,<=50K
61,Local-gov,149981.0,HS-grad,9,Widowed,Adm-clerical,Not-in-family,White,Female,0.0,0.0,40,United-States,<=50K
27,Private,217379.0,Some-college,10,Divorced,Prof-specialty,Own-child,White,Female,0.0,0.0,40,United-States,<=50K
41,Private,200479.0,HS-grad,9,Married-civ-spouse,Transport-moving,Husband,White,Male,0.0,0.0,40,United-States,<=50K
39,Private,357118.0,Bachelors,13,Never-married,Exec-managerial,Not-in-family,White,Female,0.0,1974.0,40,United-States,<=50K
40,Private,71305.0,HS-grad,9,Married-civ-spouse,Other-service,Husband,Black,Male,0.0,0.0,40,United-States,<=50K
30,State-gov,54318.0,11th,7,Married-civ-spouse,Transport-moving,Husband,White,Male,0.0,0.0,40,United-States,<=50K
25,Private,173593.0,Some-college,10,Never-married,Exec-managerial,Own-child,White,Male,0.0,0.0,75,United-States,<=50K
24,Private,155913.0,Bachelors,13,Married-civ-spouse,Prof-specialty,Husband,White,Male,0.0,0.0,44,United-States,<=50K
47,Private,246396.0,HS-grad,9,Married-civ-spouse,Adm-clerical,Husband,White,Male,0.0,0.0,40,Mexico,<=50K
25,Private,189850.0,Some-college,10,Never-married,Machine-op-inspct,Own-child,Black,Male,0.0,0.0,40,United-States,<=50K
72,Self-emp-inc,172407.0,Prof-school,15,Married-civ-spouse,Prof-specialty,Husband,White,Male,99999.0,0.0,50,United-States,>50K
47,Private,332465.0,Some-college,10,Divorced,Transport-moving,Unmarried,White,Male,0.0,0.0,40,United-States,<=50K
50,Private,63000.0,Some-college,10,Married-civ-spouse,Sales,Husband,White,Male,0.0,0.0,60,United-States,>50K
35,Private,239755.0,Some-college,10,Never-married,Sales,Unmarried,White,Male,0.0,0.0,50,United-States,<=50K
30,Self-emp-not-inc,55176.0,HS-grad,9,Married-civ-spouse,Craft-repair,Husband,White,Male,0.0,0.0,30,United-States,<=50K
41,Private,102332.0,HS-grad,9,Divorced,Sales,Unmarried,Black,Female,0.0,0.0,40,United-States,<=50K
54,Private,38795.0,9th,5,Separated,Craft-repair,Unmarried,White,Male,0.0,0.0,40,United-States,<=50K
23,Private,210053.0,Some-college,10,Never-married,Other-service,Not-in-family,White,Female,0.0,0.0,28,United-States,<=50K
24,Private,250647.0,Assoc-voc,11,Married-civ-spouse,Craft-repair,Husband,White,Male,0.0,0.0,40,Guatemala,<=50K
26,Private,276967.0,Some-college,10,Married-civ-spouse,Sales,Husband,White,Male,0.0,0.0,40,United-States,<=50K
50,Local-gov,50178.0,Some-college,10,Married-civ-spouse,Craft-repair,Husband,White,Male,4064.0,0.0,55,United-States,<=50K
39,Private,216552.0,Masters,14,Married-civ-spouse,Adm-clerical,Husband,White,Male,0.0,0.0,40,United-States,<=50K
18,Private,261720.0,HS-grad,9,Never-married,Adm-clerical,Not-in-family,White,Female,0.0,0.0,40,United-States,<=50K
21,Private,239577.0,Some-college,10,Never-married,Adm-clerical,Own-child,White,Male,0.0,0.0,40,United-States,<=50K
30,Local-gov,73796.0,Bachelors,13,Separated,Prof-specialty,Not-in-family,White,Female,0.0,0.0,40,United-States,<=50K
40,Private,216116.0,9th,5,Never-married,Machine-op-inspct,Unmarried,Black,Female,0.0,0.0,40,Haiti,<=50K
19,Private,456736.0,HS-grad,9,Never-married,Sales,Not-in-family,White,Male,2907.0,0.0,30,United-States,<=50K
42,Self-emp-inc,287037.0,12th,8,Divorced,Craft-repair,Not-in-family,White,Male,0.0,0.0,10,United-States,<=50K
50,Private,34832.0,Bachelors,13,Married-civ-spouse,Tech-support,Husband,White,Male,15024.0,0.0,40,United-States,>50K
41,Private,206948.0,Bachelors,13,Married-civ-spouse,Sales,Husband,White,Male,0.0,0.0,40,United-States,>50K
25,Private,75759.0,Some-college,10,Never-married,Adm-clerical,Not-in-family,White,Male,3325.0,0.0,40,United-States,<=50K
24,Private,403671.0,Some-college,10,Never-married,Machine-op-inspct,Not-in-family,White,Male,0.0,0.0,40,United-States,<=50K
22,Private,214399.0,Some-college,10,Never-married,Sales,Own-child,White,Female,0.0,0.0,15,United-States,<=50K
41,Private,187431.0,HS-grad,9,Never-married,Machine-op-inspct,Not-in-family,Black,Male,0.0,0.0,40,United-States,<=50K
35,Local-gov,182570.0,Assoc-acdm,12,Married-civ-spouse,Protective-serv,Husband,White,Male,0.0,0.0,40,United-States,>50K
61,Private,198078.0,HS-grad,9,Married-civ-spouse,Transport-moving,Husband,White,Male,0.0,0.0,40,United-States,>50K
50,Private,313546.0,HS-grad,9,Separated,Other-service,Unmarried,Black,Female,0.0,0.0,40,United-States,<=50K
53,Private,177647.0,Bachelors,13,Divorced,Exec-managerial,Unmarried,White,Male,0.0,0.0,40,United-States,<=50K
35,Private,216068.0,Assoc-acdm,12,Divorced,Tech-support,Unmarried,White,Female,0.0,0.0,40,United-States,<=50K
37,Private,80303.0,Some-college,10,Married-civ-spouse,Tech-support,Husband,White,Male,0.0,0.0,40,United-States,>50K
26,Self-emp-not-inc,33016.0,Assoc-voc,11,Divorced,Other-service,Unmarried,White,Female,0.0,0.0,55,United-States,<=50K
64,Private,187601.0,Some-college,10,Widowed,Adm-clerical,Not-in-family,White,Female,0.0,0.0,40,United-States,<=50K
45,Federal-gov,106910.0,HS-grad,9,Never-married,Transport-moving,Unmarried,Asian-Pac-Islander,Female,0.0,0.0,40,United-States,<=50K
34,Private,170017.0,HS-grad,9,Divorced,Craft-repair,Own-child,White,Male,0.0,0.0,40,United-States,<=50K
35,Private,267891.0,HS-grad,9,Married-civ-spouse,Other-service,Wife,White,Female,0.0,0.0,38,United-States,<=50K
18,Private,270544.0,12th,8,Never-married,Adm-clerical,Own-child,White,Female,0.0,0.0,30,United-States,<=50K
61,Private,147393.0,Prof-school,15,Married-civ-spouse,Exec-managerial,Husband,White,Male,0.0,0.0,20,United-States,<=50K
63,Private,85420.0,Some-college,10,Married-civ-spouse,Exec-managerial,Husband,White,Male,0.0,0.0,10,United-States,<=50K
58,Private,348430.0,HS-grad,9,Married-civ-spouse,Craft-repair,Husband,White,Male,0.0,0.0,40,United-States,>50K
23,Private,377121.0,Some-college,10,Never-married,Other-service,Unmarried,White,Female,0.0,0.0,25,United-States,<=50K
55,Private,109015.0,Bachelors,13,Divorced,Exec-managerial,Not-in-family,White,Female,0.0,1876.0,40,United-States,<=50K
53,Private,149784.0,Bachelors,13,Married-civ-spouse,Prof-specialty,Husband,White,Male,7688.0,0.0,40,United-States,>50K
28,Private,161538.0,Bachelors,13,Never-married,Tech-support,Not-in-family,White,Female,0.0,0.0,35,United-States,<=50K
59,Self-emp-not-inc,165315.0,Bachelors,13,Married-civ-spouse,Prof-specialty,Husband,White,Male,99999.0,0.0,43,United-States,>50K
40,Local-gov,303212.0,Bachelors,13,Married-civ-spouse,Prof-specialty,Husband,White,Male,0.0,0.0,40,United-States,>50K
70,Private,121993.0,HS-grad,9,Married-civ-spouse,Adm-clerical,Wife,White,Female,0.0,0.0,5,United-States,<=50K
36,Private,183279.0,HS-grad,9,Married-civ-spouse,Craft-repair,Husband,White,Male,0.0,0.0,40,United-States,<=50K
18,Private,414721.0,11th,7,Never-married,Other-service,Own-child,Black,Male,0.0,1602.0,23,United-States,<=50K
24,Private,420779.0,HS-grad,9,Married-civ-spouse,Farming-fishing,Husband,Black,Male,0.0,0.0,35,United-States,<=50K
22,Private,137320.0,HS-grad,9,Never-married,Craft-repair,Not-in-family,Black,Male,0.0,0.0,40,United-States,<=50K
32,Self-emp-not-inc,29254.0,Some-college,10,Married-civ-spouse,Farming-fishing,Husband,White,Male,0.0,0.0,50,United-States,>50K
53,Local-gov,293941.0,Bachelors,13,Married-civ-spouse,Prof-specialty,Husband,White,Male,0.0,0.0,40,United-States,<=50K
20,Private,74631.0,9th,5,Never-married,Other-service,Own-child,White,Female,0.0,0.0,40,United-States,<=50K
23,State-gov,170091.0,Some-college,10,Never-married,Prof-specialty,Own-child,White,Female,0.0,0.0,6,United-States,<=50K
34,Private,24361.0,Bachelors,13,Never-married,Prof-specialty,Not-in-family,White,Female,0.0,0.0,40,United-States,<=50K
38,Private,167482.0,Some-college,10,Married-civ-spouse,Craft-repair,Husband,White,Male,0.0,0.0,52,United-States,>50K
59,Private,138370.0,10th,6,Married-spouse-absent,Protective-serv,Not-in-family,Asian-Pac-Islander,Male,0.0,0.0,40,India,<=50K
41,Private,108681.0,Some-college,10,Married-civ-spouse,Adm-clerical,Wife,White,Female,0.0,0.0,40,United-States,<=50K
28,Private,87632.0,Some-college,10,Married-civ-spouse,Sales,Husband,White,Male,0.0,0.0,43,United-States,<=50K
29,Private,210945.0,11th,7,Separated,Other-service,Unmarried,Black,Female,0.0,0.0,40,United-States,<=50K
53,Private,231919.0,HS-grad,9,Married-civ-spouse,Machine-op-inspct,Husband,White,Male,0.0,0.0,45,United-States,<=50K
36,Private,101192.0,HS-grad,9,Married-civ-spouse,Craft-repair,Husband,White,Male,0.0,0.0,40,United-States,>50K
57,Private,180779.0,Bachelors,13,Married-civ-spouse,Prof-specialty,Husband,White,Male,7298.0,0.0,40,United-States,>50K
36,Private,29814.0,11th,7,Married-civ-spouse,Craft-repair,Husband,White,Male,0.0,0.0,40,United-States,<=50K
19,Private,160811.0,HS-grad,9,Never-married,Sales,Own-child,White,Male,0.0,0.0,38,United-States,<=50K
40,Private,151365.0,HS-grad,9,Divorced,Craft-repair,Not-in-family,White,Female,0.0,0.0,40,United-States,<=50K
45,Private,168038.0,Bachelors,13,Married-civ-spouse,Exec-managerial,Husband,White,Male,0.0,0.0,32,United-States,<=50K
27,Private,517000.0,Bachelors,13,Never-married,Adm-clerical,Not-in-family,White,Male,0.0,0.0,35,United-States,<=50K
24,Local-gov,38707.0,Bachelors,13,Never-married,Transport-moving,Own-child,White,Male,0.0,0.0,20,United-States,<=50K
31,Local-gov,164243.0,HS-grad,9,Married-civ-spouse,Protective-serv,Husband,White,Male,0.0,0.0,55,United-States,>50K
41,Private,172712.0,Bachelors,13,Divorced,Tech-support,Unmarried,White,Female,0.0,0.0,40,United-States,>50K
60,Private,26721.0,Some-college,10,Married-civ-spouse,Craft-repair,Husband,White,Male,0.0,0.0,40,United-States,<=50K
20,Private,431745.0,Some-college,10,Never-married,Adm-clerical,Not-in-family,Black,Female,0.0,0.0,14,United-States,<=50K
45,Private,34248.0,HS-grad,9,Married-civ-spouse,Sales,Husband,White,Male,0.0,0.0,50,United-States,<=50K
42,Private,126319.0,HS-grad,9,Never-married,Adm-clerical,Own-child,White,Female,0.0,0.0,35,United-States,<=50K
22,State-gov,124942.0,Some-college,10,Never-married,Other-service,Own-child,White,Male,0.0,0.0,45,United-States,<=50K
58,Private,96840.0,HS-grad,9,Widowed,Craft-repair,Unmarried,White,Female,0.0,0.0,37,United-States,<=50K
53,Private,97005.0,HS-grad,9,Married-civ-spouse,Craft-repair,Husband,White,Male,0.0,0.0,46,United-States,>50K
28,Private,68021.0,Some-college,10,Never-married,Other-service,Not-in-family,White,Female,0.0,0.0,30,United-States,<=50K
31,Self-emp-not-inc,181485.0,Bachelors,13,Never-married,Sales,Not-in-family,Black,Male,0.0,0.0,40,United-States,>50K
35,Private,105994.0,11th,7,Never-married,Machine-op-inspct,Not-in-family,White,Female,0.0,0.0,40,United-States,<=50K
18,Private,176136.0,HS-grad,9,Never-married,Sales,Own-child,White,Male,0.0,0.0,35,United-States,<=50K
59,Private,43221.0,Some-college,10,Married-civ-spouse,Craft-repair,Husband,White,Male,0.0,0.0,43,United-States,>50K
35,Private,283122.0,Some-college,10,Married-civ-spouse,Tech-support,Husband,White,Male,0.0,0.0,45,United-States,<=50K
26,Private,132661.0,HS-grad,9,Married-civ-spouse,Exec-managerial,Wife,White,Female,5013.0,0.0,40,United-States,<=50K
32,Private,296466.0,HS-grad,9,Married-civ-spouse,Machine-op-inspct,Husband,White,Male,0.0,0.0,50,United-States,>50K
31,Private,235389.0,7th-8th,4,Never-married,Handlers-cleaners,Not-in-family,White,Female,0.0,0.0,30,Portugal,<=50K
19,Private,277974.0,Some-college,10,Never-married,Sales,Own-child,White,Male,0.0,0.0,35,United-States,<=50K
46,Local-gov,215895.0,Bachelors,13,Married-civ-spouse,Protective-serv,Husband,White,Male,0.0,0.0,40,United-States,>50K
17,Private,117477.0,10th,6,Never-married,Other-service,Own-child,White,Male,0.0,0.0,40,United-States,<=50K
47,Private,345493.0,Prof-school,15,Married-civ-spouse,Prof-specialty,Husband,Asian-Pac-Islander,Male,99999.0,0.0,55,Taiwan,>50K
26,Private,128553.0,Some-college,10,Never-married,Exec-managerial,Own-child,Black,Female,0.0,0.0,40,United-States,<=50K
63,Private,308028.0,Masters,14,Married-civ-spouse,Tech-support,Husband,White,Male,5013.0,0.0,40,United-States,<=50K
41,Private,165309.0,Bachelors,13,Divorced,Adm-clerical,Unmarried,White,Female,0.0,0.0,40,United-States,<=50K
45,Self-emp-not-inc,216999.0,HS-grad,9,Married-civ-spouse,Exec-managerial,Husband,White,Male,0.0,0.0,40,United-States,<=50K
40,Local-gov,233891.0,HS-grad,9,Never-married,Adm-clerical,Unmarried,Black,Female,0.0,0.0,35,United-States,<=50K
27,Private,152951.0,HS-grad,9,Married-civ-spouse,Craft-repair,Husband,White,Male,0.0,0.0,40,United-States,<=50K
28,Private,100219.0,HS-grad,9,Never-married,Machine-op-inspct,Own-child,White,Male,0.0,0.0,45,United-States,<=50K
47,Private,181652.0,HS-grad,9,Married-civ-spouse,Machine-op-inspct,Wife,White,Female,0.0,0.0,40,United-States,<=50K
55,Private,189933.0,10th,6,Married-civ-spouse,Craft-repair,Husband,White,Male,0.0,0.0,40,United-States,<=50K
35,Private,189623.0,Doctorate,16,Married-civ-spouse,Exec-managerial,Husband,White,Male,0.0,0.0,45,United-States,>50K
26,Private,248612.0,Bachelors,13,Never-married,Exec-managerial,Not-in-family,White,Male,0.0,0.0,70,United-States,>50K
22,Private,162343.0,Some-college,10,Never-married,Adm-clerical,Other-relative,Black,Male,0.0,0.0,22,United-States,<=50K
35,Private,410034.0,Some-college,10,Divorced,Sales,Not-in-family,White,Male,0.0,0.0,50,United-States,<=50K
32,Federal-gov,177855.0,HS-grad,9,Married-civ-spouse,Craft-repair,Husband,White,Male,0.0,0.0,55,United-States,>50K
26,Private,60726.0,Masters,14,Never-married,Exec-managerial,Not-in-family,Black,Male,6849.0,0.0,50,United-States,<=50K
33,Private,183612.0,HS-grad,9,Married-civ-spouse,Transport-moving,Husband,White,Male,0.0,0.0,20,United-States,<=50K
38,Private,217926.0,HS-grad,9,Married-civ-spouse,Craft-repair,Husband,Black,Male,0.0,0.0,40,United-States,<=50K
18,Private,142647.0,Some-college,10,Never-married,Other-service,Own-child,White,Female,0.0,0.0,20,United-States,<=50K
30,Private,92531.0,Bachelors,13,Married-civ-spouse,Adm-clerical,Husband,White,Male,0.0,0.0,40,United-States,>50K
31,Private,97723.0,Assoc-acdm,12,Married-civ-spouse,Craft-repair,Husband,White,Male,0.0,0.0,40,United-States,>50K
25,Private,290441.0,Assoc-acdm,12,Never-married,Adm-clerical,Not-in-family,Black,Female,0.0,0.0,40,United-States,<=50K
29,Private,129528.0,Bachelors,13,Never-married,Prof-specialty,Not-in-family,White,Female,0.0,0.0,40,United-States,<=50K
42,Private,144056.0,Assoc-voc,11,Married-civ-spouse,Craft-repair,Husband,Amer-Indian-Eskimo,Male,0.0,0.0,40,United-States,>50K
21,Private,234108.0,HS-grad,9,Never-married,Sales,Not-in-family,White,Male,0.0,0.0,40,United-States,<=50K
22,State-gov,199266.0,Some-college,10,Never-married,Adm-clerical,Not-in-family,White,Female,0.0,0.0,17,United-States,<=50K
27,Private,214858.0,10th,6,Married-civ-spouse,Craft-repair,Other-relative,White,Male,0.0,0.0,55,United-States,<=50K
46,Local-gov,170092.0,Masters,14,Never-married,Prof-specialty,Not-in-family,White,Female,0.0,0.0,43,United-States,<=50K
52,Private,233149.0,Masters,14,Married-civ-spouse,Sales,Husband,White,Male,15024.0,0.0,40,United-States,>50K
29,Private,154236.0,HS-grad,9,Married-civ-spouse,Machine-op-inspct,Husband,White,Male,4386.0,0.0,58,United-States,>50K
42,Private,113324.0,HS-grad,9,Widowed,Sales,Unmarried,White,Male,0.0,0.0,40,United-States,<=50K
45,State-gov,252208.0,HS-grad,9,Separated,Adm-clerical,Own-child,White,Female,0.0,0.0,40,United-States,<=50K
44,Private,164678.0,Masters,14,Married-civ-spouse,Prof-specialty,Wife,White,Female,0.0,0.0,45,United-States,<=50K
33,Private,158800.0,Bachelors,13,Married-civ-spouse,Prof-specialty,Husband,White,Male,0.0,0.0,40,United-States,>50K
22,Private,37932.0,Some-college,10,Never-married,Sales,Not-in-family,White,Male,0.0,0.0,25,United-States,<=50K
39,Private,74194.0,HS-grad,9,Never-married,Farming-fishing,Unmarried,White,Male,0.0,0.0,40,United-States,<=50K
25,Private,192302.0,Bachelors,13,Never-married,Exec-managerial,Not-in-family,White,Female,0.0,0.0,60,United-States,<=50K
32,Self-emp-inc,281030.0,HS-grad,9,Never-married,Craft-repair,Not-in-family,White,Male,0.0,0.0,40,United-States,<=50K
25,Private,102476.0,Bachelors,13,Never-married,Farming-fishing,Own-child,White,Male,27828.0,0.0,50,United-States,>50K
34,Private,183473.0,HS-grad,9,Divorced,Transport-moving,Own-child,White,Female,0.0,0.0,40,United-States,<=50K
39,Private,115289.0,Some-college,10,Divorced,Sales,Own-child,White,Male,0.0,1380.0,70,United-States,<=50K
17,Private,202521.0,10th,6,Never-married,Other-service,Own-child,White,Male,0.0,0.0,15,United-States,<=50K
24,Private,179627.0,HS-grad,9,Married-civ-spouse,Machine-op-inspct,Husband,White,Male,0.0,0.0,40,United-States,<=50K
53,Private,56213.0,Some-college,10,Married-civ-spouse,Exec-managerial,Husband,White,Male,0.0,0.0,45,United-States,>50K
38,Local-gov,116608.0,HS-grad,9,Married-civ-spouse,Adm-clerical,Wife,White,Female,0.0,0.0,35,United-States,>50K
44,Private,180383.0,Some-college,10,Married-civ-spouse,Handlers-cleaners,Husband,White,Male,0.0,0.0,60,United-States,<=50K
24,Private,183594.0,Assoc-voc,11,Never-married,Craft-repair,Own-child,White,Male,0.0,0.0,20,United-States,<=50K
48,Private,85384.0,Bachelors,13,Married-civ-spouse,Exec-managerial,Husband,White,Male,7688.0,0.0,40,United-States,>50K
32,Local-gov,56658.0,HS-grad,9,Never-married,Transport-moving,Not-in-family,Amer-Indian-Eskimo,Male,0.0,0.0,40,United-States,<=50K
46,Self-emp-inc,40666.0,HS-grad,9,Married-civ-spouse,Farming-fishing,Husband,White,Male,15024.0,0.0,40,United-States,>50K
41,Private,120277.0,Bachelors,13,Never-married,Craft-repair,Not-in-family,White,Male,0.0,0.0,40,United-States,<=50K
45,Private,102147.0,Assoc-voc,11,Divorced,Exec-managerial,Not-in-family,White,Male,0.0,0.0,40,United-States,>50K
50,State-gov,53497.0,Masters,14,Married-civ-spouse,Prof-specialty,Husband,White,Male,0.0,0.0,46,United-States,>50K
73,Self-emp-not-inc,214498.0,7th-8th,4,Married-civ-spouse,Farming-fishing,Husband,White,Male,0.0,0.0,12,United-States,<=50K
32,Private,131425.0,Bachelors,13,Married-civ-spouse,Machine-op-inspct,Husband,White,Male,0.0,0.0,50,United-States,<=50K
26,Private,192652.0,Bachelors,13,Never-married,Exec-managerial,Not-in-family,White,Male,0.0,0.0,20,United-States,<=50K
28,Local-gov,336543.0,Assoc-acdm,12,Married-civ-spouse,Protective-serv,Husband,Asian-Pac-Islander,Male,0.0,0.0,40,Hong,>50K
64,Private,234570.0,Some-college,10,Married-civ-spouse,Adm-clerical,Husband,White,Male,0.0,0.0,40,United-States,<=50K
29,Federal-gov,114072.0,Some-college,10,Married-civ-spouse,Protective-serv,Husband,White,Male,0.0,0.0,46,United-States,>50K
32,Private,42596.0,HS-grad,9,Married-civ-spouse,Craft-repair,Husband,White,Male,0.0,0.0,48,United-States,<=50K
21,Private,194861.0,HS-grad,9,Never-married,Machine-op-inspct,Own-child,White,Male,0.0,0.0,40,United-States,<=50K
23,Private,308924.0,HS-grad,9,Married-civ-spouse,Craft-repair,Other-relative,White,Male,0.0,0.0,40,United-States,<=50K
63,Private,143098.0,HS-grad,9,Married-civ-spouse,Sales,Husband,White,Male,4064.0,0.0,40,United-States,<=50K
19,Private,118306.0,HS-grad,9,Never-married,Handlers-cleaners,Own-child,White,Male,0.0,0.0,40,United-States,<=50K
30,Private,151868.0,9th,5,Married-civ-spouse,Craft-repair,Husband,White,Male,0.0,0.0,40,United-States,<=50K
34,Local-gov,62463.0,Some-college,10,Married-civ-spouse,Transport-moving,Husband,White,Male,0.0,1579.0,40,United-States,<=50K
63,Local-gov,150079.0,HS-grad,9,Married-civ-spouse,Adm-clerical,Wife,White,Female,0.0,0.0,35,United-States,>50K
35,Private,188243.0,HS-grad,9,Divorced,Machine-op-inspct,Unmarried,White,Female,0.0,0.0,48,United-States,<=50K
30,Private,100135.0,Bachelors,13,Never-married,Sales,Other-relative,White,Female,0.0,0.0,40,United-States,<=50K
58,Federal-gov,298643.0,HS-grad,9,Divorced,Adm-clerical,Unmarried,Black,Female,0.0,0.0,40,United-States,<=50K
61,Private,193479.0,HS-grad,9,Widowed,Adm-clerical,Unmarried,White,Female,0.0,0.0,24,United-States,<=50K
71,Private,150943.0,Bachelors,13,Widowed,Exec-managerial,Other-relative,White,Female,0.0,0.0,40,United-States,<=50K
61,Private,328881.0,Bachelors,13,Married-civ-spouse,Prof-specialty,Husband,White,Male,0.0,1902.0,40,United-States,>50K
27,Private,181659.0,HS-grad,9,Married-civ-spouse,Machine-op-inspct,Husband,White,Male,0.0,0.0,40,United-States,<=50K
35,Private,195253.0,Some-college,10,Married-civ-spouse,Exec-managerial,Husband,White,Male,0.0,0.0,60,United-States,<=50K
66,Private,133884.0,HS-grad,9,Widowed,Craft-repair,Not-in-family,White,Male,0.0,0.0,40,United-States,<=50K
33,Private,155343.0,HS-grad,9,Never-married,Machine-op-inspct,Unmarried,White,Male,0.0,0.0,40,United-States,<=50K
38,Self-emp-inc,116608.0,Some-college,10,Married-civ-spouse,Other-service,Wife,White,Female,0.0,0.0,20,United-States,>50K
33,Private,176410.0,Masters,14,Married-civ-spouse,Prof-specialty,Wife,White,Female,5178.0,0.0,10,United-States,>50K
22,Private,460835.0,HS-grad,9,Never-married,Craft-repair,Own-child,White,Male,0.0,0.0,55,United-States,<=50K
39,Private,306504.0,HS-grad,9,Married-civ-spouse,Transport-moving,Husband,White,Male,0.0,0.0,40,United-States,<=50K
29,Private,270421.0,Bachelors,13,Married-civ-spouse,Craft-repair,Husband,White,Male,0.0,0.0,50,United-States,>50K
56,Self-emp-not-inc,222182.0,HS-grad,9,Married-civ-spouse,Exec-managerial,Husband,Black,Male,0.0,0.0,45,United-States,<=50K
34,Private,191385.0,HS-grad,9,Married-civ-spouse,Machine-op-inspct,Husband,White,Male,0.0,0.0,48,United-States,<=50K
47,Private,219054.0,HS-grad,9,Divorced,Other-service,Unmarried,Black,Female,0.0,0.0,40,United-States,<=50K
64,Self-emp-not-inc,352712.0,Assoc-voc,11,Married-civ-spouse,Farming-fishing,Husband,White,Male,0.0,0.0,55,United-States,<=50K
26,Self-emp-inc,79078.0,HS-grad,9,Never-married,Farming-fishing,Not-in-family,White,Male,0.0,0.0,50,United-States,<=50K
35,Private,168322.0,11th,7,Married-civ-spouse,Farming-fishing,Husband,White,Male,0.0,0.0,40,United-States,<=50K
46,Self-emp-not-inc,317253.0,HS-grad,9,Married-civ-spouse,Craft-repair,Husband,White,Male,0.0,0.0,25,United-States,<=50K
44,State-gov,484879.0,Bachelors,13,Separated,Prof-specialty,Unmarried,White,Female,0.0,0.0,40,United-States,<=50K
22,Private,237386.0,Assoc-voc,11,Never-married,Prof-specialty,Not-in-family,White,Male,0.0,0.0,50,United-States,<=50K
40,Private,199689.0,HS-grad,9,Divorced,Other-service,Not-in-family,White,Female,0.0,0.0,40,United-States,<=50K
31,Private,33117.0,HS-grad,9,Divorced,Exec-managerial,Not-in-family,White,Male,0.0,0.0,50,United-States,<=50K
22,Private,332194.0,Some-college,10,Never-married,Other-service,Own-child,Black,Male,0.0,0.0,40,United-States,<=50K
42,Private,44121.0,Masters,14,Divorced,Prof-specialty,Not-in-family,White,Female,0.0,1876.0,40,United-States,<=50K
29,Private,264961.0,HS-grad,9,Never-married,Craft-repair,Own-child,White,Male,0.0,0.0,45,United-States,<=50K
49,Private,195554.0,HS-grad,9,Married-civ-spouse,Transport-moving,Husband,White,Male,0.0,0.0,44,United-States,<=50K
20,Private,119742.0,HS-grad,9,Never-married,Prof-specialty,Own-child,White,Female,0.0,0.0,35,United-States,<=50K
17,Private,153021.0,12th,8,Never-married,Sales,Own-child,White,Female,0.0,0.0,20,United-States,<=50K
62,Private,271431.0,9th,5,Married-civ-spouse,Other-service,Husband,Black,Male,0.0,0.0,42,United-States,<=50K
32,Local-gov,40444.0,Masters,14,Never-married,Prof-specialty,Not-in-family,White,Male,0.0,0.0,50,United-States,<=50K
23,Private,174754.0,Some-college,10,Never-married,Sales,Not-in-family,White,Female,0.0,0.0,30,United-States,<=50K
41,Private,67339.0,11th,7,Married-civ-spouse,Handlers-cleaners,Husband,White,Male,7688.0,0.0,40,United-States,>50K
61,Private,170262.0,HS-grad,9,Married-civ-spouse,Exec-managerial,Wife,White,Female,15024.0,0.0,38,United-States,>50K
31,Private,106347.0,11th,7,Separated,Other-service,Not-in-family,Black,Female,0.0,0.0,42,United-States,<=50K
27,Private,208725.0,Assoc-acdm,12,Never-married,Sales,Not-in-family,White,Male,0.0,0.0,42,United-States,<=50K
38,Private,224566.0,Assoc-voc,11,Married-civ-spouse,Handlers-cleaners,Husband,White,Male,0.0,0.0,50,United-States,<=50K
28,Private,286452.0,10th,6,Never-married,Machine-op-inspct,Unmarried,White,Female,0.0,0.0,40,United-States,<=50K
35,Private,180419.0,HS-grad,9,Never-married,Machine-op-inspct,Not-in-family,White,Male,0.0,0.0,40,United-States,<=50K
55,Private,325007.0,Assoc-acdm,12,Married-civ-spouse,Tech-support,Husband,White,Male,0.0,0.0,25,United-States,<=50K
44,Private,98779.0,10th,6,Married-civ-spouse,Machine-op-inspct,Husband,White,Male,4386.0,0.0,60,United-States,<=50K
41,Private,204662.0,Masters,14,Married-civ-spouse,Exec-managerial,Husband,White,Male,0.0,0.0,45,United-States,>50K
35,Private,215419.0,Some-college,10,Divorced,Adm-clerical,Not-in-family,White,Female,0.0,0.0,45,United-States,<=50K
31,Private,446358.0,Some-college,10,Married-civ-spouse,Machine-op-inspct,Husband,White,Male,0.0,0.0,40,Mexico,<=50K
40,Private,197344.0,Bachelors,13,Married-civ-spouse,Exec-managerial,Husband,White,Male,0.0,0.0,65,United-States,>50K
23,Private,160968.0,Some-college,10,Never-married,Prof-specialty,Own-child,White,Male,0.0,0.0,10,United-States,<=50K
41,Self-emp-not-inc,193459.0,Some-college,10,Married-civ-spouse,Craft-repair,Husband,White,Male,0.0,0.0,50,United-States,<=50K
47,Self-emp-not-inc,117310.0,HS-grad,9,Never-married,Other-service,Not-in-family,White,Female,0.0,1876.0,48,United-States,<=50K
43,Private,209149.0,HS-grad,9,Divorced,Other-service,Not-in-family,White,Female,0.0,0.0,35,United-States,<=50K
31,Local-gov,220669.0,Bachelors,13,Never-married,Prof-specialty,Own-child,White,Female,6849.0,0.0,40,United-States,<=50K
23,Private,238917.0,5th-6th,3,Never-married,Handlers-cleaners,Other-relative,White,Male,0.0,0.0,40,El-Salvador,<=50K
28,Private,161087.0,Some-college,10,Never-married,Exec-managerial,Not-in-family,Black,Female,0.0,0.0,45,Jamaica,<=50K
17,Private,452406.0,11th,7,Never-married,Sales,Own-child,Black,Female,0.0,0.0,15,United-States,<=50K
59,Private,142326.0,Assoc-voc,11,Divorced,Adm-clerical,Not-in-family,White,Female,0.0,0.0,40,United-States,<=50K
46,Private,117310.0,Assoc-acdm,12,Widowed,Tech-support,Unmarried,White,Female,6497.0,0.0,40,United-States,<=50K
38,Private,132879.0,Bachelors,13,Married-civ-spouse,Exec-managerial,Husband,White,Male,0.0,0.0,40,United-States,>50K
38,Private,222450.0,5th-6th,3,Married-civ-spouse,Machine-op-inspct,Husband,White,Male,0.0,0.0,40,Mexico,<=50K
46,Private,186820.0,Some-college,10,Married-civ-spouse,Other-service,Wife,White,Female,5013.0,0.0,40,United-States,<=50K
36,Self-emp-not-inc,111957.0,Some-college,10,Married-civ-spouse,Exec-managerial,Husband,White,Male,0.0,0.0,52,United-States,<=50K
56,Private,118993.0,HS-grad,9,Never-married,Adm-clerical,Other-relative,White,Female,0.0,0.0,40,United-States,<=50K
38,Private,247506.0,HS-grad,9,Married-civ-spouse,Craft-repair,Husband,White,Male,0.0,0.0,40,United-States,<=50K
45,Private,170092.0,Some-college,10,Divorced,Other-service,Not-in-family,White,Female,0.0,0.0,50,United-States,<=50K
50,Self-emp-not-inc,93705.0,Some-college,10,Divorced,Sales,Not-in-family,White,Female,0.0,0.0,40,United-States,<=50K
35,Private,310290.0,HS-grad,9,Married-civ-spouse,Transport-moving,Wife,Black,Female,0.0,0.0,40,United-States,<=50K
51,State-gov,196504.0,HS-grad,9,Divorced,Craft-repair,Unmarried,White,Male,0.0,0.0,38,United-States,<=50K
61,Private,149648.0,11th,7,Widowed,Machine-op-inspct,Not-in-family,White,Female,0.0,0.0,40,United-States,<=50K
68,Private,192829.0,Assoc-acdm,12,Divorced,Exec-managerial,Not-in-family,White,Female,0.0,0.0,43,United-States,<=50K
45,Private,102308.0,Masters,14,Married-civ-spouse,Exec-managerial,Husband,White,Male,15024.0,0.0,60,United-States,>50K
44,Local-gov,323790.0,Bachelors,13,Married-civ-spouse,Protective-serv,Husband,White,Male,0.0,0.0,40,United-States,>50K
39,Private,237943.0,HS-grad,9,Divorced,Machine-op-inspct,Unmarried,White,Male,0.0,1726.0,40,United-States,<=50K
53,Private,95647.0,9th,5,Married-civ-spouse,Handlers-cleaners,Husband,White,Male,0.0,0.0,50,United-States,<=50K
28,Local-gov,175262.0,Assoc-acdm,12,Married-civ-spouse,Protective-serv,Husband,White,Male,0.0,2002.0,40,England,<=50K
64,Private,151364.0,Some-college,10,Never-married,Adm-clerical,Not-in-family,White,Female,0.0,0.0,40,United-States,<=50K
49,Self-emp-not-inc,56841.0,Bachelors,13,Married-civ-spouse,Farming-fishing,Husband,White,Male,0.0,0.0,70,United-States,<=50K
69,State-gov,170458.0,HS-grad,9,Married-civ-spouse,Other-service,Husband,White,Male,0.0,0.0,20,United-States,<=50K
22,Self-emp-inc,150683.0,HS-grad,9,Never-married,Machine-op-inspct,Own-child,White,Male,0.0,0.0,24,United-States,<=50K
54,Private,169182.0,HS-grad,9,Separated,Adm-clerical,Unmarried,White,Female,0.0,0.0,38,Puerto-Rico,<=50K
24,Private,175778.0,Bachelors,13,Never-married,Exec-managerial,Not-in-family,White,Female,0.0,0.0,40,United-States,<=50K
35,Self-emp-inc,368825.0,Some-college,10,Married-civ-spouse,Sales,Husband,White,Male,0.0,0.0,60,United-States,>50K
47,Private,202395.0,7th-8th,4,Married-civ-spouse,Transport-moving,Husband,White,Male,0.0,0.0,40,United-States,<=50K
33,Private,189368.0,Some-college,10,Married-civ-spouse,Transport-moving,Husband,Black,Male,0.0,0.0,40,United-States,>50K
30,Private,196385.0,Some-college,10,Married-civ-spouse,Craft-repair,Husband,White,Male,0.0,0.0,45,United-States,>50K
30,Private,289293.0,12th,8,Married-civ-spouse,Craft-repair,Husband,White,Male,3908.0,0.0,40,Dominican-Republic,<=50K
40,Self-emp-not-inc,29036.0,Some-college,10,Never-married,Machine-op-inspct,Not-in-family,White,Male,0.0,0.0,35,United-States,<=50K
30,Private,298871.0,Masters,14,Married-civ-spouse,Prof-specialty,Husband,Asian-Pac-Islander,Male,0.0,1887.0,45,Iran,>50K
22,Private,236769.0,Bachelors,13,Never-married,Prof-specialty,Not-in-family,White,Male,0.0,0.0,20,England,<=50K
38,Private,343403.0,Assoc-acdm,12,Divorced,Adm-clerical,Not-in-family,White,Female,0.0,0.0,16,United-States,<=50K
39,Private,51100.0,HS-grad,9,Married-civ-spouse,Transport-moving,Husband,White,Male,0.0,0.0,40,United-States,>50K
41,Private,152742.0,Assoc-voc,11,Divorced,Tech-support,Not-in-family,White,Female,3325.0,0.0,40,United-States,<=50K
68,Federal-gov,232151.0,Some-college,10,Divorced,Adm-clerical,Other-relative,Black,Female,2346.0,0.0,40,United-States,<=50K
47,Private,141511.0,Doctorate,16,Married-civ-spouse,Prof-specialty,Husband,White,Male,0.0,0.0,60,United-States,>50K
41,Self-emp-not-inc,134724.0,Assoc-voc,11,Married-civ-spouse,Other-service,Wife,White,Female,3103.0,0.0,40,United-States,>50K
51,Private,263836.0,HS-grad,9,Widowed,Handlers-cleaners,Not-in-family,White,Male,0.0,0.0,30,United-States,<=50K
35,Private,115803.0,11th,7,Divorced,Transport-moving,Not-in-family,White,Male,0.0,0.0,40,United-States,<=50K
60,Private,180632.0,12th,8,Divorced,Farming-fishing,Not-in-family,White,Male,0.0,0.0,40,United-States,<=50K
56,Self-emp-inc,98418.0,Prof-school,15,Married-civ-spouse,Prof-specialty,Husband,White,Male,99999.0,0.0,40,United-States,>50K
18,Self-emp-not-inc,68073.0,11th,7,Never-married,Adm-clerical,Own-child,White,Female,0.0,0.0,20,United-States,<=50K
45,Private,154430.0,Bachelors,13,Widowed,Prof-specialty,Not-in-family,White,Female,10520.0,0.0,50,United-States,>50K
29,Private,263300.0,HS-grad,9,Separated,Priv-house-serv,Unmarried,Black,Female,0.0,0.0,55,United-States,<=50K
33,Local-gov,119829.0,HS-grad,9,Married-civ-spouse,Adm-clerical,Wife,White,Female,0.0,0.0,60,United-States,<=50K
60,Self-emp-not-inc,89884.0,HS-grad,9,Married-civ-spouse,Sales,Husband,White,Male,0.0,0.0,50,United-States,<=50K
29,Private,199116.0,HS-grad,9,Married-civ-spouse,Machine-op-inspct,Husband,White,Male,0.0,0.0,40,Puerto-Rico,<=50K
46,Federal-gov,340718.0,11th,7,Widowed,Adm-clerical,Not-in-family,White,Female,0.0,0.0,40,United-States,<=50K
35,State-gov,49352.0,Some-college,10,Never-married,Adm-clerical,Own-child,White,Female,0.0,0.0,38,United-States,<=50K
41,Private,181020.0,HS-grad,9,Divorced,Handlers-cleaners,Unmarried,White,Female,0.0,0.0,40,United-States,<=50K
61,Private,159822.0,7th-8th,4,Married-civ-spouse,Craft-repair,Husband,White,Male,7688.0,0.0,40,Poland,>50K
24,Private,324445.0,HS-grad,9,Never-married,Machine-op-inspct,Not-in-family,White,Female,0.0,0.0,40,United-States,<=50K
35,Private,33975.0,Masters,14,Never-married,Prof-specialty,Not-in-family,White,Male,0.0,0.0,45,United-States,>50K
86,Private,149912.0,Masters,14,Never-married,Adm-clerical,Not-in-family,White,Female,0.0,0.0,40,United-States,<=50K
30,Private,27856.0,HS-grad,9,Married-civ-spouse,Adm-clerical,Wife,White,Female,0.0,0.0,40,United-States,<=50K
49,Private,176814.0,Some-college,10,Married-civ-spouse,Craft-repair,Husband,White,Male,0.0,0.0,50,Canada,<=50K
27,Private,213225.0,Bachelors,13,Married-civ-spouse,Prof-specialty,Wife,White,Female,7298.0,0.0,45,England,>50K
39,Self-emp-inc,126675.0,Some-college,10,Married-civ-spouse,Prof-specialty,Husband,White,Male,0.0,0.0,25,United-States,<=50K
34,State-gov,103371.0,Assoc-voc,11,Never-married,Adm-clerical,Unmarried,White,Female,0.0,0.0,40,United-States,<=50K
37,Private,323155.0,1st-4th,2,Married-civ-spouse,Farming-fishing,Husband,White,Male,0.0,0.0,85,Mexico,<=50K
22,Self-emp-inc,269583.0,7th-8th,4,Married-civ-spouse,Craft-repair,Husband,White,Male,2580.0,0.0,40,United-States,<=50K
32,State-gov,117927.0,Some-college,10,Never-married,Adm-clerical,Not-in-family,Black,Female,0.0,0.0,40,United-States,<=50K
31,Private,193650.0,11th,7,Divorced,Other-service,Not-in-family,White,Female,0.0,0.0,40,United-States,<=50K
24,Private,24243.0,HS-grad,9,Never-married,Craft-repair,Not-in-family,White,Male,0.0,1590.0,40,United-States,<=50K
31,Self-emp-inc,344275.0,HS-grad,9,Never-married,Craft-repair,Not-in-family,White,Male,0.0,0.0,44,United-States,<=50K
57,Private,195176.0,Masters,14,Never-married,Prof-specialty,Not-in-family,White,Male,0.0,0.0,80,United-States,<=50K
39,Private,191137.0,Some-college,10,Never-married,Craft-repair,Own-child,White,Male,0.0,0.0,40,United-States,<=50K
30,Private,381030.0,Some-college,10,Never-married,Craft-repair,Not-in-family,Black,Male,0.0,0.0,40,United-States,<=50K
24,Private,216129.0,HS-grad,9,Never-married,Craft-repair,Own-child,White,Male,0.0,1408.0,50,United-States,<=50K
41,Self-emp-not-inc,201908.0,Some-college,10,Married-civ-spouse,Craft-repair,Husband,White,Male,0.0,0.0,40,United-States,<=50K
36,Private,123151.0,11th,7,Married-civ-spouse,Craft-repair,Husband,White,Male,0.0,0.0,60,United-States,<=50K
33,Private,553405.0,Assoc-voc,11,Never-married,Sales,Own-child,White,Male,0.0,0.0,40,United-States,<=50K
36,Private,169426.0,HS-grad,9,Married-civ-spouse,Machine-op-inspct,Husband,White,Male,7298.0,0.0,40,United-States,>50K
28,Self-emp-not-inc,146949.0,10th,6,Never-married,Sales,Own-child,White,Male,0.0,0.0,80,United-States,<=50K
47,Federal-gov,380127.0,HS-grad,9,Never-married,Exec-managerial,Not-in-family,White,Female,0.0,0.0,40,United-States,<=50K
26,Private,210982.0,Assoc-voc,11,Separated,Adm-clerical,Unmarried,Black,Female,114.0,0.0,40,United-States,<=50K
42,Private,177989.0,HS-grad,9,Married-civ-spouse,Transport-moving,Husband,White,Male,0.0,0.0,40,United-States,<=50K
63,Private,134699.0,HS-grad,9,Widowed,Prof-specialty,Not-in-family,White,Female,0.0,0.0,25,United-States,<=50K
19,Private,47235.0,Some-college,10,Never-married,Other-service,Not-in-family,White,Female,0.0,0.0,75,United-States,<=50K
32,Private,184207.0,HS-grad,9,Divorced,Craft-repair,Not-in-family,White,Male,0.0,0.0,40,United-States,<=50K
47,Private,304857.0,Masters,14,Separated,Tech-support,Not-in-family,White,Male,27828.0,0.0,40,United-States,>50K
46,Private,133169.0,Assoc-voc,11,Married-civ-spouse,Craft-repair,Husband,White,Male,0.0,0.0,40,United-States,<=50K
28,Private,142264.0,Assoc-voc,11,Never-married,Other-service,Not-in-family,White,Male,0.0,0.0,40,United-States,<=50K
40,Private,76625.0,HS-grad,9,Divorced,Craft-repair,Unmarried,White,Male,0.0,0.0,40,United-States,<=50K
26,Private,33939.0,Some-college,10,Never-married,Tech-support,Own-child,White,Male,0.0,0.0,20,United-States,<=50K
31,Private,369825.0,7th-8th,4,Never-married,Handlers-cleaners,Other-relative,White,Male,0.0,0.0,25,United-States,<=50K
36,Private,154835.0,HS-grad,9,Separated,Adm-clerical,Own-child,Asian-Pac-Islander,Female,0.0,0.0,40,Philippines,<=50K
46,Private,191821.0,HS-grad,9,Divorced,Sales,Not-in-family,White,Female,0.0,0.0,40,United-States,<=50K
82,Self-emp-inc,130329.0,7th-8th,4,Married-civ-spouse,Farming-fishing,Husband,White,Male,0.0,0.0,50,United-States,<=50K
31,Private,106637.0,Some-college,10,Divorced,Adm-clerical,Unmarried,White,Female,0.0,0.0,20,United-States,<=50K
19,Private,307496.0,Some-college,10,Never-married,Other-service,Own-child,White,Female,0.0,0.0,16,United-States,<=50K
35,Private,248694.0,HS-grad,9,Divorced,Craft-repair,Not-in-family,White,Male,0.0,0.0,40,United-States,<=50K
26,Private,103700.0,Some-college,10,Never-married,Tech-support,Own-child,White,Female,0.0,0.0,40,United-States,<=50K
24,Private,155150.0,HS-grad,9,Married-civ-spouse,Machine-op-inspct,Husband,White,Male,0.0,0.0,40,United-States,<=50K
26,Private,106705.0,HS-grad,9,Never-married,Handlers-cleaners,Own-child,Black,Male,0.0,0.0,28,United-States,<=50K
36,Private,135289.0,Bachelors,13,Married-civ-spouse,Craft-repair,Husband,White,Male,0.0,0.0,48,United-States,>50K
56,Local-gov,114231.0,10th,6,Widowed,Other-service,Unmarried,White,Female,0.0,0.0,25,United-States,<=50K
46,Private,266860.0,Assoc-acdm,12,Married-civ-spouse,Exec-managerial,Husband,White,Male,0.0,0.0,60,United-States,>50K
43,Private,346081.0,Prof-school,15,Married-civ-spouse,Prof-specialty,Husband,White,Male,15024.0,0.0,50,United-States,>50K
37,Self-emp-not-inc,29054.0,HS-grad,9,Married-civ-spouse,Farming-fishing,Husband,White,Male,0.0,0.0,50,United-States,<=50K
55,Local-gov,177163.0,Masters,14,Widowed,Prof-specialty,Unmarried,White,Female,914.0,0.0,50,United-States,<=50K
35,Private,250988.0,Bachelors,13,Married-civ-spouse,Sales,Husband,White,Male,0.0,0.0,40,United-States,>50K
62,Private,197514.0,HS-grad,9,Married-civ-spouse,Sales,Wife,White,Female,0.0,0.0,16,United-States,<=50K
46,Private,109209.0,Some-college,10,Married-civ-spouse,Adm-clerical,Husband,White,Male,0.0,0.0,40,United-States,>50K
28,Private,249541.0,Some-college,10,Married-civ-spouse,Craft-repair,Husband,White,Male,0.0,0.0,40,United-States,<=50K
29,Private,138537.0,Assoc-voc,11,Married-civ-spouse,Craft-repair,Husband,Asian-Pac-Islander,Male,0.0,0.0,40,Laos,<=50K
40,Private,408229.0,1st-4th,2,Never-married,Other-service,Not-in-family,White,Male,0.0,0.0,45,El-Salvador,<=50K
33,Private,196385.0,Bachelors,13,Married-civ-spouse,Exec-managerial,Husband,White,Male,0.0,1977.0,40,United-States,>50K
39,Private,75995.0,HS-grad,9,Divorced,Exec-managerial,Unmarried,White,Female,0.0,0.0,45,United-States,<=50K
54,State-gov,187686.0,Some-college,10,Divorced,Adm-clerical,Not-in-family,White,Female,0.0,0.0,38,United-States,<=50K
50,Self-emp-inc,194514.0,Masters,14,Never-married,Prof-specialty,Not-in-family,Black,Male,0.0,0.0,50,Trinadad&Tobago,<=50K
33,Private,76493.0,Bachelors,13,Never-married,Prof-specialty,Not-in-family,White,Male,0.0,0.0,50,United-States,>50K
43,Private,281138.0,HS-grad,9,Separated,Machine-op-inspct,Not-in-family,White,Female,0.0,0.0,40,United-States,<=50K
51,Private,239284.0,HS-grad,9,Widowed,Sales,Not-in-family,White,Female,0.0,0.0,40,United-States,<=50K
43,Local-gov,227734.0,Assoc-voc,11,Married-civ-spouse,Transport-moving,Husband,White,Male,0.0,0.0,22,United-States,<=50K
42,Self-emp-inc,277256.0,Doctorate,16,Married-civ-spouse,Prof-specialty,Husband,White,Male,0.0,1977.0,60,United-States,>50K
29,Private,174163.0,Some-college,10,Divorced,Exec-managerial,Not-in-family,White,Female,0.0,0.0,40,United-States,<=50K
76,Self-emp-inc,120796.0,9th,5,Married-civ-spouse,Prof-specialty,Husband,White,Male,0.0,0.0,40,United-States,<=50K
23,Private,243723.0,HS-grad,9,Married-civ-spouse,Other-service,Wife,White,Female,0.0,0.0,40,United-States,<=50K
43,Self-emp-not-inc,297510.0,Prof-school,15,Married-civ-spouse,Prof-specialty,Husband,White,Male,0.0,0.0,60,United-States,>50K
34,Local-gov,155781.0,HS-grad,9,Married-civ-spouse,Protective-serv,Husband,White,Male,4064.0,0.0,50,United-States,<=50K
36,Private,280440.0,Assoc-acdm,12,Never-married,Tech-support,Unmarried,White,Female,0.0,0.0,45,United-States,<=50K
68,Private,32779.0,HS-grad,9,Married-civ-spouse,Transport-moving,Husband,White,Male,0.0,419.0,12,United-States,<=50K
61,Self-emp-not-inc,181033.0,HS-grad,9,Married-civ-spouse,Farming-fishing,Husband,White,Male,0.0,0.0,60,United-States,<=50K
42,Federal-gov,125461.0,Assoc-voc,11,Divorced,Exec-managerial,Unmarried,White,Male,0.0,323.0,40,United-States,<=50K
18,Private,42857.0,Some-college,10,Never-married,Sales,Own-child,White,Female,0.0,0.0,20,United-States,<=50K
34,Private,98283.0,Prof-school,15,Never-married,Tech-support,Not-in-family,Asian-Pac-Islander,Male,0.0,1564.0,40,India,>50K
48,Private,34186.0,HS-grad,9,Married-civ-spouse,Farming-fishing,Husband,White,Male,0.0,0.0,70,United-States,<=50K
45,Local-gov,175958.0,9th,5,Never-married,Other-service,Own-child,White,Male,0.0,0.0,40,United-States,<=50K
28,Private,110749.0,HS-grad,9,Divorced,Exec-managerial,Not-in-family,White,Female,0.0,0.0,39,United-States,<=50K
45,Self-emp-not-inc,45136.0,Prof-school,15,Married-civ-spouse,Prof-specialty,Husband,White,Male,99999.0,0.0,60,United-States,>50K
34,Private,249948.0,Some-college,10,Divorced,Other-service,Not-in-family,White,Female,0.0,0.0,34,United-States,<=50K
65,Private,193216.0,HS-grad,9,Married-civ-spouse,Sales,Husband,White,Male,9386.0,0.0,40,United-States,>50K
28,Private,218039.0,HS-grad,9,Married-civ-spouse,Craft-repair,Husband,White,Male,0.0,0.0,40,United-States,<=50K
52,Private,191529.0,Bachelors,13,Divorced,Farming-fishing,Not-in-family,White,Male,0.0,0.0,40,United-States,<=50K
42,Private,221947.0,Masters,14,Married-civ-spouse,Exec-managerial,Husband,White,Male,0.0,0.0,45,United-States,>50K
41,Private,256647.0,HS-grad,9,Married-civ-spouse,Machine-op-inspct,Husband,Black,Male,0.0,0.0,40,United-States,<=50K
47,Private,150429.0,Some-college,10,Married-civ-spouse,Craft-repair,Husband,Amer-Indian-Eskimo,Male,0.0,0.0,50,United-States,>50K
47,Self-emp-not-inc,102388.0,HS-grad,9,Never-married,Transport-moving,Own-child,White,Male,0.0,0.0,60,United-States,<=50K
52,Private,162238.0,Bachelors,13,Married-civ-spouse,Prof-specialty,Husband,White,Male,0.0,0.0,38,United-States,>50K
41,Self-emp-inc,230168.0,Some-college,10,Married-civ-spouse,Sales,Husband,White,Male,0.0,0.0,91,United-States,<=50K
36,Private,159016.0,HS-grad,9,Married-civ-spouse,Machine-op-inspct,Husband,White,Male,0.0,0.0,38,United-States,<=50K
50,Self-emp-not-inc,43705.0,Bachelors,13,Divorced,Exec-managerial,Not-in-family,White,Male,0.0,0.0,50,United-States,<=50K
46,Private,216292.0,HS-grad,9,Married-civ-spouse,Sales,Husband,White,Male,0.0,0.0,45,United-States,<=50K
36,Private,32709.0,Some-college,10,Divorced,Sales,Not-in-family,White,Female,3325.0,0.0,45,United-States,<=50K
30,Private,49325.0,Some-college,10,Married-civ-spouse,Transport-moving,Husband,White,Male,0.0,0.0,80,United-States,>50K
49,Private,122066.0,HS-grad,9,Married-civ-spouse,Exec-managerial,Husband,White,Male,0.0,0.0,30,Hungary,<=50K
45,Private,51664.0,Some-college,10,Married-civ-spouse,Sales,Husband,White,Male,0.0,0.0,40,United-States,<=50K
34,Private,172579.0,Assoc-voc,11,Divorced,Tech-support,Unmarried,White,Female,0.0,0.0,40,United-States,<=50K
28,Private,340269.0,HS-grad,9,Married-civ-spouse,Craft-repair,Husband,White,Male,3137.0,0.0,45,United-States,<=50K
45,Private,27332.0,HS-grad,9,Divorced,Sales,Not-in-family,White,Female,0.0,0.0,40,United-States,<=50K
32,Private,154087.0,HS-grad,9,Married-civ-spouse,Exec-managerial,Husband,White,Male,0.0,0.0,40,United-States,<=50K
56,Private,50490.0,HS-grad,9,Married-civ-spouse,Transport-moving,Husband,White,Male,0.0,0.0,40,United-States,<=50K
63,Private,131519.0,HS-grad,9,Divorced,Exec-managerial,Not-in-family,White,Female,0.0,0.0,40,United-States,<=50K
48,Self-emp-not-inc,200825.0,Some-college,10,Married-civ-spouse,Exec-managerial,Husband,White,Male,0.0,0.0,30,United-States,>50K
38,State-gov,156866.0,Bachelors,13,Married-civ-spouse,Adm-clerical,Husband,Other,Male,0.0,0.0,40,United-States,>50K
35,Private,287701.0,Assoc-acdm,12,Divorced,Craft-repair,Unmarried,White,Male,0.0,0.0,45,United-States,>50K
24,Private,440138.0,HS-grad,9,Never-married,Priv-house-serv,Not-in-family,White,Female,0.0,0.0,45,England,<=50K
49,Private,64216.0,HS-grad,9,Divorced,Transport-moving,Not-in-family,White,Male,0.0,0.0,90,United-States,<=50K
41,Self-emp-not-inc,200479.0,Assoc-voc,11,Married-civ-spouse,Craft-repair,Husband,White,Male,0.0,0.0,65,United-States,<=50K
45,Private,138342.0,HS-grad,9,Married-civ-spouse,Craft-repair,Husband,White,Male,0.0,0.0,84,United-States,<=50K
23,Local-gov,190709.0,Assoc-acdm,12,Never-married,Protective-serv,Not-in-family,White,Male,0.0,0.0,52,United-States,<=50K
24,Local-gov,117109.0,Bachelors,13,Never-married,Adm-clerical,Own-child,Black,Female,0.0,0.0,27,United-States,<=50K
25,Private,141876.0,HS-grad,9,Married-spouse-absent,Exec-managerial,Not-in-family,White,Male,0.0,0.0,45,United-States,<=50K
48,Self-emp-inc,191277.0,Assoc-voc,11,Married-civ-spouse,Exec-managerial,Husband,White,Male,0.0,0.0,50,United-States,>50K
19,Private,224241.0,Some-college,10,Never-married,Sales,Own-child,White,Female,0.0,0.0,20,United-States,<=50K
28,Private,351731.0,HS-grad,9,Divorced,Craft-repair,Unmarried,White,Male,0.0,0.0,50,United-States,<=50K
53,Private,95864.0,HS-grad,9,Never-married,Adm-clerical,Other-relative,White,Male,0.0,0.0,35,United-States,<=50K
44,Private,376072.0,HS-grad,9,Married-civ-spouse,Tech-support,Husband,White,Male,0.0,0.0,45,United-States,>50K
55,Private,106740.0,HS-grad,9,Married-civ-spouse,Exec-managerial,Husband,White,Male,0.0,0.0,40,United-States,>50K
33,Private,229051.0,Some-college,10,Never-married,Prof-specialty,Not-in-family,White,Male,0.0,0.0,52,United-States,<=50K
33,Private,520033.0,12th,8,Married-civ-spouse,Adm-clerical,Wife,White,Female,0.0,0.0,40,United-States,<=50K
41,Private,280167.0,Masters,14,Married-civ-spouse,Exec-managerial,Husband,White,Male,15024.0,0.0,70,United-States,>50K
46,Private,155489.0,Masters,14,Married-civ-spouse,Exec-managerial,Husband,White,Male,0.0,0.0,50,United-States,>50K
50,Self-emp-inc,160151.0,Some-college,10,Married-civ-spouse,Sales,Husband,White,Male,0.0,0.0,60,United-States,>50K
30,Private,131699.0,HS-grad,9,Divorced,Transport-moving,Not-in-family,White,Male,0.0,0.0,40,United-States,<=50K
43,Private,115806.0,Masters,14,Divorced,Exec-managerial,Unmarried,White,Female,0.0,2547.0,40,United-States,>50K
36,Private,214604.0,Bachelors,13,Married-civ-spouse,Sales,Husband,White,Male,0.0,0.0,42,United-States,>50K
42,Federal-gov,236503.0,Some-college,10,Never-married,Adm-clerical,Not-in-family,White,Female,0.0,0.0,40,United-States,<=50K
37,Private,36425.0,HS-grad,9,Never-married,Other-service,Not-in-family,White,Female,0.0,0.0,40,United-States,<=50K
50,Local-gov,308764.0,HS-grad,9,Widowed,Transport-moving,Unmarried,White,Female,0.0,0.0,40,United-States,<=50K
21,Private,174907.0,HS-grad,9,Never-married,Adm-clerical,Own-child,White,Female,0.0,0.0,40,United-States,<=50K
54,Private,138847.0,HS-grad,9,Married-civ-spouse,Machine-op-inspct,Husband,White,Male,0.0,0.0,45,United-States,>50K
27,Private,194652.0,HS-grad,9,Never-married,Craft-repair,Own-child,Black,Male,0.0,0.0,40,United-States,<=50K
23,Federal-gov,173851.0,HS-grad,9,Never-married,Armed-Forces,Not-in-family,White,Male,0.0,0.0,8,United-States,<=50K
19,Private,121240.0,HS-grad,9,Never-married,Other-service,Not-in-family,White,Male,0.0,0.0,30,United-States,<=50K
45,Private,77764.0,Assoc-acdm,12,Married-civ-spouse,Craft-repair,Husband,White,Male,0.0,0.0,40,United-States,<=50K
53,Private,104748.0,10th,6,Married-civ-spouse,Transport-moving,Husband,White,Male,0.0,0.0,45,United-States,<=50K
35,Private,187589.0,Assoc-voc,11,Married-civ-spouse,Craft-repair,Husband,White,Male,0.0,0.0,40,United-States,<=50K
29,Private,81648.0,HS-grad,9,Married-civ-spouse,Sales,Husband,White,Male,0.0,1887.0,55,United-States,>50K
42,Private,152889.0,10th,6,Married-civ-spouse,Craft-repair,Husband,White,Male,0.0,0.0,45,United-States,<=50K
45,State-gov,127089.0,Masters,14,Divorced,Exec-managerial,Not-in-family,White,Male,0.0,0.0,45,United-States,<=50K
36,Federal-gov,203836.0,Some-college,10,Married-civ-spouse,Handlers-cleaners,Husband,White,Male,0.0,0.0,50,United-States,<=50K
44,Private,117728.0,Assoc-voc,11,Married-civ-spouse,Tech-support,Husband,White,Male,0.0,0.0,40,United-States,>50K
46,Private,55720.0,Masters,14,Married-civ-spouse,Exec-managerial,Husband,White,Male,0.0,0.0,45,United-States,>50K
18,Private,39529.0,12th,8,Never-married,Other-service,Own-child,White,Female,0.0,0.0,32,United-States,<=50K
41,Private,58880.0,Bachelors,13,Married-civ-spouse,Prof-specialty,Wife,White,Female,7688.0,0.0,10,United-States,>50K
43,Self-emp-inc,140988.0,Bachelors,13,Married-civ-spouse,Sales,Other-relative,Asian-Pac-Islander,Male,0.0,0.0,45,India,<=50K
52,Private,259323.0,HS-grad,9,Married-civ-spouse,Craft-repair,Husband,White,Male,0.0,0.0,40,United-States,>50K
68,Private,186943.0,HS-grad,9,Married-civ-spouse,Craft-repair,Husband,White,Male,0.0,0.0,8,United-States,<=50K
20,Private,356347.0,Some-college,10,Never-married,Adm-clerical,Own-child,White,Female,0.0,0.0,10,United-States,<=50K
24,Private,151443.0,HS-grad,9,Never-married,Machine-op-inspct,Other-relative,Black,Female,0.0,0.0,30,United-States,<=50K
43,Private,171841.0,Bachelors,13,Married-civ-spouse,Sales,Husband,White,Male,0.0,0.0,40,United-States,>50K
58,Private,141807.0,5th-6th,3,Married-civ-spouse,Machine-op-inspct,Husband,White,Male,0.0,0.0,40,Italy,<=50K
27,Private,167501.0,Bachelors,13,Never-married,Exec-managerial,Own-child,White,Female,0.0,0.0,40,United-States,<=50K
27,Private,126060.0,Bachelors,13,Never-married,Exec-managerial,Not-in-family,White,Female,0.0,0.0,40,United-States,<=50K
26,Private,247025.0,Some-college,10,Never-married,Handlers-cleaners,Not-in-family,White,Male,0.0,0.0,40,United-States,<=50K
33,Local-gov,111746.0,HS-grad,9,Never-married,Protective-serv,Not-in-family,White,Male,0.0,0.0,48,United-States,<=50K
49,Private,190319.0,Bachelors,13,Married-spouse-absent,Adm-clerical,Not-in-family,Amer-Indian-Eskimo,Male,0.0,0.0,40,Philippines,<=50K
40,Private,246949.0,HS-grad,9,Divorced,Machine-op-inspct,Own-child,White,Male,0.0,0.0,40,United-States,<=50K
46,State-gov,27243.0,Doctorate,16,Married-civ-spouse,Prof-specialty,Husband,White,Male,7688.0,0.0,45,United-States,>50K
25,Private,169323.0,Bachelors,13,Married-civ-spouse,Exec-managerial,Own-child,White,Female,0.0,0.0,40,United-States,<=50K
42,Local-gov,195124.0,11th,7,Divorced,Sales,Unmarried,White,Male,7430.0,0.0,50,Puerto-Rico,>50K
55,Private,173422.0,Some-college,10,Married-civ-spouse,Machine-op-inspct,Husband,White,Male,0.0,0.0,40,United-States,<=50K
54,Self-emp-inc,103794.0,Masters,14,Divorced,Exec-managerial,Unmarried,White,Female,5721.0,0.0,35,United-States,<=50K
26,Private,58065.0,Bachelors,13,Never-married,Adm-clerical,Not-in-family,White,Female,0.0,0.0,20,United-States,<=50K
52,Private,48925.0,Some-college,10,Married-civ-spouse,Adm-clerical,Husband,White,Male,0.0,0.0,40,United-States,<=50K
46,Private,198774.0,Masters,14,Divorced,Exec-managerial,Unmarried,White,Female,0.0,323.0,45,United-States,<=50K
47,Self-emp-inc,139268.0,7th-8th,4,Married-civ-spouse,Prof-specialty,Husband,White,Male,0.0,0.0,45,United-States,<=50K
42,Private,270721.0,Bachelors,13,Never-married,Prof-specialty,Not-in-family,White,Male,0.0,0.0,32,United-States,<=50K
40,Private,202168.0,Prof-school,15,Married-civ-spouse,Prof-specialty,Husband,White,Male,15024.0,0.0,55,United-States,>50K
39,Private,70240.0,5th-6th,3,Married-spouse-absent,Other-service,Unmarried,Asian-Pac-Islander,Female,0.0,0.0,40,Philippines,<=50K
64,Self-emp-not-inc,134960.0,Bachelors,13,Married-civ-spouse,Exec-managerial,Husband,White,Male,15024.0,0.0,35,United-States,>50K
23,Private,193586.0,Some-college,10,Separated,Farming-fishing,Other-relative,White,Female,0.0,0.0,40,United-States,<=50K
24,Private,107882.0,HS-grad,9,Never-married,Sales,Not-in-family,White,Female,0.0,0.0,40,United-States,<=50K
19,Local-gov,53220.0,HS-grad,9,Never-married,Adm-clerical,Own-child,Black,Female,0.0,0.0,40,United-States,<=50K
29,Private,168524.0,Some-college,10,Never-married,Tech-support,Not-in-family,White,Female,0.0,0.0,40,United-States,<=50K
58,Local-gov,160586.0,HS-grad,9,Married-civ-spouse,Farming-fishing,Husband,White,Male,0.0,0.0,40,United-States,<=50K
34,Private,345705.0,HS-grad,9,Divorced,Craft-repair,Not-in-family,White,Male,0.0,1408.0,38,United-States,<=50K
42,Private,107276.0,Some-college,10,Never-married,Exec-managerial,Not-in-family,White,Female,0.0,2444.0,40,United-States,>50K
55,Private,193374.0,Some-college,10,Married-civ-spouse,Tech-support,Husband,White,Male,0.0,0.0,40,United-States,>50K
21,Private,29810.0,HS-grad,9,Never-married,Other-service,Not-in-family,White,Female,0.0,0.0,50,United-States,<=50K
42,Private,171841.0,Prof-school,15,Married-civ-spouse,Prof-specialty,Husband,White,Male,0.0,0.0,60,United-States,<=50K
28,Private,220043.0,Bachelors,13,Married-civ-spouse,Sales,Husband,White,Male,0.0,0.0,40,United-States,>50K
20,Private,367240.0,Some-college,10,Never-married,Other-service,Own-child,White,Female,0.0,0.0,20,United-States,<=50K
53,Self-emp-not-inc,93449.0,Prof-school,15,Married-civ-spouse,Prof-specialty,Husband,Asian-Pac-Islander,Male,0.0,0.0,40,India,>50K
23,Private,273010.0,HS-grad,9,Married-civ-spouse,Craft-repair,Husband,White,Male,0.0,0.0,40,United-States,<=50K
56,Private,244580.0,HS-grad,9,Married-civ-spouse,Transport-moving,Husband,White,Male,0.0,0.0,40,United-States,>50K
21,Private,212114.0,Some-college,10,Never-married,Prof-specialty,Own-child,White,Female,0.0,0.0,8,United-States,<=50K
25,Private,193820.0,Masters,14,Never-married,Prof-specialty,Own-child,White,Female,0.0,0.0,40,United-States,<=50K
41,Private,165815.0,HS-grad,9,Married-civ-spouse,Craft-repair,Husband,White,Male,0.0,0.0,40,United-States,>50K
31,Private,179013.0,HS-grad,9,Separated,Craft-repair,Not-in-family,Black,Male,0.0,0.0,40,United-States,<=50K
43,Self-emp-not-inc,185413.0,Bachelors,13,Married-civ-spouse,Exec-managerial,Husband,White,Male,0.0,1977.0,50,United-States,>50K
42,Private,444134.0,HS-grad,9,Married-civ-spouse,Transport-moving,Husband,White,Male,0.0,0.0,40,United-States,<=50K
43,Self-emp-inc,260960.0,Bachelors,13,Divorced,Farming-fishing,Not-in-family,White,Male,0.0,0.0,35,United-States,<=50K
45,Private,180931.0,Assoc-voc,11,Married-civ-spouse,Craft-repair,Husband,White,Male,0.0,0.0,35,United-States,<=50K
36,Private,94565.0,Assoc-voc,11,Divorced,Tech-support,Not-in-family,White,Male,0.0,0.0,40,United-States,<=50K
39,Federal-gov,65324.0,Prof-school,15,Never-married,Prof-specialty,Not-in-family,White,Male,0.0,0.0,55,United-States,>50K
39,Local-gov,423605.0,12th,8,Married-civ-spouse,Transport-moving,Husband,White,Male,0.0,1848.0,40,Nicaragua,>50K
32,Private,155232.0,Bachelors,13,Divorced,Protective-serv,Not-in-family,Black,Male,0.0,0.0,60,United-States,>50K
22,State-gov,292933.0,Bachelors,13,Never-married,Adm-clerical,Own-child,White,Female,0.0,0.0,10,United-States,<=50K
52,Private,174767.0,Some-college,10,Married-civ-spouse,Exec-managerial,Husband,White,Male,0.0,0.0,45,United-States,>50K
45,Private,55720.0,Bachelors,13,Married-civ-spouse,Prof-specialty,Husband,White,Male,0.0,0.0,40,United-States,>50K
67,Self-emp-inc,111321.0,Bachelors,13,Married-civ-spouse,Exec-managerial,Husband,White,Male,0.0,0.0,16,United-States,<=50K
63,Private,195338.0,Bachelors,13,Married-civ-spouse,Exec-managerial,Husband,White,Male,15024.0,0.0,45,United-States,>50K
20,Self-emp-inc,134815.0,9th,5,Never-married,Craft-repair,Unmarried,White,Male,0.0,625.0,40,United-States,<=50K
53,Private,81794.0,12th,8,Married-civ-spouse,Adm-clerical,Wife,White,Female,0.0,0.0,40,United-States,<=50K
47,Private,128796.0,HS-grad,9,Married-civ-spouse,Craft-repair,Husband,White,Male,0.0,0.0,40,United-States,>50K
48,Self-emp-not-inc,97883.0,HS-grad,9,Separated,Other-service,Other-relative,White,Female,0.0,0.0,25,United-States,<=50K
36,Private,206951.0,Bachelors,13,Married-civ-spouse,Sales,Husband,White,Male,0.0,1902.0,45,United-States,>50K
36,Local-gov,117312.0,Some-college,10,Married-civ-spouse,Transport-moving,Wife,White,Female,0.0,0.0,40,United-States,<=50K
51,Local-gov,181132.0,Masters,14,Separated,Prof-specialty,Not-in-family,White,Male,0.0,0.0,39,United-States,>50K
30,Private,488720.0,9th,5,Married-civ-spouse,Handlers-cleaners,Other-relative,White,Male,0.0,0.0,40,Mexico,<=50K
31,Private,177596.0,Some-college,10,Never-married,Adm-clerical,Not-in-family,White,Female,0.0,0.0,40,Puerto-Rico,<=50K
44,Private,103759.0,Bachelors,13,Married-civ-spouse,Tech-support,Husband,White,Male,0.0,0.0,40,United-States,>50K
46,Private,216414.0,Assoc-voc,11,Married-spouse-absent,Craft-repair,Unmarried,White,Male,0.0,0.0,40,United-States,<=50K
49,Private,197418.0,HS-grad,9,Widowed,Adm-clerical,Unmarried,White,Female,0.0,0.0,20,United-States,<=50K
46,Local-gov,109089.0,Prof-school,15,Married-civ-spouse,Protective-serv,Husband,White,Male,0.0,0.0,40,United-States,>50K
32,Private,128002.0,Assoc-voc,11,Married-civ-spouse,Adm-clerical,Wife,White,Female,0.0,0.0,45,United-States,<=50K
60,Private,124198.0,Bachelors,13,Married-civ-spouse,Prof-specialty,Husband,White,Male,4386.0,0.0,84,United-States,>50K
76,Self-emp-not-inc,117169.0,7th-8th,4,Never-married,Farming-fishing,Not-in-family,White,Male,0.0,0.0,30,United-States,<=50K
40,State-gov,166327.0,Some-college,10,Divorced,Adm-clerical,Not-in-family,Black,Female,0.0,0.0,35,United-States,<=50K
41,Private,392167.0,10th,6,Divorced,Sales,Not-in-family,White,Male,0.0,0.0,48,United-States,<=50K
18,Private,62972.0,11th,7,Never-married,Other-service,Own-child,White,Male,0.0,0.0,16,United-States,<=50K
50,Self-emp-inc,190333.0,Prof-school,15,Married-civ-spouse,Prof-specialty,Husband,White,Male,99999.0,0.0,55,United-States,>50K
23,Private,291407.0,Some-college,10,Never-married,Sales,Own-child,Black,Male,0.0,0.0,25,United-States,<=50K
48,Local-gov,40666.0,HS-grad,9,Married-civ-spouse,Other-service,Husband,White,Male,0.0,0.0,40,United-States,<=50K
34,Private,110622.0,Bachelors,13,Never-married,Exec-managerial,Not-in-family,Asian-Pac-Islander,Female,0.0,0.0,40,Philippines,<=50K
59,Private,249814.0,HS-grad,9,Separated,Other-service,Not-in-family,White,Female,0.0,0.0,37,United-States,<=50K
32,Local-gov,42596.0,Bachelors,13,Divorced,Prof-specialty,Not-in-family,White,Male,0.0,0.0,40,United-States,<=50K
44,Private,111067.0,Some-college,10,Married-civ-spouse,Craft-repair,Husband,White,Male,0.0,0.0,40,United-States,<=50K
32,Private,74883.0,Bachelors,13,Never-married,Tech-support,Not-in-family,Asian-Pac-Islander,Female,0.0,0.0,40,Philippines,<=50K
47,Private,166634.0,Some-college,10,Divorced,Exec-managerial,Unmarried,White,Female,0.0,0.0,40,Germany,<=50K
21,Private,263886.0,Some-college,10,Never-married,Adm-clerical,Not-in-family,Black,Female,0.0,0.0,20,United-States,<=50K
30,Private,329425.0,Some-college,10,Married-civ-spouse,Machine-op-inspct,Husband,White,Male,0.0,0.0,40,United-States,<=50K
42,Private,154374.0,Masters,14,Married-civ-spouse,Craft-repair,Husband,White,Male,0.0,0.0,55,United-States,>50K
38,Federal-gov,99527.0,Masters,14,Married-civ-spouse,Exec-managerial,Husband,White,Male,0.0,0.0,40,United-States,>50K
20,Private,203240.0,9th,5,Never-married,Sales,Own-child,White,Female,0.0,0.0,32,United-States,<=50K
27,Private,41099.0,Some-college,10,Never-married,Sales,Not-in-family,White,Male,0.0,0.0,50,United-States,<=50K
30,Private,112358.0,Bachelors,13,Married-civ-spouse,Other-service,Husband,White,Male,0.0,0.0,60,United-States,>50K
35,Private,32220.0,Assoc-acdm,12,Never-married,Exec-managerial,Not-in-family,White,Female,0.0,0.0,60,United-States,<=50K
19,Private,119964.0,HS-grad,9,Never-married,Craft-repair,Other-relative,White,Female,0.0,0.0,15,United-States,<=50K
40,Private,236021.0,Some-college,10,Never-married,Exec-managerial,Not-in-family,White,Male,0.0,0.0,50,United-States,<=50K
24,Private,87546.0,Some-college,10,Married-civ-spouse,Adm-clerical,Wife,White,Female,0.0,0.0,40,United-States,<=50K
22,Private,162282.0,HS-grad,9,Never-married,Machine-op-inspct,Own-child,White,Male,0.0,0.0,55,United-States,<=50K
32,Local-gov,100135.0,Bachelors,13,Married-civ-spouse,Prof-specialty,Wife,White,Female,0.0,0.0,35,United-States,>50K
44,Self-emp-inc,103643.0,HS-grad,9,Married-civ-spouse,Exec-managerial,Husband,White,Male,5013.0,0.0,60,Greece,<=50K
28,Private,113635.0,12th,8,Never-married,Craft-repair,Not-in-family,White,Male,0.0,0.0,40,United-States,<=50K
30,Private,117393.0,HS-grad,9,Never-married,Sales,Not-in-family,White,Female,0.0,0.0,40,United-States,<=50K
33,Private,177331.0,Assoc-voc,11,Married-civ-spouse,Craft-repair,Husband,Black,Male,0.0,0.0,40,United-States,<=50K
61,Private,128230.0,7th-8th,4,Married-civ-spouse,Sales,Husband,White,Male,0.0,0.0,50,United-States,>50K
20,Private,236592.0,11th,7,Never-married,Sales,Own-child,White,Female,0.0,0.0,25,United-States,<=50K
34,Private,187251.0,HS-grad,9,Divorced,Prof-specialty,Unmarried,White,Female,0.0,0.0,25,United-States,<=50K
31,Private,256680.0,Assoc-acdm,12,Never-married,Exec-managerial,Other-relative,White,Female,0.0,0.0,40,United-States,<=50K
47,Private,160474.0,HS-grad,9,Married-civ-spouse,Exec-managerial,Wife,White,Female,0.0,0.0,30,United-States,>50K
44,Private,248973.0,Bachelors,13,Divorced,Adm-clerical,Not-in-family,Black,Male,0.0,0.0,65,United-States,<=50K
60,Private,27886.0,7th-8th,4,Divorced,Other-service,Not-in-family,White,Male,0.0,0.0,40,United-States,<=50K
55,Private,147098.0,HS-grad,9,Married-civ-spouse,Craft-repair,Husband,White,Male,0.0,0.0,50,United-States,>50K
26,Private,191803.0,Bachelors,13,Never-married,Sales,Not-in-family,White,Male,0.0,0.0,40,United-States,<=50K
44,Self-emp-not-inc,195486.0,HS-grad,9,Married-civ-spouse,Sales,Husband,Black,Male,0.0,0.0,70,Jamaica,<=50K
61,Private,197286.0,7th-8th,4,Married-civ-spouse,Machine-op-inspct,Husband,White,Male,0.0,0.0,40,United-States,<=50K
38,Self-emp-not-inc,127961.0,Some-college,10,Married-civ-spouse,Machine-op-inspct,Husband,White,Male,0.0,0.0,45,United-States,>50K
53,Private,303462.0,HS-grad,9,Married-civ-spouse,Machine-op-inspct,Husband,White,Male,0.0,0.0,30,United-States,<=50K
47,Private,149337.0,Bachelors,13,Never-married,Adm-clerical,Not-in-family,White,Male,0.0,0.0,60,United-States,<=50K
57,Private,84888.0,HS-grad,9,Married-civ-spouse,Transport-moving,Husband,White,Male,0.0,0.0,50,United-States,<=50K
44,Private,104440.0,Bachelors,13,Married-civ-spouse,Exec-managerial,Husband,White,Male,0.0,0.0,40,United-States,>50K
43,Private,177905.0,HS-grad,9,Married-civ-spouse,Handlers-cleaners,Husband,White,Male,3908.0,0.0,40,United-States,<=50K
63,Private,114011.0,11th,7,Divorced,Other-service,Not-in-family,White,Female,0.0,0.0,40,United-States,<=50K
39,Self-emp-not-inc,106347.0,Some-college,10,Divorced,Sales,Unmarried,White,Male,0.0,0.0,47,United-States,<=50K
33,Private,158438.0,Some-college,10,Married-civ-spouse,Craft-repair,Husband,White,Male,0.0,0.0,50,United-States,>50K
55,Self-emp-inc,142020.0,HS-grad,9,Married-civ-spouse,Exec-managerial,Husband,White,Male,0.0,0.0,80,United-States,<=50K
25,Private,104662.0,HS-grad,9,Never-married,Other-service,Unmarried,White,Female,0.0,0.0,22,United-States,<=50K
45,Self-emp-inc,204205.0,Some-college,10,Married-civ-spouse,Exec-managerial,Husband,White,Male,0.0,0.0,50,United-States,>50K
62,Private,214288.0,HS-grad,9,Married-civ-spouse,Machine-op-inspct,Husband,White,Male,0.0,0.0,40,United-States,<=50K
32,Private,253890.0,HS-grad,9,Married-civ-spouse,Craft-repair,Husband,White,Male,0.0,0.0,40,United-States,<=50K
46,Local-gov,364548.0,Masters,14,Married-civ-spouse,Prof-specialty,Husband,White,Male,0.0,1977.0,42,United-States,>50K
46,Private,102308.0,HS-grad,9,Married-civ-spouse,Handlers-cleaners,Husband,White,Male,0.0,0.0,56,United-States,>50K
44,Private,146908.0,HS-grad,9,Married-civ-spouse,Prof-specialty,Husband,White,Male,0.0,0.0,40,United-States,<=50K
48,Federal-gov,483261.0,Some-college,10,Never-married,Adm-clerical,Not-in-family,Black,Male,0.0,0.0,40,United-States,<=50K
49,Private,170165.0,HS-grad,9,Divorced,Machine-op-inspct,Other-relative,White,Female,0.0,0.0,55,United-States,<=50K
52,Local-gov,278522.0,Some-college,10,Married-civ-spouse,Transport-moving,Husband,Black,Male,0.0,0.0,40,United-States,<=50K
42,Private,144594.0,HS-grad,9,Married-civ-spouse,Craft-repair,Husband,White,Male,0.0,0.0,40,United-States,>50K
54,Private,123011.0,Some-college,10,Married-civ-spouse,Craft-repair,Husband,White,Male,0.0,0.0,40,United-States,>50K
25,Private,189219.0,Bachelors,13,Never-married,Tech-support,Own-child,White,Female,0.0,0.0,16,United-States,<=50K
60,Private,198727.0,HS-grad,9,Married-civ-spouse,Prof-specialty,Husband,White,Male,0.0,0.0,30,United-States,<=50K
17,Private,176467.0,9th,5,Never-married,Transport-moving,Not-in-family,White,Male,0.0,0.0,20,United-States,<=50K
33,Private,351810.0,Bachelors,13,Never-married,Prof-specialty,Not-in-family,White,Female,0.0,0.0,45,Mexico,<=50K
26,Private,150132.0,HS-grad,9,Never-married,Adm-clerical,Not-in-family,White,Female,0.0,0.0,45,United-States,<=50K
37,Private,232614.0,HS-grad,9,Divorced,Other-service,Unmarried,Black,Female,0.0,0.0,30,United-States,<=50K
25,State-gov,262664.0,Bachelors,13,Married-civ-spouse,Protective-serv,Husband,White,Male,0.0,0.0,40,United-States,>50K
29,Private,165360.0,Assoc-voc,11,Never-married,Adm-clerical,Not-in-family,White,Female,0.0,0.0,40,United-States,<=50K
66,Self-emp-not-inc,44712.0,HS-grad,9,Married-civ-spouse,Craft-repair,Wife,White,Female,0.0,0.0,15,United-States,<=50K
30,Private,87054.0,HS-grad,9,Married-civ-spouse,Craft-repair,Husband,White,Male,0.0,0.0,50,United-States,<=50K
41,Private,137142.0,HS-grad,9,Divorced,Transport-moving,Not-in-family,White,Male,0.0,0.0,50,United-States,<=50K
34,State-gov,240283.0,HS-grad,9,Divorced,Transport-moving,Unmarried,White,Female,0.0,0.0,40,United-States,<=50K
60,Private,96660.0,HS-grad,9,Divorced,Sales,Other-relative,White,Female,0.0,0.0,33,United-States,<=50K
37,Private,238311.0,HS-grad,9,Married-civ-spouse,Machine-op-inspct,Husband,Black,Male,0.0,0.0,36,United-States,>50K
30,Private,184687.0,HS-grad,9,Never-married,Prof-specialty,Own-child,White,Female,0.0,0.0,30,United-States,<=50K
34,Private,30673.0,Masters,14,Married-civ-spouse,Prof-specialty,Husband,White,Male,0.0,0.0,55,United-States,<=50K
33,Private,116294.0,Bachelors,13,Never-married,Prof-specialty,Own-child,White,Female,0.0,0.0,40,United-States,>50K
24,Private,390348.0,HS-grad,9,Never-married,Transport-moving,Not-in-family,White,Male,0.0,0.0,40,United-States,<=50K
43,Private,216411.0,1st-4th,2,Never-married,Adm-clerical,Unmarried,White,Female,0.0,0.0,30,Dominican-Republic,<=50K
60,Private,52900.0,7th-8th,4,Married-civ-spouse,Transport-moving,Husband,White,Male,0.0,0.0,40,United-States,<=50K
48,Self-emp-not-inc,199058.0,Bachelors,13,Never-married,Prof-specialty,Not-in-family,White,Male,0.0,0.0,35,United-States,>50K
34,Private,400416.0,11th,7,Never-married,Machine-op-inspct,Own-child,Black,Male,0.0,0.0,45,United-States,<=50K
40,Private,273425.0,Bachelors,13,Married-civ-spouse,Exec-managerial,Husband,White,Male,0.0,0.0,50,United-States,>50K
30,Self-emp-inc,153549.0,HS-grad,9,Married-civ-spouse,Exec-managerial,Husband,White,Male,0.0,0.0,50,United-States,>50K
47,Federal-gov,87504.0,Bachelors,13,Divorced,Tech-support,Unmarried,White,Female,0.0,0.0,50,United-States,<=50K
50,Private,185846.0,HS-grad,9,Married-civ-spouse,Sales,Husband,White,Male,0.0,0.0,40,United-States,<=50K
30,Private,113453.0,Masters,14,Married-civ-spouse,Prof-specialty,Wife,White,Female,0.0,0.0,30,United-States,<=50K
38,Private,589809.0,Bachelors,13,Married-civ-spouse,Adm-clerical,Husband,White,Male,0.0,0.0,45,United-States,>50K
37,Local-gov,347491.0,Assoc-acdm,12,Married-civ-spouse,Craft-repair,Husband,White,Male,0.0,0.0,40,United-States,>50K
42,Private,255667.0,Some-college,10,Married-civ-spouse,Craft-repair,Husband,White,Male,0.0,0.0,50,United-States,>50K
33,Private,189265.0,Bachelors,13,Never-married,Exec-managerial,Not-in-family,White,Female,0.0,0.0,40,United-States,<=50K
30,Local-gov,44566.0,Bachelors,13,Married-civ-spouse,Prof-specialty,Husband,White,Male,0.0,0.0,80,United-States,<=50K
75,Private,233362.0,10th,6,Married-civ-spouse,Transport-moving,Husband,White,Male,0.0,0.0,40,United-States,<=50K
54,Local-gov,34832.0,Doctorate,16,Married-civ-spouse,Exec-managerial,Husband,White,Male,0.0,0.0,60,United-States,>50K
27,Private,161155.0,HS-grad,9,Married-civ-spouse,Other-service,Husband,White,Male,0.0,0.0,40,United-States,<=50K
50,Self-emp-inc,160107.0,Masters,14,Married-civ-spouse,Prof-specialty,Husband,White,Male,0.0,0.0,55,United-States,>50K
45,Private,148900.0,Bachelors,13,Married-civ-spouse,Prof-specialty,Husband,White,Male,0.0,0.0,50,United-States,>50K
30,Private,143766.0,HS-grad,9,Never-married,Other-service,Not-in-family,White,Male,0.0,0.0,30,United-States,<=50K
53,Self-emp-not-inc,118793.0,10th,6,Married-civ-spouse,Craft-repair,Husband,White,Male,0.0,0.0,50,United-States,>50K
45,Local-gov,119199.0,Assoc-acdm,12,Divorced,Prof-specialty,Unmarried,White,Female,0.0,0.0,48,United-States,<=50K
58,Private,314153.0,HS-grad,9,Married-civ-spouse,Sales,Husband,White,Male,0.0,0.0,40,United-States,>50K
23,Private,293565.0,10th,6,Never-married,Handlers-cleaners,Not-in-family,White,Male,0.0,0.0,40,United-States,<=50K
26,Private,159897.0,Some-college,10,Never-married,Exec-managerial,Unmarried,Black,Female,0.0,0.0,40,United-States,<=50K
35,Private,99146.0,HS-grad,9,Married-civ-spouse,Exec-managerial,Husband,White,Male,0.0,0.0,50,United-States,>50K
28,State-gov,134813.0,Bachelors,13,Never-married,Prof-specialty,Not-in-family,White,Male,0.0,0.0,65,United-States,>50K
19,Private,231972.0,11th,7,Never-married,Adm-clerical,Own-child,White,Female,0.0,0.0,20,United-States,<=50K
23,Private,289909.0,Some-college,10,Never-married,Adm-clerical,Not-in-family,White,Male,0.0,0.0,45,United-States,<=50K
30,Private,192002.0,Some-college,10,Married-civ-spouse,Craft-repair,Husband,White,Male,0.0,0.0,40,United-States,<=50K
52,Local-gov,199995.0,Masters,14,Married-civ-spouse,Exec-managerial,Husband,White,Male,7298.0,0.0,60,United-States,>50K
28,Private,41099.0,Some-college,10,Married-civ-spouse,Sales,Husband,White,Male,0.0,0.0,40,United-States,<=50K
51,Private,231181.0,Some-college,10,Never-married,Machine-op-inspct,Not-in-family,White,Male,0.0,0.0,21,United-States,<=50K
36,Private,36423.0,Some-college,10,Married-civ-spouse,Adm-clerical,Husband,White,Male,0.0,0.0,60,United-States,<=50K
50,State-gov,242517.0,Bachelors,13,Divorced,Exec-managerial,Not-in-family,White,Female,0.0,0.0,40,United-States,<=50K
24,Private,211585.0,HS-grad,9,Married-civ-spouse,Transport-moving,Own-child,White,Female,0.0,0.0,40,United-States,<=50K
37,Private,22494.0,Some-college,10,Married-spouse-absent,Exec-managerial,Unmarried,White,Female,0.0,0.0,41,United-States,<=50K
29,Private,128509.0,HS-grad,9,Married-spouse-absent,Machine-op-inspct,Not-in-family,White,Female,0.0,0.0,38,El-Salvador,<=50K
22,Private,29810.0,Some-college,10,Never-married,Transport-moving,Own-child,White,Female,0.0,0.0,30,United-States,<=50K
38,Self-emp-not-inc,217054.0,Some-college,10,Divorced,Farming-fishing,Not-in-family,White,Male,0.0,0.0,40,United-States,<=50K
31,Private,61308.0,10th,6,Never-married,Other-service,Not-in-family,White,Male,0.0,0.0,40,United-States,<=50K
26,Private,333108.0,HS-grad,9,Divorced,Sales,Not-in-family,White,Male,0.0,0.0,40,United-States,<=50K
63,Private,209790.0,HS-grad,9,Married-civ-spouse,Craft-repair,Husband,White,Male,0.0,0.0,40,United-States,>50K
35,Private,348771.0,HS-grad,9,Married-civ-spouse,Farming-fishing,Husband,White,Male,0.0,0.0,40,Canada,<=50K
58,State-gov,198145.0,HS-grad,9,Married-civ-spouse,Craft-repair,Husband,White,Male,0.0,0.0,40,United-States,<=50K
33,Private,283602.0,5th-6th,3,Married-civ-spouse,Other-service,Husband,White,Male,0.0,0.0,59,Mexico,<=50K
22,Private,214399.0,Some-college,10,Never-married,Sales,Own-child,White,Female,0.0,0.0,30,United-States,<=50K
70,Self-emp-not-inc,139889.0,Some-college,10,Married-civ-spouse,Farming-fishing,Husband,White,Male,2653.0,0.0,70,United-States,<=50K
45,State-gov,312678.0,Masters,14,Never-married,Adm-clerical,Not-in-family,Black,Male,0.0,0.0,38,United-States,<=50K
21,Private,152246.0,Some-college,10,Never-married,Handlers-cleaners,Own-child,Asian-Pac-Islander,Male,0.0,0.0,40,Philippines,<=50K
59,Private,261816.0,Some-college,10,Divorced,Exec-managerial,Not-in-family,White,Female,0.0,0.0,52,Outlying-US(Guam-USVI-etc),<=50K
36,Private,280570.0,Some-college,10,Married-civ-spouse,Craft-repair,Husband,White,Male,0.0,0.0,45,United-States,<=50K
34,Self-emp-not-inc,201292.0,Assoc-voc,11,Married-civ-spouse,Farming-fishing,Husband,White,Male,0.0,0.0,50,United-States,<=50K
36,Private,185744.0,Some-college,10,Married-civ-spouse,Exec-managerial,Wife,White,Female,0.0,0.0,35,United-States,>50K
28,Private,142712.0,Bachelors,13,Never-married,Exec-managerial,Not-in-family,White,Male,0.0,0.0,50,United-States,>50K
56,Private,136164.0,Some-college,10,Divorced,Adm-clerical,Not-in-family,White,Female,0.0,0.0,40,United-States,<=50K
59,Private,47534.0,Masters,14,Divorced,Exec-managerial,Not-in-family,White,Female,0.0,0.0,45,United-States,>50K
41,State-gov,309056.0,Doctorate,16,Married-civ-spouse,Prof-specialty,Husband,White,Male,0.0,0.0,50,United-States,>50K
28,Private,258364.0,Some-college,10,Divorced,Adm-clerical,Unmarried,White,Female,0.0,0.0,40,United-States,<=50K
30,Private,158420.0,Bachelors,13,Never-married,Machine-op-inspct,Not-in-family,White,Male,0.0,0.0,25,United-States,<=50K
29,Private,293073.0,Bachelors,13,Never-married,Sales,Not-in-family,White,Male,0.0,0.0,50,United-States,>50K
43,Private,243580.0,Bachelors,13,Married-civ-spouse,Prof-specialty,Husband,White,Male,0.0,0.0,40,United-States,>50K
52,Private,125932.0,7th-8th,4,Widowed,Other-service,Not-in-family,White,Female,0.0,0.0,40,United-States,<=50K
51,Local-gov,96678.0,Masters,14,Married-civ-spouse,Prof-specialty,Husband,White,Male,0.0,0.0,60,United-States,<=50K
34,Private,203463.0,Some-college,10,Divorced,Sales,Not-in-family,White,Female,0.0,0.0,40,United-States,<=50K
41,Private,137126.0,Bachelors,13,Married-civ-spouse,Prof-specialty,Husband,White,Male,0.0,1977.0,45,United-States,>50K
44,Private,215468.0,Bachelors,13,Separated,Machine-op-inspct,Unmarried,Black,Female,0.0,0.0,7,United-States,<=50K
40,Private,204046.0,10th,6,Divorced,Transport-moving,Own-child,White,Male,0.0,0.0,40,United-States,<=50K
34,Private,346275.0,11th,7,Divorced,Handlers-cleaners,Not-in-family,White,Male,0.0,0.0,43,United-States,<=50K
28,Private,209109.0,Bachelors,13,Divorced,Exec-managerial,Not-in-family,White,Male,0.0,0.0,40,United-States,<=50K
43,Private,169383.0,Bachelors,13,Married-civ-spouse,Exec-managerial,Husband,White,Male,0.0,0.0,45,United-States,>50K
43,Self-emp-not-inc,421837.0,Some-college,10,Married-civ-spouse,Sales,Husband,White,Male,7298.0,0.0,50,Mexico,>50K
26,Private,148298.0,HS-grad,9,Never-married,Exec-managerial,Not-in-family,White,Female,0.0,0.0,50,United-States,<=50K
66,State-gov,33155.0,HS-grad,9,Married-civ-spouse,Exec-managerial,Husband,White,Male,0.0,0.0,45,United-States,>50K
49,State-gov,255928.0,HS-grad,9,Married-civ-spouse,Tech-support,Husband,White,Male,0.0,0.0,40,United-States,<=50K
26,Private,260614.0,HS-grad,9,Married-civ-spouse,Machine-op-inspct,Husband,White,Male,0.0,0.0,40,United-States,<=50K
43,Private,191814.0,Assoc-acdm,12,Married-civ-spouse,Sales,Husband,White,Male,7688.0,0.0,50,United-States,>50K
25,Private,135568.0,HS-grad,9,Married-civ-spouse,Handlers-cleaners,Husband,White,Male,0.0,0.0,40,United-States,<=50K
39,Private,172186.0,Some-college,10,Married-civ-spouse,Exec-managerial,Husband,White,Male,0.0,0.0,40,United-States,>50K
41,Private,197344.0,HS-grad,9,Never-married,Craft-repair,Not-in-family,White,Male,0.0,0.0,54,United-States,<=50K
37,Private,83375.0,HS-grad,9,Divorced,Farming-fishing,Not-in-family,White,Male,0.0,0.0,40,United-States,<=50K
24,Private,103064.0,Bachelors,13,Never-married,Prof-specialty,Not-in-family,White,Female,0.0,0.0,40,United-States,<=50K
31,Private,121321.0,11th,7,Married-civ-spouse,Sales,Husband,White,Male,0.0,0.0,51,United-States,<=50K
62,Self-emp-inc,200577.0,Masters,14,Married-civ-spouse,Sales,Husband,White,Male,0.0,0.0,45,United-States,>50K
32,Private,100837.0,HS-grad,9,Married-civ-spouse,Machine-op-inspct,Husband,White,Male,0.0,2002.0,66,United-States,<=50K
31,Private,319146.0,Assoc-voc,11,Married-civ-spouse,Craft-repair,Husband,White,Male,4386.0,0.0,40,Mexico,>50K
32,Private,230420.0,HS-grad,9,Never-married,Machine-op-inspct,Not-in-family,White,Male,0.0,0.0,45,United-States,<=50K
65,Self-emp-inc,81413.0,HS-grad,9,Married-civ-spouse,Farming-fishing,Husband,White,Male,0.0,2352.0,65,United-States,<=50K
25,Private,114345.0,9th,5,Never-married,Craft-repair,Unmarried,White,Male,914.0,0.0,40,United-States,<=50K
41,Local-gov,111891.0,7th-8th,4,Never-married,Other-service,Unmarried,Black,Female,0.0,0.0,40,United-States,<=50K
49,Self-emp-inc,119565.0,Masters,14,Married-civ-spouse,Sales,Husband,White,Male,0.0,0.0,40,United-States,>50K
49,Private,192776.0,Masters,14,Married-civ-spouse,Exec-managerial,Husband,White,Male,0.0,1977.0,45,United-States,>50K
43,Self-emp-not-inc,130126.0,Bachelors,13,Married-civ-spouse,Craft-repair,Husband,White,Male,0.0,0.0,40,United-States,>50K
34,Local-gov,260782.0,Some-college,10,Married-civ-spouse,Handlers-cleaners,Husband,White,Male,0.0,0.0,52,United-States,>50K
37,Private,147258.0,9th,5,Married-civ-spouse,Machine-op-inspct,Husband,White,Male,0.0,0.0,50,United-States,>50K
44,Private,96170.0,7th-8th,4,Married-civ-spouse,Transport-moving,Husband,White,Male,0.0,0.0,20,United-States,<=50K
29,Private,177955.0,9th,5,Never-married,Priv-house-serv,Unmarried,White,Female,0.0,0.0,24,El-Salvador,<=50K
48,Private,443377.0,Masters,14,Never-married,Prof-specialty,Not-in-family,White,Male,0.0,0.0,50,United-States,<=50K
35,Private,199501.0,Assoc-acdm,12,Divorced,Exec-managerial,Unmarried,Black,Female,0.0,0.0,50,Jamaica,<=50K
31,Private,118551.0,HS-grad,9,Never-married,Tech-support,Not-in-family,White,Female,0.0,0.0,40,United-States,<=50K
34,Private,223267.0,HS-grad,9,Never-married,Exec-managerial,Other-relative,White,Male,0.0,0.0,50,United-States,<=50K
25,Private,176047.0,HS-grad,9,Never-married,Machine-op-inspct,Own-child,White,Female,2176.0,0.0,40,United-States,<=50K
27,Private,366066.0,Assoc-acdm,12,Never-married,Sales,Own-child,White,Female,0.0,0.0,40,United-States,<=50K
64,Local-gov,164876.0,HS-grad,9,Divorced,Transport-moving,Unmarried,White,Male,0.0,0.0,20,United-States,<=50K
45,Private,196584.0,Assoc-voc,11,Never-married,Prof-specialty,Not-in-family,White,Female,0.0,1564.0,40,United-States,>50K
28,Private,161674.0,HS-grad,9,Never-married,Machine-op-inspct,Unmarried,White,Female,0.0,0.0,40,United-States,<=50K
62,Private,119684.0,Bachelors,13,Married-civ-spouse,Sales,Husband,White,Male,2829.0,0.0,28,United-States,<=50K
38,Private,231037.0,5th-6th,3,Married-civ-spouse,Sales,Husband,White,Male,0.0,0.0,40,Mexico,<=50K
27,Federal-gov,115705.0,Assoc-voc,11,Married-civ-spouse,Adm-clerical,Husband,White,Male,7298.0,0.0,50,United-States,>50K
36,Private,218542.0,Some-college,10,Divorced,Craft-repair,Unmarried,White,Female,0.0,0.0,40,United-States,<=50K
23,Private,213115.0,HS-grad,9,Never-married,Adm-clerical,Own-child,Black,Female,0.0,0.0,40,United-States,<=50K
46,Private,203039.0,Bachelors,13,Married-civ-spouse,Sales,Husband,White,Male,0.0,0.0,48,United-States,<=50K
32,Self-emp-not-inc,180303.0,Bachelors,13,Divorced,Craft-repair,Unmarried,Asian-Pac-Islander,Male,0.0,0.0,47,Iran,<=50K
47,Private,420986.0,Bachelors,13,Married-civ-spouse,Exec-managerial,Husband,White,Male,0.0,0.0,40,United-States,>50K
21,Private,177265.0,Assoc-acdm,12,Never-married,Other-service,Own-child,White,Female,0.0,0.0,30,United-States,<=50K
42,Private,169995.0,HS-grad,9,Married-civ-spouse,Sales,Husband,White,Male,0.0,0.0,48,United-States,<=50K
44,Private,136986.0,Some-college,10,Married-civ-spouse,Craft-repair,Husband,White,Male,0.0,0.0,60,United-States,>50K
56,Private,265086.0,HS-grad,9,Married-civ-spouse,Craft-repair,Husband,White,Male,0.0,0.0,50,United-States,>50K
29,Private,84366.0,10th,6,Married-spouse-absent,Adm-clerical,Unmarried,White,Female,0.0,0.0,40,Mexico,<=50K
17,Private,147069.0,10th,6,Never-married,Sales,Own-child,White,Female,0.0,0.0,16,United-States,<=50K
28,Private,392487.0,HS-grad,9,Married-civ-spouse,Sales,Wife,White,Female,0.0,0.0,40,United-States,<=50K
46,State-gov,192779.0,Bachelors,13,Married-civ-spouse,Exec-managerial,Husband,White,Male,7688.0,0.0,40,United-States,>50K
42,State-gov,117583.0,Doctorate,16,Divorced,Prof-specialty,Not-in-family,White,Female,8614.0,0.0,60,United-States,>50K
56,Private,193622.0,HS-grad,9,Separated,Craft-repair,Unmarried,White,Male,0.0,0.0,40,United-States,<=50K
38,Private,187870.0,Bachelors,13,Married-civ-spouse,Craft-repair,Husband,White,Male,0.0,0.0,40,United-States,>50K
20,Private,194848.0,Some-college,10,Never-married,Craft-repair,Own-child,White,Male,0.0,0.0,40,United-States,<=50K
29,State-gov,51461.0,Assoc-acdm,12,Never-married,Tech-support,Not-in-family,White,Male,0.0,0.0,45,United-States,<=50K
19,Private,58471.0,HS-grad,9,Never-married,Craft-repair,Own-child,White,Female,0.0,0.0,40,United-States,<=50K
40,Private,114537.0,Assoc-voc,11,Married-civ-spouse,Exec-managerial,Husband,White,Male,0.0,0.0,50,United-States,>50K
50,Local-gov,320510.0,Some-college,10,Married-civ-spouse,Protective-serv,Husband,White,Male,7298.0,0.0,56,United-States,>50K
50,Private,155574.0,Assoc-acdm,12,Married-civ-spouse,Transport-moving,Husband,White,Male,0.0,0.0,55,United-States,>50K
32,State-gov,131588.0,Some-college,10,Never-married,Tech-support,Unmarried,Black,Female,0.0,0.0,20,United-States,<=50K
48,Private,186299.0,Bachelors,13,Married-civ-spouse,Exec-managerial,Husband,White,Male,0.0,0.0,40,United-States,>50K
32,Private,160362.0,Some-college,10,Divorced,Other-service,Other-relative,White,Male,0.0,0.0,40,Nicaragua,<=50K
28,Private,51331.0,Assoc-acdm,12,Married-civ-spouse,Exec-managerial,Wife,White,Female,0.0,0.0,16,United-States,>50K
46,Private,153501.0,HS-grad,9,Never-married,Transport-moving,Not-in-family,Amer-Indian-Eskimo,Male,0.0,0.0,40,United-States,<=50K
40,Private,118001.0,10th,6,Married-civ-spouse,Craft-repair,Husband,Black,Male,0.0,0.0,40,United-States,<=50K
28,Private,66095.0,HS-grad,9,Married-civ-spouse,Sales,Husband,White,Male,0.0,0.0,40,United-States,<=50K
25,Private,374163.0,HS-grad,9,Married-spouse-absent,Farming-fishing,Not-in-family,Other,Male,0.0,0.0,40,Mexico,<=50K
26,Private,115717.0,Some-college,10,Married-civ-spouse,Adm-clerical,Husband,White,Male,0.0,2051.0,40,United-States,<=50K
40,Private,346964.0,HS-grad,9,Divorced,Tech-support,Unmarried,White,Female,0.0,0.0,40,United-States,<=50K
33,Self-emp-not-inc,189265.0,Some-college,10,Never-married,Other-service,Not-in-family,White,Female,0.0,0.0,5,United-States,<=50K
48,Private,79646.0,11th,7,Married-civ-spouse,Farming-fishing,Husband,White,Male,0.0,0.0,50,United-States,<=50K
21,Private,325923.0,Some-college,10,Never-married,Tech-support,Own-child,White,Male,0.0,0.0,35,United-States,<=50K
33,Private,168981.0,Masters,14,Divorced,Exec-managerial,Own-child,White,Female,14084.0,0.0,50,United-States,>50K
23,Private,193949.0,Bachelors,13,Never-married,Sales,Own-child,White,Female,0.0,0.0,60,United-States,<=50K
23,Private,265077.0,Assoc-voc,11,Never-married,Other-service,Not-in-family,White,Female,0.0,0.0,40,United-States,<=50K
28,Private,109165.0,HS-grad,9,Married-civ-spouse,Tech-support,Husband,White,Male,0.0,0.0,40,United-States,<=50K
41,Self-emp-not-inc,143129.0,Bachelors,13,Divorced,Exec-managerial,Not-in-family,White,Female,0.0,0.0,40,United-States,<=50K
35,Private,45607.0,Some-college,10,Never-married,Other-service,Not-in-family,White,Male,0.0,0.0,40,United-States,<=50K
48,Private,112906.0,Masters,14,Married-civ-spouse,Transport-moving,Husband,White,Male,0.0,0.0,55,United-States,>50K
39,Private,29814.0,HS-grad,9,Married-civ-spouse,Craft-repair,Husband,White,Male,0.0,0.0,40,United-States,<=50K
35,Private,202263.0,Assoc-acdm,12,Never-married,Exec-managerial,Not-in-family,White,Male,0.0,0.0,38,United-States,<=50K
40,Local-gov,189189.0,Bachelors,13,Married-civ-spouse,Prof-specialty,Wife,White,Female,0.0,0.0,20,United-States,<=50K
62,Private,224953.0,10th,6,Married-civ-spouse,Machine-op-inspct,Husband,Black,Male,0.0,0.0,40,United-States,<=50K
25,State-gov,180884.0,Some-college,10,Married-civ-spouse,Adm-clerical,Wife,Black,Female,0.0,0.0,40,United-States,<=50K
34,State-gov,111843.0,Bachelors,13,Never-married,Adm-clerical,Not-in-family,Black,Female,3325.0,0.0,40,United-States,<=50K
20,State-gov,68358.0,Some-college,10,Never-married,Adm-clerical,Own-child,White,Female,0.0,0.0,10,United-States,<=50K
32,Private,283400.0,HS-grad,9,Never-married,Machine-op-inspct,Not-in-family,White,Female,0.0,0.0,40,United-States,<=50K
30,Local-gov,168387.0,Bachelors,13,Never-married,Exec-managerial,Own-child,White,Male,0.0,0.0,40,United-States,<=50K
40,Private,116103.0,Some-college,10,Separated,Craft-repair,Unmarried,White,Male,4934.0,0.0,47,United-States,>50K
20,Private,175069.0,Some-college,10,Never-married,Sales,Own-child,White,Male,1055.0,0.0,30,United-States,<=50K
48,Private,164954.0,HS-grad,9,Never-married,Other-service,Own-child,Black,Female,0.0,0.0,42,United-States,<=50K
19,Private,164395.0,HS-grad,9,Never-married,Adm-clerical,Own-child,White,Female,0.0,0.0,25,United-States,<=50K
22,Private,305498.0,HS-grad,9,Divorced,Sales,Own-child,White,Female,0.0,0.0,33,United-States,<=50K
32,Private,312667.0,Bachelors,13,Married-civ-spouse,Prof-specialty,Husband,White,Male,15024.0,0.0,50,United-States,>50K
29,Private,191535.0,HS-grad,9,Divorced,Craft-repair,Not-in-family,White,Male,0.0,0.0,60,United-States,<=50K
56,Private,85018.0,HS-grad,9,Never-married,Adm-clerical,Not-in-family,White,Female,0.0,0.0,40,United-States,<=50K
51,Private,237735.0,HS-grad,9,Married-civ-spouse,Handlers-cleaners,Husband,White,Male,3103.0,0.0,40,United-States,>50K
35,State-gov,28738.0,Bachelors,13,Never-married,Adm-clerical,Not-in-family,White,Female,4101.0,0.0,40,United-States,<=50K
22,Private,59184.0,HS-grad,9,Never-married,Machine-op-inspct,Not-in-family,White,Male,0.0,0.0,30,United-States,<=50K
17,Private,160758.0,10th,6,Never-married,Sales,Other-relative,White,Male,0.0,0.0,30,United-States,<=50K
52,Federal-gov,202452.0,HS-grad,9,Divorced,Adm-clerical,Not-in-family,White,Female,0.0,0.0,43,United-States,<=50K
34,Private,200401.0,HS-grad,9,Separated,Transport-moving,Own-child,White,Male,0.0,0.0,25,Columbia,<=50K
22,Private,263398.0,Some-college,10,Never-married,Tech-support,Not-in-family,White,Male,0.0,0.0,50,United-States,<=50K
47,Federal-gov,186256.0,Assoc-acdm,12,Married-civ-spouse,Exec-managerial,Husband,White,Male,15024.0,0.0,40,United-States,>50K
24,Private,163665.0,HS-grad,9,Never-married,Other-service,Not-in-family,White,Female,2174.0,0.0,40,United-States,<=50K
36,Private,184655.0,HS-grad,9,Married-civ-spouse,Machine-op-inspct,Husband,White,Male,0.0,0.0,48,United-States,<=50K
51,Private,37237.0,HS-grad,9,Married-civ-spouse,Farming-fishing,Husband,White,Male,0.0,0.0,80,United-States,>50K
34,Private,34862.0,Bachelors,13,Divorced,Sales,Not-in-family,Amer-Indian-Eskimo,Male,0.0,1564.0,60,United-States,>50K
30,Private,94235.0,HS-grad,9,Never-married,Craft-repair,Other-relative,White,Male,0.0,0.0,40,United-States,<=50K
23,Private,206861.0,Some-college,10,Never-married,Tech-support,Own-child,White,Male,0.0,0.0,25,United-States,<=50K
38,Private,324053.0,Bachelors,13,Married-civ-spouse,Sales,Husband,White,Male,0.0,0.0,40,United-States,>50K
33,Private,123253.0,Bachelors,13,Married-civ-spouse,Exec-managerial,Husband,White,Male,0.0,0.0,55,United-States,>50K
61,Private,223133.0,HS-grad,9,Divorced,Handlers-cleaners,Not-in-family,Black,Female,0.0,0.0,40,United-States,<=50K
33,Private,97723.0,HS-grad,9,Married-civ-spouse,Transport-moving,Husband,White,Male,0.0,1887.0,50,United-States,>50K
25,Private,61956.0,Some-college,10,Never-married,Transport-moving,Not-in-family,White,Male,0.0,0.0,50,United-States,<=50K
49,Private,140121.0,HS-grad,9,Divorced,Exec-managerial,Unmarried,White,Male,0.0,0.0,50,United-States,<=50K
47,Federal-gov,44257.0,Bachelors,13,Married-spouse-absent,Exec-managerial,Not-in-family,White,Male,0.0,0.0,60,United-States,>50K
35,Private,171327.0,HS-grad,9,Married-civ-spouse,Craft-repair,Husband,White,Male,0.0,0.0,40,United-States,<=50K
55,Private,125000.0,HS-grad,9,Married-civ-spouse,Machine-op-inspct,Husband,White,Male,0.0,0.0,40,United-States,>50K
25,Private,204536.0,HS-grad,9,Never-married,Craft-repair,Not-in-family,White,Male,0.0,0.0,35,United-States,<=50K
21,Private,25505.0,Assoc-voc,11,Never-married,Adm-clerical,Unmarried,Black,Female,0.0,0.0,35,United-States,<=50K
31,Private,214288.0,Some-college,10,Married-civ-spouse,Craft-repair,Husband,White,Male,0.0,0.0,40,United-States,<=50K
50,Federal-gov,307555.0,Bachelors,13,Divorced,Prof-specialty,Not-in-family,White,Male,0.0,0.0,60,United-States,>50K
45,Private,234699.0,HS-grad,9,Married-spouse-absent,Other-service,Unmarried,Black,Female,0.0,0.0,60,United-States,>50K
51,Self-emp-inc,229465.0,Masters,14,Married-civ-spouse,Exec-managerial,Husband,White,Male,15024.0,0.0,50,United-States,>50K
35,Private,269300.0,HS-grad,9,Separated,Other-service,Not-in-family,Black,Female,0.0,0.0,40,United-States,<=50K
39,Self-emp-inc,172538.0,HS-grad,9,Married-civ-spouse,Exec-managerial,Husband,White,Male,0.0,0.0,60,United-States,>50K
41,Local-gov,195897.0,Masters,14,Married-civ-spouse,Prof-specialty,Husband,White,Male,0.0,0.0,60,United-States,<=50K
39,Private,103734.0,Bachelors,13,Married-civ-spouse,Prof-specialty,Husband,White,Male,0.0,0.0,43,United-States,>50K
48,Private,155509.0,HS-grad,9,Never-married,Adm-clerical,Not-in-family,Black,Female,0.0,0.0,16,Trinadad&Tobago,<=50K
51,Private,155983.0,HS-grad,9,Married-civ-spouse,Craft-repair,Husband,White,Male,0.0,0.0,50,United-States,<=50K
54,Private,133403.0,Some-college,10,Married-civ-spouse,Machine-op-inspct,Husband,White,Male,0.0,0.0,40,United-States,<=50K
39,Private,278557.0,Assoc-voc,11,Married-civ-spouse,Craft-repair,Husband,White,Male,0.0,1628.0,48,United-States,<=50K
36,Private,234271.0,Some-college,10,Never-married,Craft-repair,Not-in-family,White,Female,0.0,0.0,40,United-States,<=50K
54,Private,128378.0,Some-college,10,Widowed,Prof-specialty,Not-in-family,White,Male,0.0,0.0,50,United-States,<=50K
50,Self-emp-inc,249644.0,HS-grad,9,Married-civ-spouse,Exec-managerial,Husband,White,Male,0.0,0.0,50,United-States,>50K
25,Private,159732.0,Some-college,10,Never-married,Adm-clerical,Not-in-family,White,Male,0.0,0.0,42,United-States,<=50K
66,Private,350498.0,Some-college,10,Married-civ-spouse,Sales,Husband,White,Male,0.0,0.0,28,United-States,<=50K
45,Private,189802.0,Some-college,10,Divorced,Adm-clerical,Not-in-family,White,Female,0.0,0.0,40,United-States,<=50K
22,Private,170302.0,HS-grad,9,Never-married,Handlers-cleaners,Unmarried,White,Male,0.0,1974.0,45,United-States,<=50K
52,Private,138497.0,Bachelors,13,Married-civ-spouse,Sales,Husband,White,Male,0.0,0.0,45,United-States,>50K
47,Private,197702.0,Some-college,10,Married-civ-spouse,Craft-repair,Husband,White,Male,0.0,0.0,40,United-States,<=50K
23,Private,238831.0,Some-college,10,Never-married,Adm-clerical,Own-child,White,Male,0.0,0.0,40,United-States,<=50K
22,Self-emp-not-inc,249046.0,Some-college,10,Never-married,Other-service,Own-child,White,Male,0.0,0.0,35,United-States,<=50K
42,Private,139012.0,Doctorate,16,Married-civ-spouse,Prof-specialty,Husband,Asian-Pac-Islander,Male,0.0,0.0,40,Taiwan,>50K
37,Private,82622.0,Some-college,10,Married-civ-spouse,Other-service,Husband,White,Male,0.0,0.0,40,United-States,>50K
51,Local-gov,117496.0,Masters,14,Married-civ-spouse,Prof-specialty,Wife,White,Female,0.0,0.0,40,United-States,>50K
27,Private,262723.0,Some-college,10,Never-married,Machine-op-inspct,Unmarried,Black,Male,0.0,0.0,40,United-States,<=50K
25,Self-emp-inc,110010.0,HS-grad,9,Divorced,Sales,Own-child,White,Male,0.0,0.0,40,United-States,<=50K
37,State-gov,173780.0,Some-college,10,Divorced,Prof-specialty,Unmarried,White,Female,0.0,0.0,30,United-States,<=50K
46,Private,91608.0,Bachelors,13,Married-civ-spouse,Adm-clerical,Husband,White,Male,0.0,0.0,40,United-States,>50K
52,Self-emp-not-inc,289436.0,Doctorate,16,Married-civ-spouse,Prof-specialty,Husband,White,Male,0.0,0.0,60,United-States,>50K
68,Self-emp-not-inc,140892.0,Masters,14,Married-civ-spouse,Transport-moving,Husband,White,Male,0.0,0.0,15,United-States,<=50K
29,Self-emp-inc,168221.0,Bachelors,13,Married-civ-spouse,Exec-managerial,Husband,White,Male,0.0,1740.0,70,United-States,<=50K
40,State-gov,182460.0,Masters,14,Married-civ-spouse,Prof-specialty,Wife,Asian-Pac-Islander,Female,0.0,0.0,38,China,>50K
33,Private,291414.0,11th,7,Married-civ-spouse,Handlers-cleaners,Husband,White,Male,0.0,0.0,40,United-States,<=50K
34,Private,226629.0,12th,8,Separated,Sales,Unmarried,White,Female,0.0,0.0,34,United-States,<=50K
43,Federal-gov,269733.0,Masters,14,Married-civ-spouse,Exec-managerial,Husband,White,Male,0.0,0.0,40,United-States,>50K
59,Private,127728.0,Some-college,10,Married-civ-spouse,Tech-support,Husband,White,Male,0.0,0.0,40,United-States,>50K
42,Private,310632.0,Some-college,10,Married-civ-spouse,Craft-repair,Husband,Black,Male,0.0,0.0,40,United-States,>50K
43,Self-emp-not-inc,35236.0,Some-college,10,Married-civ-spouse,Farming-fishing,Husband,White,Male,0.0,0.0,84,United-States,<=50K
53,Private,180062.0,7th-8th,4,Married-civ-spouse,Craft-repair,Husband,White,Male,0.0,0.0,40,United-States,<=50K
30,Private,90446.0,7th-8th,4,Married-civ-spouse,Farming-fishing,Husband,White,Male,0.0,0.0,40,Mexico,<=50K
52,Private,186785.0,HS-grad,9,Never-married,Sales,Not-in-family,White,Male,0.0,1876.0,50,United-States,<=50K
44,Federal-gov,29591.0,Bachelors,13,Divorced,Tech-support,Not-in-family,White,Male,0.0,2258.0,40,United-States,>50K
58,Local-gov,294313.0,Some-college,10,Married-civ-spouse,Adm-clerical,Wife,Black,Female,0.0,0.0,55,United-States,<=50K
49,Private,71195.0,Masters,14,Never-married,Prof-specialty,Not-in-family,White,Male,0.0,0.0,60,United-States,<=50K
55,Self-emp-not-inc,79011.0,HS-grad,9,Married-civ-spouse,Farming-fishing,Husband,Asian-Pac-Islander,Male,0.0,0.0,70,United-States,<=50K
26,Private,239877.0,Bachelors,13,Never-married,Adm-clerical,Not-in-family,White,Female,0.0,0.0,40,United-States,<=50K
52,Private,139671.0,Some-college,10,Married-civ-spouse,Exec-managerial,Husband,White,Male,0.0,1977.0,50,United-States,>50K
42,State-gov,392167.0,Bachelors,13,Married-civ-spouse,Adm-clerical,Husband,White,Male,0.0,0.0,40,United-States,>50K
24,Private,585203.0,Bachelors,13,Married-civ-spouse,Exec-managerial,Wife,White,Female,7688.0,0.0,45,United-States,>50K
55,Local-gov,98545.0,10th,6,Married-civ-spouse,Adm-clerical,Husband,White,Male,0.0,0.0,40,United-States,<=50K
26,Private,305304.0,11th,7,Married-civ-spouse,Machine-op-inspct,Husband,White,Male,0.0,0.0,40,United-States,<=50K
22,Private,215477.0,Some-college,10,Never-married,Transport-moving,Own-child,White,Male,0.0,0.0,40,United-States,<=50K
35,Private,277347.0,HS-grad,9,Married-civ-spouse,Machine-op-inspct,Husband,White,Male,0.0,0.0,55,United-States,<=50K
42,Private,285066.0,Bachelors,13,Married-civ-spouse,Prof-specialty,Husband,White,Male,0.0,0.0,45,United-States,>50K
19,Private,119529.0,Some-college,10,Never-married,Other-service,Own-child,White,Female,0.0,0.0,15,United-States,<=50K
36,Private,200360.0,Some-college,10,Never-married,Craft-repair,Not-in-family,White,Male,0.0,0.0,40,United-States,<=50K
46,Private,130364.0,HS-grad,9,Never-married,Craft-repair,Unmarried,White,Male,0.0,0.0,40,United-States,<=50K
26,Private,259585.0,Some-college,10,Never-married,Sales,Not-in-family,White,Male,0.0,0.0,24,United-States,<=50K
56,Private,232139.0,HS-grad,9,Divorced,Transport-moving,Not-in-family,White,Male,0.0,0.0,40,United-States,<=50K
28,Federal-gov,188278.0,Bachelors,13,Never-married,Protective-serv,Not-in-family,White,Male,0.0,0.0,50,United-States,<=50K
44,Private,212888.0,Bachelors,13,Divorced,Exec-managerial,Unmarried,White,Female,0.0,0.0,45,United-States,<=50K
58,Local-gov,283635.0,Bachelors,13,Never-married,Prof-specialty,Not-in-family,White,Female,0.0,0.0,40,United-States,<=50K
59,Private,91384.0,Bachelors,13,Married-civ-spouse,Adm-clerical,Husband,White,Male,0.0,0.0,40,United-States,<=50K
41,Local-gov,47858.0,Bachelors,13,Married-civ-spouse,Protective-serv,Husband,White,Male,0.0,0.0,40,United-States,>50K
39,Self-emp-inc,189092.0,Bachelors,13,Married-civ-spouse,Exec-managerial,Husband,White,Male,0.0,0.0,45,United-States,<=50K
42,Private,194710.0,Some-college,10,Never-married,Exec-managerial,Not-in-family,White,Female,0.0,0.0,40,United-States,<=50K
40,Private,89226.0,Bachelors,13,Married-civ-spouse,Sales,Husband,White,Male,0.0,0.0,40,United-States,>50K
24,State-gov,330836.0,HS-grad,9,Married-civ-spouse,Protective-serv,Husband,White,Male,0.0,0.0,40,United-States,<=50K
71,Private,155093.0,Assoc-voc,11,Widowed,Adm-clerical,Not-in-family,White,Female,0.0,0.0,20,United-States,<=50K
61,Private,153048.0,HS-grad,9,Widowed,Sales,Not-in-family,White,Female,0.0,0.0,35,United-States,<=50K
34,Private,362787.0,10th,6,Married-spouse-absent,Other-service,Unmarried,Black,Female,0.0,0.0,30,United-States,<=50K
49,Private,31267.0,7th-8th,4,Married-civ-spouse,Craft-repair,Husband,White,Male,0.0,0.0,40,United-States,<=50K
23,Private,182615.0,Some-college,10,Never-married,Adm-clerical,Own-child,White,Male,0.0,0.0,40,United-States,<=50K
31,Private,415706.0,10th,6,Separated,Other-service,Unmarried,White,Female,0.0,0.0,40,United-States,<=50K
32,Private,273241.0,Bachelors,13,Married-civ-spouse,Exec-managerial,Wife,White,Female,0.0,0.0,40,United-States,>50K
63,Private,109517.0,Some-college,10,Widowed,Adm-clerical,Unmarried,White,Female,0.0,0.0,43,United-States,<=50K
36,Local-gov,382635.0,Bachelors,13,Divorced,Adm-clerical,Unmarried,White,Female,0.0,0.0,35,Honduras,<=50K
50,Self-emp-not-inc,27539.0,Some-college,10,Married-civ-spouse,Farming-fishing,Husband,White,Male,7688.0,0.0,40,United-States,>50K
64,Private,61892.0,HS-grad,9,Widowed,Priv-house-serv,Not-in-family,White,Female,0.0,0.0,15,United-States,<=50K
33,Private,309582.0,Some-college,10,Married-civ-spouse,Transport-moving,Husband,Black,Male,7298.0,0.0,50,United-States,>50K
22,Private,133833.0,Some-college,10,Never-married,Other-service,Own-child,White,Female,0.0,0.0,25,United-States,<=50K
75,Private,314209.0,Assoc-voc,11,Widowed,Adm-clerical,Not-in-family,White,Female,0.0,0.0,20,Columbia,<=50K
69,Self-emp-not-inc,505365.0,Some-college,10,Married-civ-spouse,Sales,Husband,White,Male,6514.0,0.0,45,United-States,>50K
44,Private,115323.0,Masters,14,Married-civ-spouse,Exec-managerial,Husband,White,Male,0.0,0.0,40,United-States,>50K
23,Private,305423.0,Bachelors,13,Never-married,Handlers-cleaners,Own-child,White,Male,0.0,0.0,40,United-States,<=50K
54,Federal-gov,35576.0,Some-college,10,Married-civ-spouse,Craft-repair,Husband,White,Male,0.0,0.0,40,United-States,<=50K
57,Private,170244.0,Prof-school,15,Never-married,Prof-specialty,Not-in-family,White,Female,0.0,0.0,40,United-States,<=50K
62,Private,244933.0,Masters,14,Divorced,Prof-specialty,Not-in-family,White,Female,0.0,0.0,45,United-States,<=50K
41,Private,192602.0,Some-college,10,Married-civ-spouse,Craft-repair,Husband,White,Male,0.0,0.0,40,United-States,>50K
23,Private,398904.0,Bachelors,13,Married-civ-spouse,Prof-specialty,Wife,White,Female,0.0,0.0,40,United-States,<=50K
23,Private,410439.0,HS-grad,9,Divorced,Prof-specialty,Own-child,White,Male,0.0,0.0,20,United-States,<=50K
49,Self-emp-not-inc,173411.0,HS-grad,9,Divorced,Sales,Not-in-family,White,Male,0.0,0.0,40,United-States,<=50K
18,Private,123343.0,11th,7,Never-married,Sales,Not-in-family,White,Female,0.0,0.0,30,United-States,<=50K
25,Private,159662.0,HS-grad,9,Married-civ-spouse,Sales,Own-child,White,Male,0.0,0.0,26,United-States,>50K
24,Private,174845.0,HS-grad,9,Never-married,Adm-clerical,Not-in-family,White,Female,0.0,0.0,40,United-States,<=50K
30,Private,159442.0,HS-grad,9,Never-married,Adm-clerical,Not-in-family,White,Female,0.0,0.0,35,Ireland,<=50K
22,Private,279802.0,Some-college,10,Never-married,Adm-clerical,Own-child,White,Female,0.0,0.0,40,United-States,<=50K
19,Private,318061.0,Some-college,10,Never-married,Machine-op-inspct,Not-in-family,White,Female,0.0,0.0,80,United-States,<=50K
24,Private,217961.0,Some-college,10,Never-married,Machine-op-inspct,Not-in-family,White,Male,0.0,0.0,40,United-States,<=50K
56,Local-gov,191754.0,Masters,14,Married-civ-spouse,Prof-specialty,Husband,White,Male,0.0,0.0,50,United-States,>50K
66,Private,169804.0,Bachelors,13,Married-civ-spouse,Sales,Husband,White,Male,20051.0,0.0,40,United-States,>50K
73,Self-emp-inc,159691.0,Some-college,10,Divorced,Exec-managerial,Not-in-family,White,Female,0.0,0.0,40,United-States,<=50K
26,Local-gov,345779.0,Bachelors,13,Never-married,Prof-specialty,Not-in-family,White,Male,0.0,0.0,43,United-States,<=50K
54,Self-emp-not-inc,109413.0,Bachelors,13,Married-civ-spouse,Farming-fishing,Husband,White,Male,0.0,0.0,50,United-States,<=50K
48,Private,232145.0,HS-grad,9,Divorced,Machine-op-inspct,Not-in-family,White,Male,0.0,0.0,40,United-States,<=50K
42,State-gov,109462.0,Bachelors,13,Divorced,Adm-clerical,Unmarried,Black,Female,2977.0,0.0,40,United-States,<=50K
29,Private,438429.0,HS-grad,9,Never-married,Adm-clerical,Unmarried,White,Female,0.0,0.0,40,United-States,<=50K
62,Local-gov,115763.0,Masters,14,Married-civ-spouse,Prof-specialty,Wife,White,Female,0.0,0.0,40,United-States,>50K
51,Private,76044.0,Masters,14,Divorced,Prof-specialty,Unmarried,Other,Male,4787.0,0.0,35,Mexico,>50K
29,State-gov,89487.0,HS-grad,9,Married-civ-spouse,Craft-repair,Husband,White,Male,0.0,0.0,40,United-States,<=50K
29,Private,173789.0,HS-grad,9,Married-civ-spouse,Sales,Husband,White,Male,0.0,0.0,40,United-States,<=50K
45,Self-emp-inc,160440.0,HS-grad,9,Divorced,Exec-managerial,Not-in-family,White,Male,0.0,0.0,42,United-States,<=50K
20,Private,260254.0,HS-grad,9,Never-married,Craft-repair,Own-child,White,Male,0.0,0.0,40,United-States,<=50K
42,Private,198316.0,Assoc-voc,11,Divorced,Craft-repair,Not-in-family,White,Male,0.0,0.0,35,United-States,<=50K
34,Self-emp-not-inc,180607.0,HS-grad,9,Married-spouse-absent,Other-service,Unmarried,White,Female,0.0,0.0,45,United-States,<=50K
44,Private,222011.0,Masters,14,Divorced,Prof-specialty,Unmarried,White,Female,0.0,0.0,25,United-States,>50K
35,Private,114087.0,HS-grad,9,Married-civ-spouse,Adm-clerical,Wife,White,Female,5013.0,0.0,40,United-States,<=50K
27,Private,294451.0,11th,7,Married-civ-spouse,Farming-fishing,Husband,White,Male,0.0,0.0,40,United-States,<=50K
58,Private,37345.0,HS-grad,9,Married-civ-spouse,Sales,Husband,White,Male,0.0,0.0,40,United-States,<=50K
42,Private,191765.0,HS-grad,9,Divorced,Other-service,Other-relative,Black,Female,0.0,0.0,35,United-States,<=50K
50,Private,125417.0,Assoc-acdm,12,Married-civ-spouse,Exec-managerial,Wife,Black,Female,0.0,0.0,40,United-States,>50K
46,Private,318259.0,Some-college,10,Separated,Tech-support,Unmarried,White,Female,0.0,0.0,55,United-States,<=50K
46,Private,135803.0,Bachelors,13,Never-married,Exec-managerial,Not-in-family,Asian-Pac-Islander,Male,0.0,0.0,40,Philippines,<=50K
20,Private,198148.0,HS-grad,9,Never-married,Adm-clerical,Own-child,White,Male,0.0,0.0,40,United-States,<=50K
42,Self-emp-not-inc,323790.0,Bachelors,13,Married-civ-spouse,Exec-managerial,Husband,White,Male,0.0,1977.0,70,United-States,>50K
21,Private,186648.0,Some-college,10,Never-married,Other-service,Own-child,White,Male,0.0,0.0,20,United-States,<=50K
41,Private,33331.0,Masters,14,Married-civ-spouse,Exec-managerial,Husband,White,Male,0.0,1902.0,40,United-States,>50K
53,Private,53812.0,Some-college,10,Widowed,Exec-managerial,Not-in-family,White,Female,0.0,0.0,54,United-States,<=50K
31,Private,123273.0,HS-grad,9,Never-married,Sales,Own-child,Black,Female,0.0,0.0,40,United-States,<=50K
39,Private,329980.0,Some-college,10,Married-civ-spouse,Craft-repair,Husband,White,Male,0.0,0.0,40,United-States,>50K
26,Private,58751.0,HS-grad,9,Married-civ-spouse,Handlers-cleaners,Other-relative,White,Male,0.0,0.0,40,United-States,<=50K
24,Private,450695.0,Assoc-acdm,12,Never-married,Sales,Not-in-family,White,Male,0.0,0.0,35,United-States,<=50K
30,Private,175856.0,Masters,14,Married-civ-spouse,Prof-specialty,Husband,White,Male,0.0,0.0,38,United-States,<=50K
25,Private,262778.0,Bachelors,13,Never-married,Sales,Not-in-family,White,Female,6849.0,0.0,50,United-States,<=50K
23,Private,391171.0,Some-college,10,Never-married,Other-service,Not-in-family,Black,Male,0.0,0.0,25,United-States,<=50K
29,Private,183061.0,HS-grad,9,Married-civ-spouse,Craft-repair,Husband,Amer-Indian-Eskimo,Male,0.0,0.0,48,United-States,<=50K
34,Self-emp-not-inc,196512.0,HS-grad,9,Divorced,Exec-managerial,Unmarried,White,Female,0.0,2472.0,35,United-States,>50K
32,Private,90969.0,Assoc-voc,11,Married-civ-spouse,Transport-moving,Husband,White,Male,0.0,0.0,45,United-States,>50K
57,Self-emp-not-inc,103948.0,Prof-school,15,Married-civ-spouse,Prof-specialty,Husband,White,Male,0.0,0.0,30,United-States,>50K
53,Local-gov,188772.0,HS-grad,9,Widowed,Other-service,Not-in-family,White,Female,0.0,0.0,30,United-States,<=50K
39,Private,196673.0,HS-grad,9,Married-civ-spouse,Other-service,Wife,White,Female,5013.0,0.0,40,United-States,<=50K
48,Private,272778.0,Some-college,10,Divorced,Other-service,Unmarried,White,Female,0.0,0.0,32,United-States,<=50K
51,State-gov,226885.0,HS-grad,9,Never-married,Transport-moving,Not-in-family,White,Male,0.0,0.0,40,United-States,<=50K
63,State-gov,194682.0,Doctorate,16,Married-civ-spouse,Exec-managerial,Husband,White,Male,0.0,1902.0,50,United-States,>50K
58,Self-emp-not-inc,166258.0,Some-college,10,Married-civ-spouse,Adm-clerical,Husband,White,Male,0.0,0.0,50,United-States,<=50K
34,Self-emp-not-inc,29254.0,Some-college,10,Married-civ-spouse,Craft-repair,Husband,White,Male,0.0,0.0,55,United-States,>50K
38,Private,185330.0,Some-college,10,Never-married,Craft-repair,Own-child,White,Female,0.0,0.0,25,United-States,<=50K
38,Private,234891.0,Some-college,10,Divorced,Handlers-cleaners,Not-in-family,Amer-Indian-Eskimo,Female,0.0,0.0,40,United-States,<=50K
24,Self-emp-not-inc,83374.0,Some-college,10,Never-married,Prof-specialty,Not-in-family,Asian-Pac-Islander,Male,0.0,0.0,30,United-States,>50K
23,Private,122272.0,Bachelors,13,Never-married,Adm-clerical,Own-child,White,Female,0.0,0.0,30,United-States,<=50K
51,State-gov,48358.0,HS-grad,9,Married-civ-spouse,Craft-repair,Husband,White,Male,3103.0,0.0,52,United-States,>50K
46,Self-emp-not-inc,24367.0,10th,6,Married-civ-spouse,Farming-fishing,Husband,White,Male,0.0,0.0,99,United-States,>50K
38,Private,172538.0,Bachelors,13,Married-civ-spouse,Tech-support,Husband,White,Male,0.0,1977.0,40,United-States,>50K
47,Private,111797.0,Some-college,10,Never-married,Other-service,Not-in-family,Black,Female,0.0,0.0,35,Outlying-US(Guam-USVI-etc),<=50K
53,Federal-gov,186087.0,HS-grad,9,Divorced,Tech-support,Unmarried,White,Male,0.0,0.0,40,United-States,<=50K
32,Private,189838.0,HS-grad,9,Never-married,Sales,Not-in-family,White,Female,0.0,0.0,50,United-States,<=50K
25,Private,236267.0,HS-grad,9,Married-civ-spouse,Handlers-cleaners,Husband,White,Male,0.0,0.0,40,United-States,<=50K
29,Local-gov,82393.0,HS-grad,9,Never-married,Handlers-cleaners,Unmarried,Asian-Pac-Islander,Male,0.0,1590.0,45,United-States,<=50K
40,Private,365986.0,Bachelors,13,Married-civ-spouse,Handlers-cleaners,Own-child,White,Male,0.0,0.0,40,United-States,>50K
34,Self-emp-inc,154227.0,Some-college,10,Never-married,Sales,Not-in-family,White,Male,0.0,0.0,75,United-States,<=50K
27,Private,55390.0,Some-college,10,Never-married,Farming-fishing,Own-child,White,Male,0.0,0.0,45,United-States,<=50K
31,Local-gov,50442.0,Some-college,10,Never-married,Exec-managerial,Own-child,Amer-Indian-Eskimo,Female,0.0,0.0,32,United-States,<=50K
61,Private,132972.0,9th,5,Never-married,Machine-op-inspct,Unmarried,Black,Female,0.0,0.0,40,United-States,<=50K
23,Private,200318.0,Assoc-acdm,12,Never-married,Adm-clerical,Not-in-family,White,Female,0.0,0.0,20,United-States,<=50K
22,Private,91733.0,Some-college,10,Never-married,Other-service,Own-child,White,Female,0.0,0.0,35,United-States,<=50K
28,Private,37821.0,Some-college,10,Divorced,Sales,Unmarried,White,Female,0.0,0.0,45,United-States,<=50K
51,Private,233149.0,Assoc-acdm,12,Married-civ-spouse,Exec-managerial,Husband,White,Male,0.0,0.0,45,United-States,>50K
19,Private,104844.0,Some-college,10,Never-married,Sales,Own-child,White,Female,0.0,0.0,15,United-States,<=50K
27,Private,394927.0,Bachelors,13,Married-civ-spouse,Sales,Husband,White,Male,0.0,0.0,55,United-States,<=50K
30,Self-emp-not-inc,113838.0,Assoc-voc,11,Married-civ-spouse,Sales,Husband,White,Male,3137.0,0.0,60,Germany,<=50K
35,Private,122493.0,Assoc-voc,11,Married-civ-spouse,Machine-op-inspct,Husband,White,Male,0.0,0.0,40,United-States,<=50K
48,Private,102112.0,Assoc-acdm,12,Married-civ-spouse,Prof-specialty,Husband,White,Male,0.0,0.0,50,United-States,>50K
53,Private,151864.0,HS-grad,9,Married-civ-spouse,Craft-repair,Husband,White,Male,0.0,0.0,40,United-States,<=50K
39,Self-emp-not-inc,102178.0,Some-college,10,Married-civ-spouse,Exec-managerial,Husband,White,Male,0.0,0.0,35,United-States,<=50K
50,Self-emp-inc,104849.0,Prof-school,15,Married-civ-spouse,Prof-specialty,Husband,Asian-Pac-Islander,Male,0.0,0.0,40,India,<=50K
30,Private,378009.0,HS-grad,9,Never-married,Machine-op-inspct,Own-child,White,Male,0.0,0.0,40,United-States,<=50K
28,Private,191342.0,Some-college,10,Never-married,Sales,Not-in-family,Other,Male,0.0,0.0,40,India,<=50K
44,Local-gov,144778.0,Bachelors,13,Married-civ-spouse,Prof-specialty,Husband,White,Male,0.0,0.0,40,United-States,>50K
47,Private,186935.0,11th,7,Married-civ-spouse,Transport-moving,Husband,Black,Male,0.0,0.0,40,United-States,<=50K
29,Private,167336.0,Some-college,10,Married-civ-spouse,Adm-clerical,Wife,White,Female,0.0,0.0,50,United-States,<=50K
45,State-gov,310049.0,Assoc-voc,11,Married-civ-spouse,Prof-specialty,Wife,Asian-Pac-Islander,Female,0.0,0.0,40,Philippines,>50K
28,Private,191355.0,Bachelors,13,Married-civ-spouse,Sales,Husband,White,Male,0.0,0.0,45,United-States,>50K
46,Private,319163.0,HS-grad,9,Married-civ-spouse,Craft-repair,Husband,Black,Male,0.0,0.0,40,United-States,<=50K
32,Private,160594.0,Some-college,10,Never-married,Other-service,Own-child,White,Male,0.0,0.0,35,United-States,<=50K
19,Local-gov,220558.0,11th,7,Never-married,Handlers-cleaners,Other-relative,White,Male,0.0,0.0,35,United-States,<=50K
53,Private,89587.0,Some-college,10,Married-civ-spouse,Transport-moving,Husband,White,Male,7298.0,0.0,45,United-States,>50K
34,Private,113708.0,12th,8,Married-civ-spouse,Craft-repair,Husband,White,Male,0.0,0.0,59,United-States,>50K
21,Private,223352.0,HS-grad,9,Never-married,Other-service,Not-in-family,White,Female,1055.0,0.0,30,United-States,<=50K
37,Private,32207.0,HS-grad,9,Never-married,Transport-moving,Not-in-family,White,Male,0.0,0.0,40,United-States,<=50K
28,Private,197222.0,Some-college,10,Never-married,Tech-support,Own-child,White,Female,0.0,0.0,38,United-States,<=50K
19,Private,106306.0,Some-college,10,Never-married,Craft-repair,Own-child,White,Female,0.0,0.0,20,United-States,<=50K
41,Private,114157.0,HS-grad,9,Divorced,Machine-op-inspct,Own-child,White,Male,0.0,0.0,40,United-States,<=50K
38,Private,133935.0,HS-grad,9,Married-civ-spouse,Craft-repair,Husband,White,Male,0.0,0.0,41,El-Salvador,>50K
66,Private,263637.0,10th,6,Married-civ-spouse,Protective-serv,Husband,White,Male,0.0,0.0,40,United-States,<=50K
43,Private,186188.0,Some-college,10,Divorced,Adm-clerical,Unmarried,White,Female,0.0,0.0,40,United-States,<=50K
22,Private,156822.0,10th,6,Never-married,Sales,Not-in-family,White,Female,0.0,1762.0,25,United-States,<=50K
31,Private,302679.0,HS-grad,9,Married-civ-spouse,Craft-repair,Husband,White,Male,0.0,0.0,40,United-States,<=50K
40,Private,168538.0,HS-grad,9,Married-civ-spouse,Sales,Husband,White,Male,0.0,0.0,60,United-States,>50K
32,Private,131584.0,HS-grad,9,Never-married,Craft-repair,Own-child,White,Male,0.0,0.0,40,United-States,<=50K
32,Private,268282.0,7th-8th,4,Married-spouse-absent,Farming-fishing,Other-relative,White,Male,0.0,0.0,35,Mexico,<=50K
35,Private,125933.0,Bachelors,13,Married-civ-spouse,Craft-repair,Husband,White,Male,0.0,0.0,50,United-States,>50K
51,Private,63424.0,Masters,14,Married-civ-spouse,Prof-specialty,Wife,White,Female,0.0,0.0,40,United-States,>50K
64,Private,45868.0,7th-8th,4,Separated,Priv-house-serv,Not-in-family,Other,Female,0.0,0.0,35,Mexico,<=50K
27,Private,190525.0,Assoc-voc,11,Never-married,Machine-op-inspct,Unmarried,White,Male,0.0,0.0,45,United-States,<=50K
49,Private,162264.0,HS-grad,9,Never-married,Machine-op-inspct,Not-in-family,Black,Male,0.0,0.0,40,United-States,<=50K
34,Self-emp-not-inc,101266.0,Bachelors,13,Never-married,Sales,Not-in-family,White,Male,0.0,0.0,62,United-States,<=50K
42,Private,42907.0,HS-grad,9,Divorced,Machine-op-inspct,Unmarried,White,Male,0.0,0.0,48,United-States,<=50K
31,Private,206512.0,11th,7,Never-married,Handlers-cleaners,Own-child,White,Male,0.0,0.0,25,United-States,<=50K
46,Private,41223.0,Some-college,10,Married-civ-spouse,Adm-clerical,Husband,White,Male,0.0,0.0,40,United-States,>50K
18,Private,183011.0,Some-college,10,Never-married,Other-service,Own-child,Black,Female,0.0,0.0,15,Haiti,<=50K
39,Local-gov,113253.0,Bachelors,13,Married-civ-spouse,Prof-specialty,Wife,White,Female,0.0,0.0,50,United-States,>50K
64,Self-emp-not-inc,167877.0,HS-grad,9,Married-civ-spouse,Prof-specialty,Husband,White,Male,0.0,0.0,60,United-States,>50K
20,Private,70240.0,HS-grad,9,Never-married,Sales,Own-child,Asian-Pac-Islander,Female,0.0,0.0,24,Philippines,<=50K
50,Private,198362.0,Assoc-voc,11,Widowed,Exec-managerial,Unmarried,White,Female,0.0,0.0,40,United-States,<=50K
34,Private,284629.0,HS-grad,9,Married-civ-spouse,Machine-op-inspct,Husband,White,Male,0.0,0.0,40,United-States,<=50K
59,Self-emp-not-inc,178353.0,HS-grad,9,Married-civ-spouse,Exec-managerial,Husband,White,Male,0.0,0.0,50,United-States,>50K
54,Self-emp-not-inc,105010.0,Bachelors,13,Married-civ-spouse,Exec-managerial,Husband,White,Male,0.0,0.0,40,United-States,>50K
44,Local-gov,188808.0,Assoc-voc,11,Married-civ-spouse,Craft-repair,Husband,White,Male,0.0,0.0,40,United-States,>50K
64,Private,203783.0,HS-grad,9,Widowed,Adm-clerical,Unmarried,White,Female,0.0,0.0,8,United-States,<=50K
44,Local-gov,445382.0,Some-college,10,Married-civ-spouse,Machine-op-inspct,Husband,White,Male,7688.0,0.0,40,United-States,>50K
38,Private,372484.0,11th,7,Never-married,Other-service,Own-child,Black,Female,0.0,0.0,40,United-States,<=50K
20,Private,138938.0,Some-college,10,Never-married,Prof-specialty,Own-child,White,Female,0.0,0.0,10,United-States,<=50K
38,Private,173208.0,Masters,14,Married-civ-spouse,Prof-specialty,Husband,White,Male,0.0,0.0,25,United-States,<=50K
45,State-gov,320818.0,Some-college,10,Married-spouse-absent,Other-service,Other-relative,Black,Male,0.0,0.0,40,Haiti,<=50K
53,Private,122412.0,Bachelors,13,Never-married,Prof-specialty,Not-in-family,White,Female,0.0,0.0,40,United-States,<=50K
44,Local-gov,193882.0,Assoc-voc,11,Never-married,Tech-support,Not-in-family,White,Male,0.0,1340.0,40,United-States,<=50K
26,Private,236068.0,Some-college,10,Never-married,Sales,Other-relative,White,Female,0.0,0.0,20,United-States,<=50K
28,Private,285897.0,Bachelors,13,Married-civ-spouse,Exec-managerial,Husband,White,Male,0.0,0.0,40,United-States,<=50K
62,Self-emp-not-inc,369734.0,HS-grad,9,Married-civ-spouse,Adm-clerical,Wife,White,Female,0.0,0.0,40,United-States,<=50K
27,Private,221561.0,11th,7,Married-civ-spouse,Other-service,Wife,Black,Female,0.0,0.0,32,United-States,<=50K
33,Private,473133.0,Doctorate,16,Married-civ-spouse,Prof-specialty,Husband,White,Male,15024.0,0.0,50,United-States,>50K
42,Local-gov,199095.0,Assoc-voc,11,Widowed,Prof-specialty,Unmarried,Black,Female,0.0,0.0,40,United-States,<=50K
44,State-gov,55076.0,Masters,14,Never-married,Prof-specialty,Not-in-family,White,Female,0.0,0.0,60,United-States,<=50K
26,Private,190873.0,10th,6,Divorced,Other-service,Unmarried,White,Female,0.0,0.0,40,Germany,<=50K
38,Private,216572.0,HS-grad,9,Separated,Priv-house-serv,Unmarried,Black,Female,0.0,0.0,40,United-States,<=50K
61,Self-emp-not-inc,185640.0,HS-grad,9,Married-civ-spouse,Exec-managerial,Husband,White,Male,0.0,0.0,30,United-States,>50K
35,Private,174938.0,HS-grad,9,Married-civ-spouse,Adm-clerical,Husband,White,Male,0.0,0.0,40,United-States,<=50K
54,Private,133403.0,9th,5,Married-civ-spouse,Machine-op-inspct,Husband,White,Male,0.0,1902.0,35,United-States,<=50K
34,Private,238912.0,HS-grad,9,Married-civ-spouse,Exec-managerial,Husband,White,Male,0.0,0.0,40,United-States,<=50K
42,Private,435356.0,Assoc-acdm,12,Married-civ-spouse,Exec-managerial,Husband,White,Male,0.0,0.0,44,United-States,>50K
60,Self-emp-not-inc,54614.0,Assoc-voc,11,Married-civ-spouse,Other-service,Wife,White,Female,0.0,0.0,40,United-States,<=50K
21,Private,190916.0,Some-college,10,Never-married,Sales,Own-child,White,Female,0.0,0.0,20,United-States,<=50K
51,Private,173987.0,HS-grad,9,Married-civ-spouse,Sales,Husband,White,Male,0.0,0.0,48,United-States,>50K
59,Private,142182.0,HS-grad,9,Married-civ-spouse,Other-service,Husband,White,Male,0.0,0.0,40,United-States,>50K
44,Private,137367.0,HS-grad,9,Married-civ-spouse,Other-service,Husband,Asian-Pac-Islander,Male,0.0,0.0,40,Thailand,<=50K
25,Private,209230.0,HS-grad,9,Never-married,Other-service,Own-child,White,Female,0.0,0.0,6,United-States,<=50K
36,Self-emp-not-inc,90159.0,Some-college,10,Married-civ-spouse,Other-service,Wife,White,Female,0.0,0.0,40,United-States,<=50K
55,Private,104996.0,7th-8th,4,Married-civ-spouse,Transport-moving,Husband,White,Male,0.0,0.0,50,United-States,<=50K
22,Private,183083.0,Some-college,10,Never-married,Machine-op-inspct,Not-in-family,White,Female,0.0,0.0,35,United-States,<=50K
49,Private,131918.0,Some-college,10,Married-civ-spouse,Machine-op-inspct,Husband,White,Male,0.0,0.0,50,United-States,>50K
20,Private,61777.0,Some-college,10,Never-married,Sales,Not-in-family,White,Male,0.0,0.0,30,United-States,<=50K
21,Private,90935.0,Assoc-voc,11,Never-married,Transport-moving,Own-child,White,Male,0.0,0.0,40,United-States,<=50K
29,Private,53181.0,Masters,14,Married-civ-spouse,Prof-specialty,Husband,White,Male,0.0,0.0,55,United-States,>50K
59,Private,160362.0,HS-grad,9,Married-civ-spouse,Sales,Husband,White,Male,0.0,0.0,60,United-States,<=50K
26,Local-gov,176756.0,HS-grad,9,Married-civ-spouse,Tech-support,Husband,White,Male,0.0,0.0,75,United-States,>50K
31,Federal-gov,30917.0,Some-college,10,Married-civ-spouse,Protective-serv,Husband,White,Male,0.0,0.0,72,United-States,<=50K
26,Private,264012.0,Bachelors,13,Never-married,Adm-clerical,Not-in-family,White,Male,0.0,0.0,40,United-States,<=50K
64,Local-gov,84737.0,HS-grad,9,Married-civ-spouse,Other-service,Husband,Asian-Pac-Islander,Male,0.0,0.0,35,United-States,>50K
30,Private,109117.0,Assoc-voc,11,Never-married,Handlers-cleaners,Own-child,White,Male,0.0,0.0,45,United-States,<=50K
39,Federal-gov,82622.0,Bachelors,13,Never-married,Adm-clerical,Not-in-family,White,Male,0.0,0.0,45,United-States,<=50K
80,Self-emp-not-inc,132728.0,HS-grad,9,Never-married,Exec-managerial,Not-in-family,White,Male,0.0,0.0,20,United-States,<=50K
45,Self-emp-not-inc,277630.0,Some-college,10,Divorced,Exec-managerial,Not-in-family,Black,Male,0.0,0.0,48,United-States,<=50K
43,Private,141327.0,HS-grad,9,Divorced,Machine-op-inspct,Not-in-family,White,Female,0.0,0.0,40,United-States,<=50K
53,Private,350131.0,Bachelors,13,Married-civ-spouse,Prof-specialty,Wife,White,Female,0.0,0.0,48,United-States,>50K
49,Private,122177.0,HS-grad,9,Never-married,Handlers-cleaners,Own-child,White,Male,0.0,0.0,80,United-States,<=50K
32,Federal-gov,111567.0,Prof-school,15,Married-civ-spouse,Prof-specialty,Husband,White,Male,0.0,0.0,40,United-States,>50K
41,Federal-gov,92968.0,Masters,14,Never-married,Tech-support,Not-in-family,Black,Male,0.0,0.0,40,United-States,<=50K
34,Private,149902.0,Masters,14,Never-married,Other-service,Unmarried,Black,Female,0.0,0.0,28,United-States,<=50K
43,Private,174575.0,Some-college,10,Divorced,Prof-specialty,Unmarried,White,Male,0.0,0.0,45,United-States,<=50K
28,Private,239539.0,HS-grad,9,Married-spouse-absent,Machine-op-inspct,Own-child,Asian-Pac-Islander,Male,0.0,0.0,40,Philippines,<=50K
31,Private,293594.0,HS-grad,9,Never-married,Adm-clerical,Unmarried,White,Female,0.0,3770.0,37,Puerto-Rico,<=50K
41,State-gov,288433.0,Masters,14,Never-married,Adm-clerical,Not-in-family,Black,Female,0.0,0.0,40,United-States,<=50K
35,Private,122353.0,11th,7,Never-married,Handlers-cleaners,Other-relative,White,Male,0.0,0.0,40,United-States,<=50K
29,Private,423024.0,5th-6th,3,Married-civ-spouse,Farming-fishing,Husband,White,Male,0.0,0.0,40,Mexico,<=50K
35,Private,241306.0,HS-grad,9,Married-civ-spouse,Machine-op-inspct,Husband,White,Male,5013.0,0.0,40,United-States,<=50K
49,Private,105449.0,Bachelors,13,Never-married,Priv-house-serv,Not-in-family,White,Male,0.0,0.0,25,United-States,<=50K
58,Private,219504.0,12th,8,Divorced,Transport-moving,Unmarried,Black,Male,0.0,0.0,45,United-States,>50K
34,State-gov,252529.0,Bachelors,13,Never-married,Prof-specialty,Not-in-family,White,Male,0.0,0.0,48,United-States,<=50K
64,Self-emp-not-inc,192695.0,5th-6th,3,Married-civ-spouse,Farming-fishing,Husband,White,Male,0.0,0.0,70,Canada,<=50K
29,Private,207064.0,HS-grad,9,Married-civ-spouse,Craft-repair,Husband,White,Male,0.0,0.0,40,United-States,>50K
43,Private,203233.0,HS-grad,9,Married-civ-spouse,Transport-moving,Husband,White,Male,0.0,0.0,50,United-States,>50K
46,Private,295334.0,Doctorate,16,Married-civ-spouse,Prof-specialty,Husband,White,Male,0.0,0.0,60,United-States,>50K
28,Private,315287.0,Some-college,10,Never-married,Prof-specialty,Not-in-family,Black,Male,0.0,0.0,40,United-States,<=50K
48,Private,48553.0,Some-college,10,Never-married,Exec-managerial,Not-in-family,White,Male,0.0,0.0,72,United-States,<=50K
35,Private,325802.0,Assoc-acdm,12,Divorced,Handlers-cleaners,Unmarried,White,Female,0.0,0.0,24,United-States,<=50K
51,Private,96586.0,Some-college,10,Married-civ-spouse,Tech-support,Husband,White,Male,0.0,0.0,40,United-States,>50K
43,Private,190044.0,10th,6,Married-civ-spouse,Transport-moving,Husband,White,Male,0.0,0.0,40,United-States,<=50K
23,Private,47541.0,HS-grad,9,Married-civ-spouse,Machine-op-inspct,Husband,White,Male,0.0,0.0,50,United-States,<=50K
48,Private,226696.0,HS-grad,9,Married-civ-spouse,Craft-repair,Husband,Black,Male,0.0,0.0,40,United-States,<=50K
43,Private,226902.0,HS-grad,9,Married-civ-spouse,Sales,Husband,White,Male,0.0,0.0,80,United-States,>50K
39,State-gov,114055.0,Bachelors,13,Never-married,Exec-managerial,Not-in-family,White,Female,0.0,0.0,40,United-States,<=50K
37,Local-gov,216473.0,HS-grad,9,Married-civ-spouse,Protective-serv,Husband,White,Male,0.0,0.0,48,United-States,>50K
40,Self-emp-inc,140915.0,Bachelors,13,Married-civ-spouse,Tech-support,Husband,Other,Male,0.0,0.0,40,France,>50K
29,Private,193152.0,HS-grad,9,Never-married,Handlers-cleaners,Not-in-family,White,Male,0.0,1408.0,40,United-States,<=50K
41,Private,112763.0,HS-grad,9,Divorced,Handlers-cleaners,Own-child,White,Female,2597.0,0.0,40,United-States,<=50K
36,Self-emp-not-inc,350103.0,HS-grad,9,Married-civ-spouse,Craft-repair,Husband,White,Male,0.0,0.0,40,United-States,<=50K
42,State-gov,293791.0,Bachelors,13,Married-civ-spouse,Exec-managerial,Husband,White,Male,0.0,0.0,50,United-States,>50K
43,Self-emp-not-inc,180985.0,Bachelors,13,Separated,Craft-repair,Unmarried,White,Male,0.0,0.0,35,United-States,<=50K
38,Private,220585.0,HS-grad,9,Married-civ-spouse,Exec-managerial,Husband,White,Male,0.0,0.0,55,United-States,>50K
32,Private,175413.0,HS-grad,9,Never-married,Adm-clerical,Other-relative,Black,Female,0.0,0.0,40,Jamaica,<=50K
24,Private,227610.0,10th,6,Divorced,Handlers-cleaners,Unmarried,White,Female,0.0,0.0,58,United-States,<=50K
31,Private,155781.0,Bachelors,13,Married-civ-spouse,Sales,Husband,White,Male,0.0,0.0,40,United-States,>50K
55,Private,144084.0,10th,6,Married-civ-spouse,Other-service,Husband,White,Male,0.0,0.0,40,United-States,<=50K
31,Private,114691.0,HS-grad,9,Never-married,Sales,Own-child,White,Male,0.0,0.0,40,United-States,<=50K
32,Private,93213.0,Assoc-acdm,12,Married-civ-spouse,Machine-op-inspct,Husband,White,Male,0.0,0.0,62,United-States,<=50K
44,Self-emp-inc,229466.0,Some-college,10,Married-civ-spouse,Exec-managerial,Husband,White,Male,0.0,0.0,50,United-States,>50K
35,Private,168817.0,HS-grad,9,Never-married,Machine-op-inspct,Own-child,White,Male,0.0,0.0,40,United-States,<=50K
25,Self-emp-not-inc,217030.0,HS-grad,9,Never-married,Other-service,Unmarried,White,Female,0.0,0.0,30,United-States,<=50K
57,Private,46699.0,HS-grad,9,Married-civ-spouse,Adm-clerical,Wife,White,Female,0.0,0.0,40,United-States,<=50K
28,Private,192384.0,Bachelors,13,Married-civ-spouse,Sales,Husband,White,Male,0.0,0.0,40,United-States,>50K
31,Private,204752.0,Bachelors,13,Never-married,Exec-managerial,Not-in-family,White,Male,0.0,0.0,50,United-States,<=50K
25,Self-emp-not-inc,113436.0,Some-college,10,Never-married,Craft-repair,Unmarried,White,Male,0.0,0.0,35,United-States,<=50K
37,Private,94706.0,Bachelors,13,Never-married,Prof-specialty,Own-child,Amer-Indian-Eskimo,Male,27828.0,0.0,40,United-States,>50K
37,Private,187022.0,Bachelors,13,Never-married,Adm-clerical,Not-in-family,White,Male,0.0,0.0,40,United-States,<=50K
34,Private,227689.0,Assoc-voc,11,Divorced,Tech-support,Not-in-family,White,Female,0.0,0.0,64,United-States,<=50K
52,Private,198744.0,HS-grad,9,Widowed,Sales,Not-in-family,White,Female,0.0,0.0,40,United-States,<=50K
50,Private,266433.0,Some-college,10,Divorced,Tech-support,Not-in-family,White,Female,0.0,0.0,40,United-States,<=50K
55,Local-gov,161662.0,Masters,14,Married-civ-spouse,Exec-managerial,Husband,White,Male,0.0,0.0,55,United-States,>50K
56,Federal-gov,255386.0,Some-college,10,Married-civ-spouse,Adm-clerical,Husband,Asian-Pac-Islander,Male,0.0,0.0,40,Laos,<=50K
63,Self-emp-not-inc,159715.0,10th,6,Married-civ-spouse,Machine-op-inspct,Husband,White,Male,0.0,0.0,40,United-States,<=50K
31,Private,265706.0,Bachelors,13,Never-married,Sales,Not-in-family,White,Male,0.0,0.0,40,United-States,<=50K
45,Federal-gov,235891.0,Assoc-acdm,12,Never-married,Adm-clerical,Not-in-family,White,Male,0.0,0.0,40,Columbia,<=50K
20,Private,132053.0,Some-college,10,Never-married,Prof-specialty,Own-child,White,Female,0.0,0.0,2,United-States,<=50K
25,Private,404951.0,Bachelors,13,Never-married,Exec-managerial,Not-in-family,Black,Female,0.0,0.0,38,United-States,<=50K
30,Federal-gov,97355.0,Some-college,10,Separated,Prof-specialty,Not-in-family,White,Female,0.0,0.0,40,United-States,<=50K
45,Private,145637.0,Some-college,10,Divorced,Adm-clerical,Unmarried,White,Female,0.0,0.0,48,United-States,<=50K
30,Private,91145.0,HS-grad,9,Married-civ-spouse,Machine-op-inspct,Husband,White,Male,0.0,0.0,40,United-States,<=50K
40,Private,176602.0,HS-grad,9,Divorced,Other-service,Not-in-family,Black,Male,0.0,0.0,40,United-States,<=50K
28,Private,398918.0,HS-grad,9,Never-married,Tech-support,Not-in-family,White,Male,0.0,0.0,40,United-States,<=50K
18,Private,141363.0,Some-college,10,Never-married,Other-service,Not-in-family,White,Female,0.0,0.0,40,United-States,<=50K
31,Private,117526.0,Some-college,10,Never-married,Farming-fishing,Not-in-family,White,Female,0.0,0.0,45,United-States,<=50K
57,Private,142076.0,HS-grad,9,Married-civ-spouse,Machine-op-inspct,Husband,White,Male,4386.0,0.0,40,United-States,>50K
36,Private,142711.0,HS-grad,9,Separated,Machine-op-inspct,Not-in-family,White,Male,0.0,0.0,40,Puerto-Rico,<=50K
56,Federal-gov,61885.0,Bachelors,13,Never-married,Transport-moving,Not-in-family,Black,Male,0.0,2001.0,65,United-States,<=50K
58,Private,270131.0,5th-6th,3,Widowed,Other-service,Unmarried,White,Female,0.0,0.0,70,Mexico,<=50K
33,Local-gov,175509.0,HS-grad,9,Married-civ-spouse,Protective-serv,Husband,White,Male,0.0,0.0,40,United-States,<=50K
21,Self-emp-not-inc,74538.0,Some-college,10,Never-married,Tech-support,Not-in-family,White,Male,0.0,0.0,25,United-States,<=50K
51,Private,96609.0,Some-college,10,Married-civ-spouse,Craft-repair,Husband,White,Male,0.0,0.0,40,United-States,<=50K
48,Private,163706.0,Bachelors,13,Married-civ-spouse,Exec-managerial,Husband,White,Male,15024.0,0.0,70,United-States,>50K
31,Private,246439.0,Assoc-acdm,12,Never-married,Tech-support,Own-child,White,Male,0.0,0.0,45,United-States,<=50K
41,Private,159549.0,Bachelors,13,Married-civ-spouse,Sales,Husband,White,Male,0.0,0.0,40,United-States,<=50K
18,Private,294720.0,11th,7,Never-married,Other-service,Own-child,White,Male,0.0,0.0,12,United-States,<=50K
22,Private,496856.0,Some-college,10,Married-civ-spouse,Exec-managerial,Wife,White,Female,0.0,0.0,40,United-States,<=50K
90,Private,47929.0,HS-grad,9,Married-civ-spouse,Machine-op-inspct,Husband,White,Male,0.0,0.0,40,United-States,<=50K
49,Self-emp-inc,125892.0,Prof-school,15,Married-civ-spouse,Prof-specialty,Husband,White,Male,0.0,0.0,40,United-States,>50K
28,Self-emp-not-inc,115945.0,Some-college,10,Never-married,Prof-specialty,Unmarried,White,Male,0.0,0.0,40,United-States,<=50K
39,Private,148015.0,HS-grad,9,Never-married,Machine-op-inspct,Not-in-family,Black,Female,0.0,0.0,52,United-States,<=50K
27,Private,344094.0,HS-grad,9,Never-married,Craft-repair,Own-child,White,Male,0.0,0.0,40,United-States,<=50K
50,Local-gov,120190.0,Masters,14,Divorced,Prof-specialty,Not-in-family,White,Female,0.0,0.0,45,United-States,<=50K
43,Private,144778.0,HS-grad,9,Married-civ-spouse,Exec-managerial,Husband,White,Male,0.0,0.0,50,United-States,>50K
28,Local-gov,133136.0,Masters,14,Never-married,Prof-specialty,Not-in-family,White,Male,0.0,0.0,35,United-States,<=50K
26,Private,161007.0,Assoc-voc,11,Married-civ-spouse,Handlers-cleaners,Husband,White,Male,0.0,0.0,80,United-States,<=50K
26,Private,201579.0,Some-college,10,Never-married,Craft-repair,Unmarried,White,Male,0.0,0.0,40,Mexico,<=50K
45,Private,140664.0,Assoc-acdm,12,Divorced,Transport-moving,Not-in-family,White,Male,0.0,0.0,55,United-States,<=50K
77,Private,183781.0,HS-grad,9,Widowed,Craft-repair,Unmarried,White,Female,0.0,0.0,5,United-States,<=50K
31,Private,119033.0,HS-grad,9,Married-civ-spouse,Craft-repair,Husband,White,Male,0.0,0.0,40,United-States,<=50K
22,Private,133833.0,Some-college,10,Never-married,Adm-clerical,Own-child,White,Female,0.0,0.0,40,United-States,<=50K
63,Private,71800.0,7th-8th,4,Widowed,Other-service,Not-in-family,White,Female,0.0,0.0,41,United-States,<=50K
61,Private,190955.0,Bachelors,13,Married-civ-spouse,Exec-managerial,Husband,White,Male,7688.0,0.0,40,United-States,>50K
30,Private,156718.0,HS-grad,9,Never-married,Tech-support,Not-in-family,White,Female,0.0,0.0,40,United-States,<=50K
48,Private,119565.0,HS-grad,9,Married-civ-spouse,Craft-repair,Husband,White,Male,0.0,0.0,40,United-States,<=50K
52,Private,155983.0,Bachelors,13,Married-civ-spouse,Exec-managerial,Husband,White,Male,0.0,0.0,40,United-States,>50K
59,State-gov,139616.0,Masters,14,Married-civ-spouse,Exec-managerial,Husband,White,Male,0.0,0.0,50,United-States,>50K
39,Private,185405.0,10th,6,Married-civ-spouse,Craft-repair,Husband,White,Male,0.0,0.0,40,United-States,<=50K
18,Private,186408.0,HS-grad,9,Never-married,Handlers-cleaners,Own-child,White,Male,1055.0,0.0,40,United-States,<=50K
39,Private,325374.0,Bachelors,13,Married-civ-spouse,Exec-managerial,Husband,White,Male,15024.0,0.0,40,United-States,>50K
60,Private,125832.0,HS-grad,9,Divorced,Prof-specialty,Not-in-family,White,Female,0.0,0.0,72,Canada,<=50K
29,Private,193932.0,HS-grad,9,Never-married,Transport-moving,Not-in-family,White,Male,0.0,0.0,40,United-States,<=50K
60,Private,165441.0,7th-8th,4,Divorced,Machine-op-inspct,Unmarried,White,Female,0.0,0.0,40,United-States,<=50K
39,Self-emp-not-inc,140752.0,HS-grad,9,Married-civ-spouse,Sales,Husband,White,Male,0.0,0.0,50,United-States,>50K
71,State-gov,26109.0,Prof-school,15,Married-civ-spouse,Other-service,Husband,White,Male,0.0,0.0,28,United-States,<=50K
51,Local-gov,143865.0,10th,6,Widowed,Other-service,Not-in-family,White,Female,0.0,0.0,24,United-States,<=50K
67,Private,23580.0,Assoc-acdm,12,Divorced,Tech-support,Not-in-family,White,Female,0.0,0.0,40,United-States,<=50K
35,Private,360743.0,Bachelors,13,Never-married,Adm-clerical,Not-in-family,Black,Male,0.0,0.0,55,United-States,<=50K
48,Self-emp-not-inc,317360.0,Bachelors,13,Married-civ-spouse,Prof-specialty,Wife,White,Female,0.0,0.0,20,United-States,>50K
54,Private,257337.0,Some-college,10,Married-civ-spouse,Craft-repair,Husband,White,Male,0.0,0.0,40,United-States,>50K
38,Private,204640.0,Some-college,10,Widowed,Adm-clerical,Unmarried,Black,Female,0.0,0.0,40,United-States,<=50K
61,Private,101265.0,12th,8,Widowed,Machine-op-inspct,Unmarried,White,Female,0.0,0.0,40,Italy,<=50K
35,Private,61343.0,Bachelors,13,Married-civ-spouse,Sales,Husband,White,Male,0.0,0.0,40,United-States,>50K
50,Private,41890.0,HS-grad,9,Married-civ-spouse,Craft-repair,Husband,White,Male,0.0,0.0,40,United-States,<=50K
28,Local-gov,327533.0,HS-grad,9,Married-civ-spouse,Protective-serv,Husband,White,Male,3908.0,0.0,40,United-States,<=50K
52,Private,103995.0,HS-grad,9,Married-civ-spouse,Sales,Wife,White,Female,0.0,0.0,40,United-States,<=50K
19,Private,530454.0,HS-grad,9,Never-married,Other-service,Not-in-family,White,Female,0.0,0.0,50,United-States,<=50K
68,Local-gov,31725.0,HS-grad,9,Married-civ-spouse,Farming-fishing,Husband,White,Male,0.0,0.0,40,United-States,<=50K
34,Private,157747.0,Bachelors,13,Married-civ-spouse,Exec-managerial,Husband,White,Male,0.0,0.0,40,United-States,>50K
64,Private,298301.0,HS-grad,9,Married-civ-spouse,Other-service,Husband,White,Male,0.0,0.0,40,United-States,<=50K
27,Private,214695.0,Bachelors,13,Never-married,Prof-specialty,Not-in-family,White,Male,0.0,0.0,50,United-States,<=50K
51,Private,106728.0,Bachelors,13,Married-civ-spouse,Exec-managerial,Husband,White,Male,5178.0,0.0,60,United-States,>50K
48,Private,148549.0,Bachelors,13,Never-married,Exec-managerial,Not-in-family,White,Male,0.0,0.0,50,United-States,<=50K
34,Private,180284.0,Some-college,10,Married-civ-spouse,Farming-fishing,Husband,White,Male,0.0,0.0,40,United-States,>50K
25,Private,184698.0,10th,6,Never-married,Machine-op-inspct,Not-in-family,White,Male,0.0,0.0,40,Dominican-Republic,<=50K
36,Private,185848.0,HS-grad,9,Never-married,Craft-repair,Own-child,White,Male,0.0,0.0,40,United-States,<=50K
58,Private,49893.0,Some-college,10,Married-civ-spouse,Sales,Husband,White,Male,0.0,0.0,45,United-States,<=50K
57,Private,322691.0,Assoc-voc,11,Married-civ-spouse,Craft-repair,Husband,White,Male,0.0,0.0,40,United-States,>50K
33,Private,48010.0,Some-college,10,Divorced,Exec-managerial,Unmarried,White,Female,0.0,0.0,40,United-States,<=50K
45,Private,229967.0,HS-grad,9,Divorced,Exec-managerial,Not-in-family,White,Male,13550.0,0.0,50,United-States,>50K
66,Self-emp-inc,45702.0,10th,6,Married-civ-spouse,Farming-fishing,Husband,White,Male,0.0,0.0,50,United-States,<=50K
42,Private,167174.0,Doctorate,16,Married-civ-spouse,Prof-specialty,Husband,Asian-Pac-Islander,Male,0.0,0.0,50,China,>50K
56,Self-emp-not-inc,115422.0,HS-grad,9,Married-civ-spouse,Farming-fishing,Husband,White,Male,0.0,0.0,40,United-States,<=50K
47,Private,191277.0,HS-grad,9,Married-civ-spouse,Transport-moving,Husband,White,Male,0.0,0.0,50,United-States,>50K
54,Self-emp-not-inc,139023.0,Some-college,10,Married-civ-spouse,Sales,Husband,White,Male,0.0,0.0,40,United-States,<=50K
22,Private,194630.0,Bachelors,13,Never-married,Sales,Not-in-family,White,Male,0.0,0.0,45,United-States,<=50K
40,Private,144067.0,Assoc-voc,11,Married-civ-spouse,Craft-repair,Husband,White,Male,0.0,0.0,40,United-States,<=50K
47,Private,47270.0,12th,8,Never-married,Adm-clerical,Unmarried,Black,Female,0.0,0.0,40,United-States,<=50K
29,Federal-gov,116394.0,Bachelors,13,Married-AF-spouse,Prof-specialty,Husband,White,Male,0.0,0.0,50,United-States,>50K
58,Local-gov,212864.0,HS-grad,9,Married-civ-spouse,Protective-serv,Husband,White,Male,3908.0,0.0,40,United-States,<=50K
25,Private,478836.0,Some-college,10,Never-married,Exec-managerial,Not-in-family,White,Male,0.0,0.0,40,United-States,<=50K
19,Private,146189.0,HS-grad,9,Never-married,Sales,Other-relative,Amer-Indian-Eskimo,Female,0.0,0.0,78,United-States,<=50K
33,Private,144064.0,Bachelors,13,Married-civ-spouse,Exec-managerial,Husband,White,Male,0.0,0.0,50,United-States,<=50K
19,Private,235849.0,HS-grad,9,Never-married,Transport-moving,Own-child,White,Male,0.0,0.0,35,United-States,<=50K
43,Private,341204.0,Some-college,10,Divorced,Adm-clerical,Not-in-family,White,Female,0.0,0.0,40,United-States,<=50K
24,State-gov,155775.0,HS-grad,9,Married-civ-spouse,Tech-support,Husband,White,Male,0.0,0.0,40,United-States,<=50K
41,Private,147372.0,HS-grad,9,Married-civ-spouse,Adm-clerical,Husband,White,Male,0.0,0.0,48,United-States,<=50K
22,Private,64292.0,Some-college,10,Never-married,Adm-clerical,Own-child,White,Female,0.0,0.0,37,United-States,<=50K
44,Private,221172.0,5th-6th,3,Married-spouse-absent,Craft-repair,Not-in-family,White,Male,0.0,0.0,45,United-States,<=50K
32,Self-emp-not-inc,170108.0,HS-grad,9,Separated,Sales,Not-in-family,White,Male,0.0,0.0,50,United-States,<=50K
42,Self-emp-inc,196514.0,Bachelors,13,Never-married,Prof-specialty,Not-in-family,White,Male,0.0,0.0,40,United-States,<=50K
38,Private,201454.0,Some-college,10,Divorced,Adm-clerical,Unmarried,White,Female,0.0,0.0,40,United-States,<=50K
34,Private,191930.0,Some-college,10,Married-civ-spouse,Machine-op-inspct,Husband,Black,Male,0.0,0.0,40,United-States,<=50K
22,Private,50058.0,Some-college,10,Never-married,Adm-clerical,Not-in-family,White,Female,0.0,0.0,35,United-States,<=50K
27,Self-emp-inc,217848.0,12th,8,Married-civ-spouse,Adm-clerical,Husband,White,Male,0.0,0.0,40,United-States,>50K
46,Private,32825.0,HS-grad,9,Married-civ-spouse,Transport-moving,Husband,White,Male,0.0,0.0,60,United-States,<=50K
45,Local-gov,203322.0,Some-college,10,Divorced,Adm-clerical,Not-in-family,White,Female,0.0,0.0,38,United-States,<=50K
56,Self-emp-not-inc,163212.0,HS-grad,9,Widowed,Adm-clerical,Unmarried,White,Female,99999.0,0.0,40,United-States,>50K
32,Private,103573.0,Some-college,10,Married-civ-spouse,Machine-op-inspct,Husband,White,Male,0.0,0.0,40,United-States,<=50K
40,Private,236110.0,12th,8,Married-civ-spouse,Prof-specialty,Husband,White,Male,0.0,0.0,40,Cuba,>50K
58,Local-gov,36091.0,Masters,14,Never-married,Exec-managerial,Not-in-family,Amer-Indian-Eskimo,Female,0.0,0.0,40,United-States,<=50K
57,Private,186386.0,Bachelors,13,Widowed,Prof-specialty,Unmarried,White,Male,10520.0,0.0,40,United-States,>50K
20,Private,355236.0,Some-college,10,Never-married,Exec-managerial,Own-child,White,Female,0.0,0.0,16,United-States,<=50K
57,Private,114495.0,HS-grad,9,Married-civ-spouse,Exec-managerial,Husband,White,Male,0.0,0.0,60,United-States,<=50K
40,Private,223548.0,HS-grad,9,Married-civ-spouse,Adm-clerical,Husband,White,Male,0.0,0.0,40,Mexico,<=50K
29,Self-emp-inc,104737.0,HS-grad,9,Married-civ-spouse,Craft-repair,Husband,White,Male,0.0,0.0,60,United-States,<=50K
51,Private,61270.0,HS-grad,9,Married-civ-spouse,Handlers-cleaners,Husband,White,Male,0.0,0.0,40,United-States,>50K
42,Private,210534.0,5th-6th,3,Separated,Adm-clerical,Other-relative,White,Male,0.0,0.0,40,El-Salvador,<=50K
41,Private,39581.0,Some-college,10,Divorced,Adm-clerical,Not-in-family,Black,Female,0.0,0.0,24,El-Salvador,<=50K
46,Private,189763.0,HS-grad,9,Divorced,Sales,Not-in-family,White,Female,0.0,0.0,30,United-States,<=50K
39,Private,188391.0,HS-grad,9,Married-civ-spouse,Craft-repair,Husband,White,Male,7298.0,0.0,50,United-States,>50K
21,Federal-gov,169003.0,12th,8,Never-married,Adm-clerical,Own-child,Black,Male,0.0,0.0,25,United-States,<=50K
60,Private,224277.0,Bachelors,13,Divorced,Exec-managerial,Unmarried,White,Female,0.0,0.0,40,United-States,>50K
55,Private,256796.0,HS-grad,9,Separated,Adm-clerical,Not-in-family,White,Female,0.0,0.0,40,United-States,>50K
21,Private,186314.0,HS-grad,9,Married-civ-spouse,Adm-clerical,Husband,White,Male,0.0,0.0,40,United-States,<=50K
28,Private,480861.0,HS-grad,9,Married-civ-spouse,Machine-op-inspct,Husband,White,Male,0.0,0.0,45,United-States,<=50K
28,Private,164575.0,Some-college,10,Married-civ-spouse,Adm-clerical,Husband,White,Male,0.0,0.0,40,United-States,<=50K
27,Private,89813.0,Bachelors,13,Never-married,Prof-specialty,Not-in-family,White,Female,0.0,0.0,40,United-States,<=50K
40,Private,137142.0,HS-grad,9,Married-civ-spouse,Sales,Husband,White,Male,0.0,0.0,60,United-States,<=50K
60,Private,40856.0,Assoc-voc,11,Married-civ-spouse,Craft-repair,Husband,White,Male,0.0,0.0,46,United-States,>50K
39,Private,187921.0,HS-grad,9,Married-civ-spouse,Transport-moving,Husband,White,Male,0.0,0.0,99,United-States,<=50K
62,Private,312818.0,Bachelors,13,Married-civ-spouse,Exec-managerial,Husband,White,Male,0.0,1902.0,1,United-States,>50K
22,Private,160120.0,10th,6,Never-married,Transport-moving,Own-child,Asian-Pac-Islander,Male,0.0,0.0,30,United-States,<=50K
27,Private,113635.0,HS-grad,9,Never-married,Craft-repair,Not-in-family,White,Male,0.0,0.0,35,Ireland,<=50K
22,Private,41763.0,Some-college,10,Never-married,Other-service,Not-in-family,White,Male,0.0,0.0,25,United-States,<=50K
25,Private,47353.0,10th,6,Married-civ-spouse,Other-service,Wife,White,Female,0.0,0.0,40,United-States,<=50K
50,Private,176773.0,Preschool,1,Married-civ-spouse,Farming-fishing,Husband,Black,Male,0.0,0.0,40,Haiti,<=50K
70,Self-emp-inc,158437.0,Prof-school,15,Married-civ-spouse,Prof-specialty,Husband,White,Male,0.0,0.0,35,United-States,>50K
36,Private,225399.0,HS-grad,9,Married-civ-spouse,Craft-repair,Husband,White,Male,7298.0,0.0,40,United-States,>50K
30,Private,363296.0,HS-grad,9,Never-married,Handlers-cleaners,Unmarried,Black,Male,0.0,0.0,72,United-States,<=50K
41,Private,144925.0,Some-college,10,Divorced,Craft-repair,Not-in-family,White,Male,0.0,0.0,40,United-States,<=50K
28,Local-gov,356089.0,Bachelors,13,Never-married,Prof-specialty,Other-relative,White,Male,0.0,0.0,50,United-States,<=50K
24,Private,201179.0,HS-grad,9,Never-married,Other-service,Own-child,White,Male,0.0,0.0,40,United-States,<=50K
28,Private,25955.0,Assoc-voc,11,Never-married,Prof-specialty,Unmarried,Amer-Indian-Eskimo,Male,0.0,0.0,40,United-States,<=50K
72,Private,107814.0,Masters,14,Never-married,Prof-specialty,Not-in-family,White,Male,2329.0,0.0,60,United-States,<=50K
39,Private,52645.0,Some-college,10,Divorced,Sales,Unmarried,White,Female,0.0,0.0,40,United-States,<=50K
18,Private,157131.0,11th,7,Never-married,Sales,Own-child,White,Female,0.0,0.0,30,United-States,<=50K
36,Self-emp-not-inc,182898.0,Bachelors,13,Married-civ-spouse,Exec-managerial,Husband,White,Male,7298.0,0.0,40,United-States,>50K
45,Private,358259.0,Some-college,10,Never-married,Craft-repair,Not-in-family,White,Male,0.0,0.0,50,United-States,<=50K
37,Local-gov,297449.0,HS-grad,9,Married-civ-spouse,Protective-serv,Husband,White,Male,0.0,0.0,40,United-States,>50K
47,Local-gov,183486.0,Bachelors,13,Married-civ-spouse,Prof-specialty,Wife,White,Female,0.0,0.0,50,United-States,>50K
19,Private,53355.0,11th,7,Never-married,Sales,Not-in-family,White,Male,0.0,0.0,12,United-States,<=50K
52,Self-emp-not-inc,283079.0,HS-grad,9,Never-married,Prof-specialty,Not-in-family,White,Male,0.0,0.0,50,United-States,<=50K
70,Private,210673.0,10th,6,Widowed,Adm-clerical,Other-relative,White,Male,0.0,0.0,20,United-States,<=50K
19,Private,121074.0,7th-8th,4,Married-civ-spouse,Craft-repair,Husband,White,Male,0.0,0.0,99,United-States,<=50K
62,Self-emp-not-inc,102631.0,Some-college,10,Widowed,Farming-fishing,Unmarried,White,Female,0.0,0.0,50,United-States,<=50K
30,Private,226443.0,Bachelors,13,Married-civ-spouse,Sales,Husband,White,Male,0.0,0.0,50,United-States,>50K
38,Private,229700.0,Masters,14,Married-civ-spouse,Prof-specialty,Husband,Black,Male,0.0,0.0,40,United-States,>50K
48,Private,119199.0,Bachelors,13,Divorced,Sales,Unmarried,White,Female,0.0,0.0,44,United-States,<=50K
41,Private,50122.0,Assoc-voc,11,Divorced,Sales,Own-child,White,Male,0.0,0.0,50,United-States,<=50K
43,Federal-gov,287008.0,Masters,14,Married-civ-spouse,Protective-serv,Husband,White,Male,0.0,0.0,35,United-States,>50K
35,Private,95653.0,HS-grad,9,Divorced,Craft-repair,Not-in-family,White,Male,0.0,0.0,56,United-States,<=50K
38,Local-gov,169104.0,Bachelors,13,Married-civ-spouse,Protective-serv,Husband,Asian-Pac-Islander,Male,0.0,0.0,40,Philippines,>50K
35,Private,208378.0,12th,8,Separated,Machine-op-inspct,Unmarried,White,Female,0.0,0.0,40,United-States,<=50K
35,Private,186420.0,Bachelors,13,Never-married,Exec-managerial,Not-in-family,White,Female,0.0,0.0,55,United-States,<=50K
18,Private,397606.0,HS-grad,9,Never-married,Craft-repair,Own-child,White,Male,0.0,0.0,40,United-States,<=50K
42,Private,102606.0,Bachelors,13,Married-civ-spouse,Tech-support,Husband,White,Male,0.0,0.0,40,United-States,>50K
31,Private,60229.0,HS-grad,9,Married-civ-spouse,Machine-op-inspct,Husband,White,Male,0.0,0.0,40,United-States,<=50K
43,Private,210844.0,Bachelors,13,Divorced,Exec-managerial,Not-in-family,Black,Female,0.0,0.0,40,United-States,>50K
50,Private,99316.0,HS-grad,9,Divorced,Transport-moving,Not-in-family,White,Male,0.0,0.0,50,United-States,<=50K
38,Self-emp-not-inc,374983.0,Some-college,10,Married-civ-spouse,Craft-repair,Husband,White,Male,0.0,0.0,55,United-States,<=50K
57,Federal-gov,21626.0,Some-college,10,Divorced,Other-service,Not-in-family,White,Male,0.0,0.0,40,United-States,<=50K
35,Private,156728.0,HS-grad,9,Married-civ-spouse,Farming-fishing,Husband,White,Male,0.0,0.0,40,United-States,<=50K
65,Private,173674.0,HS-grad,9,Divorced,Other-service,Other-relative,White,Female,0.0,0.0,14,United-States,<=50K
41,Private,171546.0,Bachelors,13,Married-civ-spouse,Tech-support,Husband,White,Male,0.0,0.0,45,United-States,>50K
40,Private,96129.0,HS-grad,9,Married-civ-spouse,Sales,Husband,White,Male,0.0,0.0,72,United-States,>50K
49,Federal-gov,311671.0,Some-college,10,Married-civ-spouse,Exec-managerial,Husband,White,Male,0.0,0.0,40,United-States,>50K
21,Private,215039.0,11th,7,Never-married,Handlers-cleaners,Own-child,White,Male,0.0,0.0,40,United-States,<=50K
29,Private,341846.0,Masters,14,Never-married,Prof-specialty,Not-in-family,White,Female,0.0,0.0,50,United-States,<=50K
45,Private,301802.0,Bachelors,13,Married-civ-spouse,Transport-moving,Husband,White,Male,0.0,0.0,50,United-States,>50K
23,Private,240160.0,Assoc-acdm,12,Never-married,Prof-specialty,Own-child,White,Male,0.0,0.0,40,United-States,<=50K
25,Private,128699.0,Bachelors,13,Never-married,Adm-clerical,Not-in-family,White,Female,0.0,0.0,45,United-States,<=50K
42,Private,162884.0,HS-grad,9,Divorced,Priv-house-serv,Unmarried,White,Female,0.0,0.0,60,Columbia,<=50K
49,Self-emp-not-inc,241688.0,HS-grad,9,Married-civ-spouse,Prof-specialty,Husband,White,Male,0.0,0.0,60,Cuba,<=50K
40,Private,240124.0,HS-grad,9,Married-civ-spouse,Exec-managerial,Husband,White,Male,0.0,0.0,40,United-States,>50K
26,Private,295055.0,HS-grad,9,Never-married,Machine-op-inspct,Own-child,Black,Male,0.0,0.0,40,United-States,<=50K
27,Private,123799.0,Bachelors,13,Divorced,Exec-managerial,Unmarried,White,Male,0.0,0.0,42,United-States,<=50K
27,Private,112754.0,Bachelors,13,Married-civ-spouse,Exec-managerial,Husband,White,Male,0.0,1485.0,60,United-States,>50K
65,Private,173483.0,Bachelors,13,Divorced,Prof-specialty,Not-in-family,White,Female,0.0,0.0,35,United-States,<=50K
42,Private,345504.0,Assoc-voc,11,Divorced,Adm-clerical,Not-in-family,White,Female,0.0,0.0,35,United-States,<=50K
23,Private,199011.0,11th,7,Never-married,Craft-repair,Own-child,White,Male,0.0,0.0,3,United-States,<=50K
29,Private,146014.0,HS-grad,9,Divorced,Craft-repair,Not-in-family,White,Male,0.0,0.0,50,United-States,<=50K
39,Private,150125.0,Assoc-acdm,12,Divorced,Other-service,Unmarried,Black,Female,0.0,0.0,40,United-States,<=50K
22,State-gov,177787.0,HS-grad,9,Never-married,Other-service,Unmarried,White,Female,0.0,0.0,45,United-States,<=50K
56,Private,245215.0,Doctorate,16,Married-civ-spouse,Prof-specialty,Husband,White,Male,0.0,0.0,50,United-States,<=50K
28,Self-emp-not-inc,175406.0,Masters,14,Married-civ-spouse,Exec-managerial,Wife,White,Female,0.0,0.0,30,United-States,>50K
43,Self-emp-inc,221172.0,Prof-school,15,Married-civ-spouse,Prof-specialty,Husband,White,Male,0.0,1977.0,40,United-States,>50K
32,Private,257863.0,Bachelors,13,Never-married,Adm-clerical,Not-in-family,White,Female,0.0,0.0,50,United-States,<=50K
43,Self-emp-not-inc,355856.0,Bachelors,13,Married-civ-spouse,Exec-managerial,Husband,Asian-Pac-Islander,Male,0.0,0.0,50,Philippines,<=50K
22,Private,254293.0,12th,8,Never-married,Handlers-cleaners,Not-in-family,White,Male,0.0,0.0,40,United-States,<=50K
51,Local-gov,152754.0,Bachelors,13,Married-civ-spouse,Adm-clerical,Husband,White,Male,0.0,0.0,40,United-States,>50K
54,Private,311551.0,Some-college,10,Divorced,Exec-managerial,Unmarried,White,Male,0.0,0.0,60,United-States,<=50K
40,Local-gov,231832.0,Masters,14,Never-married,Prof-specialty,Not-in-family,White,Female,0.0,0.0,40,United-States,<=50K
42,Private,177989.0,HS-grad,9,Married-civ-spouse,Craft-repair,Husband,White,Male,0.0,0.0,40,United-States,<=50K
52,Private,91093.0,Some-college,10,Divorced,Sales,Not-in-family,Black,Female,0.0,0.0,40,United-States,<=50K
53,Local-gov,99064.0,9th,5,Married-civ-spouse,Craft-repair,Husband,White,Male,0.0,0.0,40,United-States,<=50K
38,Private,248886.0,HS-grad,9,Married-civ-spouse,Adm-clerical,Husband,White,Male,0.0,0.0,42,United-States,<=50K
41,Federal-gov,19914.0,Bachelors,13,Married-civ-spouse,Adm-clerical,Wife,Asian-Pac-Islander,Female,0.0,0.0,40,Philippines,>50K
48,Local-gov,169515.0,Bachelors,13,Divorced,Protective-serv,Not-in-family,Black,Female,0.0,0.0,43,United-States,>50K
40,Local-gov,63042.0,Bachelors,13,Married-civ-spouse,Prof-specialty,Wife,White,Female,0.0,0.0,40,United-States,>50K
30,Private,213226.0,Bachelors,13,Divorced,Sales,Not-in-family,White,Male,27828.0,0.0,40,United-States,>50K
45,Private,174127.0,Some-college,10,Never-married,Machine-op-inspct,Own-child,White,Male,0.0,0.0,40,United-States,<=50K
31,Private,398988.0,Some-college,10,Never-married,Exec-managerial,Not-in-family,White,Male,0.0,0.0,40,United-States,<=50K
40,Private,100451.0,Some-college,10,Never-married,Craft-repair,Not-in-family,White,Male,0.0,0.0,40,United-States,<=50K
43,Private,338290.0,Some-college,10,Married-civ-spouse,Prof-specialty,Husband,White,Male,0.0,0.0,40,United-States,<=50K
34,Self-emp-inc,337995.0,Bachelors,13,Divorced,Exec-managerial,Unmarried,Black,Male,15020.0,0.0,50,United-States,>50K
61,Private,185152.0,11th,7,Widowed,Other-service,Not-in-family,Black,Male,0.0,0.0,40,United-States,<=50K
25,Self-emp-not-inc,213385.0,Some-college,10,Never-married,Craft-repair,Own-child,White,Male,0.0,0.0,80,United-States,<=50K
50,Private,313297.0,5th-6th,3,Divorced,Machine-op-inspct,Unmarried,White,Female,0.0,0.0,40,Mexico,<=50K
29,Private,410216.0,HS-grad,9,Married-civ-spouse,Sales,Husband,White,Male,0.0,0.0,40,United-States,<=50K
39,Private,105803.0,Some-college,10,Married-civ-spouse,Sales,Husband,White,Male,0.0,0.0,40,United-States,<=50K
28,Private,147560.0,Some-college,10,Never-married,Sales,Own-child,White,Male,0.0,0.0,40,United-States,<=50K
46,Private,330087.0,Bachelors,13,Married-civ-spouse,Exec-managerial,Husband,White,Male,15024.0,0.0,45,United-States,>50K
48,Local-gov,118972.0,10th,6,Married-civ-spouse,Transport-moving,Husband,White,Male,0.0,0.0,40,United-States,<=50K
43,Private,162887.0,Some-college,10,Married-civ-spouse,Exec-managerial,Husband,Black,Male,0.0,0.0,40,United-States,>50K
40,Self-emp-inc,99185.0,Bachelors,13,Married-civ-spouse,Prof-specialty,Husband,White,Male,0.0,0.0,60,United-States,<=50K
35,Private,164526.0,HS-grad,9,Married-civ-spouse,Other-service,Husband,White,Male,0.0,0.0,40,Yugoslavia,>50K
22,Private,183970.0,HS-grad,9,Never-married,Handlers-cleaners,Own-child,Black,Male,0.0,0.0,40,United-States,<=50K
22,Private,396895.0,5th-6th,3,Married-civ-spouse,Craft-repair,Husband,White,Male,0.0,0.0,35,Mexico,<=50K
44,State-gov,128586.0,Bachelors,13,Never-married,Farming-fishing,Not-in-family,White,Male,0.0,0.0,40,United-States,<=50K
25,Self-emp-not-inc,209384.0,HS-grad,9,Never-married,Other-service,Other-relative,White,Male,0.0,0.0,32,United-States,<=50K
19,Private,38619.0,11th,7,Never-married,Machine-op-inspct,Not-in-family,White,Male,0.0,0.0,10,United-States,<=50K
42,Private,169948.0,Some-college,10,Never-married,Sales,Not-in-family,White,Male,0.0,0.0,80,United-States,>50K
32,Private,207172.0,Some-college,10,Never-married,Sales,Other-relative,White,Female,0.0,0.0,40,United-States,<=50K
20,Self-emp-inc,465725.0,HS-grad,9,Divorced,Handlers-cleaners,Own-child,White,Male,0.0,0.0,25,United-States,<=50K
66,Self-emp-not-inc,244749.0,5th-6th,3,Married-civ-spouse,Transport-moving,Husband,White,Male,0.0,0.0,50,Cuba,<=50K
26,Private,224361.0,HS-grad,9,Never-married,Exec-managerial,Not-in-family,White,Male,0.0,0.0,40,United-States,<=50K
38,Private,200445.0,Some-college,10,Married-civ-spouse,Machine-op-inspct,Husband,White,Male,0.0,0.0,48,United-States,>50K
20,Self-emp-inc,245611.0,Some-college,10,Never-married,Craft-repair,Own-child,White,Male,0.0,0.0,20,United-States,<=50K
46,Private,197332.0,Masters,14,Married-civ-spouse,Prof-specialty,Husband,White,Male,7688.0,0.0,46,United-States,>50K
23,Private,93977.0,HS-grad,9,Never-married,Machine-op-inspct,Own-child,White,Male,0.0,0.0,40,United-States,<=50K
21,Private,301915.0,11th,7,Separated,Sales,Not-in-family,Other,Female,0.0,0.0,30,Mexico,<=50K
40,Private,205175.0,HS-grad,9,Widowed,Machine-op-inspct,Unmarried,Black,Female,0.0,0.0,37,United-States,<=50K
45,Federal-gov,391585.0,Bachelors,13,Married-civ-spouse,Protective-serv,Husband,White,Male,7688.0,0.0,50,United-States,>50K
40,State-gov,67874.0,Bachelors,13,Married-civ-spouse,Adm-clerical,Husband,White,Male,0.0,1887.0,45,United-States,>50K
71,Private,169114.0,Some-college,10,Widowed,Prof-specialty,Not-in-family,White,Male,0.0,1429.0,40,United-States,<=50K
31,State-gov,203572.0,HS-grad,9,Divorced,Adm-clerical,Unmarried,White,Female,0.0,0.0,30,United-States,<=50K
21,Private,312956.0,HS-grad,9,Never-married,Craft-repair,Own-child,Black,Male,0.0,0.0,40,United-States,<=50K
24,Private,454941.0,HS-grad,9,Married-civ-spouse,Craft-repair,Husband,White,Male,0.0,0.0,40,United-States,<=50K
40,Local-gov,147206.0,Assoc-voc,11,Married-civ-spouse,Craft-repair,Husband,White,Male,0.0,0.0,35,United-States,<=50K
30,Private,208043.0,Bachelors,13,Married-civ-spouse,Sales,Husband,White,Male,0.0,0.0,55,United-States,>50K
25,Private,301634.0,Assoc-acdm,12,Never-married,Exec-managerial,Not-in-family,White,Male,0.0,0.0,40,United-States,<=50K
25,Private,175370.0,Some-college,10,Divorced,Machine-op-inspct,Own-child,White,Female,0.0,0.0,40,United-States,<=50K
33,Private,236013.0,Assoc-acdm,12,Married-civ-spouse,Exec-managerial,Wife,White,Female,0.0,0.0,55,United-States,>50K
21,Private,195532.0,HS-grad,9,Never-married,Adm-clerical,Unmarried,White,Female,0.0,0.0,40,United-States,<=50K
49,Self-emp-not-inc,123598.0,HS-grad,9,Never-married,Craft-repair,Not-in-family,White,Male,0.0,0.0,30,United-States,<=50K
21,Private,314182.0,HS-grad,9,Never-married,Other-service,Not-in-family,White,Female,0.0,0.0,40,United-States,<=50K
50,State-gov,159219.0,Bachelors,13,Married-civ-spouse,Exec-managerial,Husband,White,Male,0.0,0.0,40,Canada,>50K
34,Private,178623.0,Bachelors,13,Married-civ-spouse,Prof-specialty,Wife,Black,Female,0.0,0.0,35,United-States,<=50K
28,Private,139568.0,11th,7,Never-married,Adm-clerical,Not-in-family,White,Male,0.0,0.0,40,United-States,<=50K
42,Self-emp-not-inc,114580.0,Masters,14,Divorced,Exec-managerial,Unmarried,White,Female,0.0,0.0,70,United-States,<=50K
46,Private,287920.0,HS-grad,9,Married-civ-spouse,Craft-repair,Husband,White,Male,5013.0,0.0,40,United-States,<=50K
33,Self-emp-not-inc,127894.0,Prof-school,15,Married-civ-spouse,Prof-specialty,Husband,White,Male,0.0,0.0,60,United-States,>50K
50,Private,192982.0,HS-grad,9,Married-civ-spouse,Tech-support,Husband,White,Male,0.0,1848.0,40,United-States,>50K
27,Local-gov,162973.0,Assoc-voc,11,Never-married,Protective-serv,Not-in-family,White,Male,0.0,0.0,56,United-States,<=50K
44,Self-emp-not-inc,270495.0,Some-college,10,Married-civ-spouse,Other-service,Wife,White,Female,0.0,0.0,50,United-States,<=50K
26,Private,199600.0,HS-grad,9,Never-married,Sales,Not-in-family,Black,Male,0.0,0.0,40,United-States,<=50K
41,Private,271753.0,Bachelors,13,Married-civ-spouse,Farming-fishing,Husband,White,Male,0.0,0.0,40,United-States,<=50K
20,Private,286166.0,HS-grad,9,Never-married,Sales,Not-in-family,White,Male,0.0,0.0,48,United-States,<=50K
30,Private,236543.0,Some-college,10,Married-civ-spouse,Prof-specialty,Husband,White,Male,0.0,0.0,68,United-States,<=50K
48,Self-emp-inc,302612.0,Masters,14,Married-civ-spouse,Other-service,Husband,White,Male,0.0,0.0,40,United-States,<=50K
31,Private,172865.0,5th-6th,3,Never-married,Farming-fishing,Own-child,White,Male,0.0,0.0,25,Mexico,<=50K
30,Private,46712.0,HS-grad,9,Divorced,Other-service,Not-in-family,White,Female,0.0,0.0,40,United-States,<=50K
34,Private,182006.0,11th,7,Never-married,Adm-clerical,Not-in-family,White,Female,4416.0,0.0,30,United-States,<=50K
22,Private,155913.0,HS-grad,9,Never-married,Other-service,Own-child,White,Male,0.0,0.0,18,United-States,<=50K
18,Private,41879.0,HS-grad,9,Never-married,Handlers-cleaners,Unmarried,White,Male,0.0,0.0,25,United-States,<=50K
83,Self-emp-not-inc,243567.0,11th,7,Never-married,Farming-fishing,Not-in-family,White,Male,0.0,0.0,20,United-States,<=50K
39,Private,33975.0,Some-college,10,Married-civ-spouse,Sales,Husband,White,Male,0.0,0.0,40,United-States,>50K
39,Private,130620.0,7th-8th,4,Married-spouse-absent,Machine-op-inspct,Unmarried,Other,Female,0.0,0.0,40,Dominican-Republic,<=50K
59,Private,157749.0,Bachelors,13,Widowed,Exec-managerial,Unmarried,White,Male,0.0,3004.0,40,United-States,>50K
36,Private,106964.0,HS-grad,9,Married-civ-spouse,Machine-op-inspct,Husband,White,Male,0.0,0.0,40,United-States,<=50K
66,Self-emp-inc,220543.0,HS-grad,9,Married-civ-spouse,Adm-clerical,Wife,White,Female,0.0,0.0,40,United-States,>50K
38,Self-emp-not-inc,248919.0,Bachelors,13,Divorced,Prof-specialty,Not-in-family,White,Male,27828.0,0.0,35,United-States,>50K
52,Local-gov,111722.0,Some-college,10,Married-civ-spouse,Adm-clerical,Wife,White,Female,0.0,0.0,72,United-States,<=50K
39,Private,319248.0,10th,6,Never-married,Other-service,Unmarried,White,Female,0.0,0.0,25,Mexico,<=50K
54,Private,182187.0,Assoc-voc,11,Married-civ-spouse,Protective-serv,Husband,Black,Male,15024.0,0.0,38,Jamaica,>50K
35,Private,28572.0,11th,7,Never-married,Craft-repair,Not-in-family,White,Male,0.0,0.0,40,United-States,<=50K
30,Private,403433.0,Bachelors,13,Never-married,Prof-specialty,Not-in-family,Black,Male,0.0,0.0,50,United-States,>50K
33,Private,204780.0,Some-college,10,Married-civ-spouse,Adm-clerical,Wife,White,Female,15024.0,0.0,40,United-States,>50K
27,Private,108574.0,HS-grad,9,Never-married,Other-service,Own-child,White,Female,0.0,0.0,40,United-States,<=50K
28,Private,187160.0,Prof-school,15,Divorced,Prof-specialty,Unmarried,White,Male,0.0,0.0,55,United-States,<=50K
43,Private,226902.0,Bachelors,13,Divorced,Machine-op-inspct,Other-relative,White,Male,0.0,0.0,40,United-States,<=50K
29,Private,39388.0,HS-grad,9,Married-civ-spouse,Farming-fishing,Husband,White,Male,0.0,0.0,40,United-States,<=50K
48,Private,96798.0,Masters,14,Divorced,Sales,Not-in-family,White,Male,0.0,0.0,35,United-States,<=50K
50,Local-gov,100480.0,Masters,14,Married-civ-spouse,Exec-managerial,Husband,White,Male,0.0,0.0,60,United-States,>50K
19,Private,533147.0,HS-grad,9,Never-married,Adm-clerical,Not-in-family,White,Male,0.0,0.0,30,United-States,<=50K
36,Private,588739.0,Bachelors,13,Divorced,Sales,Not-in-family,White,Female,0.0,0.0,40,India,<=50K
23,Private,60331.0,Some-college,10,Never-married,Craft-repair,Not-in-family,White,Male,0.0,0.0,40,United-States,<=50K
55,Private,53481.0,Bachelors,13,Married-civ-spouse,Sales,Husband,White,Male,0.0,0.0,15,United-States,>50K
28,Local-gov,299249.0,HS-grad,9,Divorced,Protective-serv,Not-in-family,White,Female,0.0,0.0,40,United-States,<=50K
26,Private,73689.0,HS-grad,9,Married-civ-spouse,Farming-fishing,Husband,White,Male,0.0,0.0,55,United-States,<=50K
58,State-gov,123329.0,HS-grad,9,Never-married,Adm-clerical,Not-in-family,White,Female,0.0,0.0,16,United-States,<=50K
64,Private,151540.0,11th,7,Widowed,Tech-support,Unmarried,White,Female,0.0,0.0,16,United-States,<=50K
39,Federal-gov,129573.0,Bachelors,13,Never-married,Adm-clerical,Not-in-family,White,Male,0.0,1741.0,40,United-States,<=50K
19,Private,255161.0,HS-grad,9,Never-married,Sales,Own-child,White,Male,0.0,0.0,25,United-States,<=50K
49,Self-emp-inc,187563.0,Some-college,10,Married-civ-spouse,Transport-moving,Husband,White,Male,0.0,0.0,50,United-States,>50K
53,Private,139671.0,Some-college,10,Married-civ-spouse,Craft-repair,Husband,White,Male,0.0,0.0,40,United-States,>50K
41,Private,48087.0,Bachelors,13,Divorced,Machine-op-inspct,Not-in-family,White,Male,2354.0,0.0,40,United-States,<=50K
75,Private,256474.0,Masters,14,Never-married,Protective-serv,Not-in-family,White,Male,0.0,0.0,16,United-States,<=50K
58,Private,202652.0,HS-grad,9,Separated,Other-service,Unmarried,White,Female,0.0,0.0,40,Dominican-Republic,<=50K
42,Private,173888.0,HS-grad,9,Married-spouse-absent,Adm-clerical,Not-in-family,White,Male,0.0,0.0,52,United-States,<=50K
27,Private,98769.0,Assoc-voc,11,Never-married,Craft-repair,Unmarried,White,Male,0.0,0.0,40,United-States,>50K
39,Private,177154.0,Bachelors,13,Married-civ-spouse,Sales,Husband,White,Male,15024.0,0.0,50,United-States,>50K
45,Private,259463.0,Assoc-voc,11,Married-civ-spouse,Prof-specialty,Husband,White,Male,0.0,0.0,40,United-States,>50K
60,Private,291904.0,10th,6,Divorced,Other-service,Not-in-family,Black,Female,0.0,0.0,40,United-States,<=50K
39,Private,115418.0,Some-college,10,Never-married,Adm-clerical,Own-child,White,Female,2174.0,0.0,45,United-States,<=50K
37,Self-emp-not-inc,184655.0,HS-grad,9,Never-married,Craft-repair,Not-in-family,White,Male,0.0,0.0,35,United-States,<=50K
32,Self-emp-inc,199765.0,Bachelors,13,Married-civ-spouse,Craft-repair,Husband,White,Male,7688.0,0.0,50,United-States,>50K
34,Private,122612.0,Bachelors,13,Married-civ-spouse,Other-service,Wife,Asian-Pac-Islander,Female,7688.0,0.0,50,Philippines,>50K
43,State-gov,125831.0,Bachelors,13,Never-married,Prof-specialty,Own-child,White,Male,99999.0,0.0,60,United-States,>50K
48,Private,164964.0,HS-grad,9,Married-civ-spouse,Machine-op-inspct,Husband,White,Male,0.0,0.0,40,United-States,<=50K
43,Private,24264.0,Some-college,10,Married-civ-spouse,Prof-specialty,Husband,White,Male,0.0,0.0,40,United-States,>50K
70,Private,236055.0,7th-8th,4,Widowed,Other-service,Not-in-family,White,Female,0.0,0.0,35,United-States,<=50K
66,Private,242589.0,HS-grad,9,Married-civ-spouse,Other-service,Husband,White,Male,0.0,0.0,34,United-States,<=50K
43,Local-gov,23157.0,Masters,14,Married-civ-spouse,Exec-managerial,Husband,White,Male,0.0,1902.0,50,United-States,>50K
60,Private,125019.0,Bachelors,13,Divorced,Prof-specialty,Not-in-family,White,Female,8614.0,0.0,48,United-States,>50K
48,Private,162816.0,Assoc-acdm,12,Married-civ-spouse,Transport-moving,Husband,White,Male,0.0,0.0,45,United-States,<=50K
34,Private,242460.0,Bachelors,13,Married-civ-spouse,Exec-managerial,Husband,White,Male,7688.0,0.0,40,United-States,>50K
39,Private,203180.0,Some-college,10,Divorced,Farming-fishing,Unmarried,White,Female,0.0,0.0,45,United-States,<=50K
34,Private,232855.0,Some-college,10,Separated,Other-service,Unmarried,Black,Female,0.0,0.0,37,United-States,<=50K
63,Private,237620.0,HS-grad,9,Married-civ-spouse,Craft-repair,Husband,White,Male,0.0,0.0,30,United-States,<=50K
36,Private,89625.0,10th,6,Separated,Sales,Own-child,Asian-Pac-Islander,Female,0.0,0.0,40,United-States,<=50K
33,Private,207561.0,Bachelors,13,Never-married,Adm-clerical,Not-in-family,Black,Male,0.0,0.0,40,United-States,<=50K
51,Private,239155.0,Assoc-voc,11,Divorced,Other-service,Not-in-family,White,Male,0.0,0.0,40,United-States,<=50K
25,Private,272428.0,HS-grad,9,Never-married,Sales,Not-in-family,White,Male,4416.0,0.0,42,United-States,<=50K
23,State-gov,82067.0,Assoc-voc,11,Married-civ-spouse,Protective-serv,Husband,White,Male,0.0,0.0,40,United-States,<=50K
45,Self-emp-inc,145290.0,HS-grad,9,Married-civ-spouse,Other-service,Husband,White,Male,0.0,0.0,40,United-States,>50K
60,Self-emp-not-inc,119575.0,HS-grad,9,Married-civ-spouse,Sales,Husband,White,Male,0.0,0.0,50,United-States,<=50K
34,Local-gov,28568.0,HS-grad,9,Divorced,Craft-repair,Unmarried,White,Male,0.0,0.0,40,United-States,<=50K
64,Private,182979.0,HS-grad,9,Married-civ-spouse,Machine-op-inspct,Husband,White,Male,0.0,0.0,40,United-States,<=50K
41,Private,132853.0,1st-4th,2,Married-civ-spouse,Transport-moving,Husband,White,Male,0.0,0.0,40,Mexico,<=50K
44,Private,169980.0,11th,7,Married-civ-spouse,Other-service,Husband,Black,Male,0.0,0.0,60,United-States,<=50K
38,Federal-gov,325538.0,Prof-school,15,Married-civ-spouse,Prof-specialty,Husband,White,Male,0.0,0.0,50,United-States,>50K
23,Private,353010.0,11th,7,Never-married,Craft-repair,Unmarried,White,Male,0.0,0.0,35,United-States,<=50K
37,Private,202683.0,Some-college,10,Married-civ-spouse,Sales,Husband,White,Male,0.0,0.0,48,United-States,>50K
53,Local-gov,235567.0,HS-grad,9,Divorced,Adm-clerical,Not-in-family,White,Female,0.0,0.0,40,United-States,<=50K
57,Private,157271.0,11th,7,Divorced,Other-service,Not-in-family,Black,Male,0.0,0.0,54,United-States,<=50K
27,Private,203776.0,11th,7,Married-civ-spouse,Machine-op-inspct,Husband,White,Male,0.0,0.0,40,United-States,<=50K
37,Private,187346.0,5th-6th,3,Never-married,Adm-clerical,Other-relative,White,Female,0.0,0.0,40,Mexico,<=50K
35,Private,189703.0,9th,5,Married-civ-spouse,Other-service,Husband,White,Male,0.0,0.0,32,United-States,<=50K
44,Private,173590.0,Bachelors,13,Married-civ-spouse,Prof-specialty,Husband,White,Male,0.0,0.0,3,United-States,<=50K
37,Self-emp-not-inc,241306.0,HS-grad,9,Divorced,Craft-repair,Not-in-family,White,Male,0.0,0.0,40,United-States,<=50K
29,Private,54131.0,Some-college,10,Never-married,Sales,Not-in-family,White,Male,0.0,0.0,30,United-States,<=50K
33,State-gov,220066.0,Doctorate,16,Married-civ-spouse,Prof-specialty,Wife,White,Female,0.0,0.0,48,United-States,>50K
21,Private,307315.0,Some-college,10,Never-married,Adm-clerical,Unmarried,White,Male,0.0,0.0,40,United-States,<=50K
28,State-gov,286310.0,HS-grad,9,Married-civ-spouse,Adm-clerical,Own-child,White,Female,0.0,0.0,40,United-States,<=50K
39,Self-emp-not-inc,33001.0,HS-grad,9,Married-civ-spouse,Craft-repair,Husband,White,Male,0.0,0.0,40,United-States,<=50K
38,Private,312766.0,Bachelors,13,Married-civ-spouse,Exec-managerial,Wife,White,Female,0.0,0.0,40,United-States,>50K
48,State-gov,28419.0,Bachelors,13,Divorced,Exec-managerial,Unmarried,White,Male,0.0,0.0,40,United-States,<=50K
47,Private,117774.0,HS-grad,9,Married-civ-spouse,Sales,Husband,White,Male,0.0,0.0,40,Portugal,<=50K
24,Private,224238.0,Bachelors,13,Never-married,Adm-clerical,Own-child,White,Male,0.0,0.0,40,United-States,<=50K
23,Private,145917.0,HS-grad,9,Never-married,Handlers-cleaners,Not-in-family,White,Female,0.0,0.0,25,United-States,<=50K
43,Self-emp-not-inc,37869.0,Bachelors,13,Married-civ-spouse,Prof-specialty,Husband,White,Male,0.0,1977.0,40,United-States,>50K
36,Local-gov,254202.0,Prof-school,15,Divorced,Prof-specialty,Unmarried,White,Female,0.0,0.0,24,Germany,<=50K
42,Private,34037.0,Doctorate,16,Never-married,Prof-specialty,Not-in-family,White,Male,0.0,0.0,50,United-States,<=50K
27,Private,126060.0,HS-grad,9,Never-married,Exec-managerial,Not-in-family,White,Female,0.0,0.0,40,United-States,<=50K
55,Self-emp-not-inc,225623.0,Some-college,10,Married-civ-spouse,Farming-fishing,Husband,White,Male,0.0,0.0,40,United-States,<=50K
26,Self-emp-inc,384276.0,Some-college,10,Married-civ-spouse,Exec-managerial,Husband,White,Male,0.0,0.0,60,United-States,>50K
25,Private,312966.0,9th,5,Separated,Handlers-cleaners,Other-relative,White,Male,0.0,0.0,40,El-Salvador,<=50K
43,Federal-gov,192712.0,Some-college,10,Married-civ-spouse,Prof-specialty,Wife,White,Female,0.0,0.0,40,United-States,>50K
27,Self-emp-not-inc,87745.0,Assoc-voc,11,Married-civ-spouse,Farming-fishing,Husband,White,Male,0.0,0.0,70,United-States,<=50K
30,Private,156464.0,Some-college,10,Never-married,Tech-support,Other-relative,White,Male,0.0,0.0,40,United-States,<=50K
33,Private,55291.0,Masters,14,Married-civ-spouse,Exec-managerial,Husband,White,Male,0.0,0.0,40,United-States,>50K
47,Private,91972.0,HS-grad,9,Married-civ-spouse,Priv-house-serv,Wife,White,Female,0.0,0.0,35,United-States,>50K
41,State-gov,227734.0,HS-grad,9,Married-civ-spouse,Adm-clerical,Husband,White,Male,3464.0,0.0,40,United-States,<=50K
53,Federal-gov,167380.0,HS-grad,9,Married-civ-spouse,Transport-moving,Husband,White,Male,0.0,1740.0,50,United-States,<=50K
36,Private,162256.0,HS-grad,9,Divorced,Exec-managerial,Unmarried,White,Female,0.0,0.0,40,United-States,<=50K
54,Private,286989.0,Preschool,1,Married-civ-spouse,Farming-fishing,Husband,White,Male,0.0,0.0,60,United-States,<=50K
29,Private,278637.0,Assoc-voc,11,Married-civ-spouse,Adm-clerical,Husband,White,Male,0.0,0.0,40,United-States,<=50K
42,Private,170230.0,Bachelors,13,Divorced,Exec-managerial,Not-in-family,White,Female,0.0,0.0,55,United-States,>50K
25,Private,244408.0,HS-grad,9,Married-civ-spouse,Exec-managerial,Own-child,Asian-Pac-Islander,Female,0.0,0.0,40,Philippines,<=50K
64,Private,174826.0,HS-grad,9,Divorced,Machine-op-inspct,Not-in-family,White,Female,0.0,0.0,40,United-States,<=50K
40,Local-gov,26929.0,Masters,14,Never-married,Prof-specialty,Not-in-family,White,Female,0.0,0.0,40,United-States,<=50K
27,Private,312485.0,HS-grad,9,Never-married,Handlers-cleaners,Own-child,White,Male,0.0,0.0,32,United-States,<=50K
47,Private,70554.0,Some-college,10,Never-married,Craft-repair,Not-in-family,White,Male,0.0,0.0,40,United-States,>50K
21,Without-pay,232719.0,HS-grad,9,Never-married,Craft-repair,Own-child,Black,Male,0.0,0.0,40,United-States,<=50K
41,Self-emp-not-inc,200479.0,HS-grad,9,Never-married,Craft-repair,Not-in-family,White,Male,0.0,0.0,48,United-States,<=50K
45,Local-gov,93535.0,Masters,14,Divorced,Prof-specialty,Unmarried,White,Female,0.0,0.0,40,United-States,<=50K
31,State-gov,63704.0,Bachelors,13,Never-married,Prof-specialty,Not-in-family,White,Female,0.0,0.0,40,United-States,<=50K
31,Private,200835.0,Bachelors,13,Married-spouse-absent,Prof-specialty,Not-in-family,Asian-Pac-Islander,Male,0.0,0.0,40,Japan,<=50K
31,Private,137952.0,Some-college,10,Married-civ-spouse,Other-service,Husband,Other,Male,0.0,0.0,40,Puerto-Rico,<=50K
44,Private,82601.0,Bachelors,13,Married-civ-spouse,Transport-moving,Husband,White,Male,0.0,0.0,40,United-States,<=50K
31,Private,291052.0,Some-college,10,Married-civ-spouse,Adm-clerical,Husband,White,Male,0.0,2051.0,40,United-States,<=50K
29,Private,183627.0,11th,7,Divorced,Craft-repair,Not-in-family,White,Male,0.0,0.0,40,United-States,<=50K
24,Private,308285.0,HS-grad,9,Never-married,Craft-repair,Own-child,White,Male,0.0,0.0,40,United-States,<=50K
35,Self-emp-not-inc,169426.0,Assoc-acdm,12,Married-civ-spouse,Craft-repair,Husband,White,Male,0.0,0.0,40,United-States,<=50K
27,Private,147951.0,HS-grad,9,Never-married,Machine-op-inspct,Other-relative,White,Male,0.0,0.0,1,United-States,<=50K
46,Private,137354.0,Masters,14,Married-civ-spouse,Tech-support,Husband,Asian-Pac-Islander,Male,0.0,0.0,40,Philippines,>50K
37,Self-emp-not-inc,225860.0,Assoc-acdm,12,Married-spouse-absent,Farming-fishing,Not-in-family,White,Male,0.0,0.0,50,United-States,<=50K
39,Private,86551.0,HS-grad,9,Married-civ-spouse,Other-service,Husband,White,Male,0.0,0.0,40,United-States,>50K
29,Private,285290.0,11th,7,Never-married,Other-service,Unmarried,Black,Female,0.0,0.0,40,United-States,<=50K
19,Private,320014.0,Some-college,10,Never-married,Other-service,Own-child,White,Male,0.0,0.0,25,United-States,<=50K
28,Private,199903.0,Bachelors,13,Never-married,Adm-clerical,Not-in-family,White,Female,0.0,0.0,20,United-States,<=50K
17,Federal-gov,99893.0,11th,7,Never-married,Adm-clerical,Not-in-family,Black,Female,0.0,1602.0,40,United-States,<=50K
32,Private,107843.0,HS-grad,9,Married-civ-spouse,Machine-op-inspct,Husband,White,Male,5178.0,0.0,50,United-States,>50K
61,Private,233427.0,Bachelors,13,Married-civ-spouse,Prof-specialty,Husband,White,Male,0.0,0.0,30,United-States,<=50K
26,Private,248990.0,Some-college,10,Never-married,Craft-repair,Own-child,White,Male,0.0,0.0,40,United-States,<=50K
29,Private,108775.0,Bachelors,13,Married-civ-spouse,Exec-managerial,Husband,White,Male,0.0,0.0,50,United-States,>50K
56,Private,174864.0,Bachelors,13,Divorced,Exec-managerial,Unmarried,White,Male,0.0,0.0,45,United-States,>50K
30,Private,116508.0,HS-grad,9,Married-civ-spouse,Craft-repair,Husband,White,Male,0.0,0.0,40,Germany,<=50K
37,Private,136028.0,Assoc-voc,11,Married-civ-spouse,Other-service,Husband,White,Male,0.0,0.0,40,United-States,<=50K
43,Self-emp-inc,151089.0,HS-grad,9,Married-civ-spouse,Sales,Husband,White,Male,0.0,0.0,50,United-States,<=50K
20,Private,421474.0,Some-college,10,Never-married,Sales,Own-child,White,Male,0.0,0.0,20,United-States,<=50K
77,Self-emp-not-inc,161552.0,Preschool,1,Widowed,Exec-managerial,Not-in-family,White,Female,0.0,0.0,60,United-States,<=50K
40,Private,121466.0,HS-grad,9,Divorced,Adm-clerical,Not-in-family,White,Male,0.0,0.0,40,United-States,<=50K
21,Private,244312.0,9th,5,Never-married,Craft-repair,Own-child,White,Male,0.0,0.0,30,El-Salvador,<=50K
47,Local-gov,251588.0,Bachelors,13,Married-civ-spouse,Exec-managerial,Husband,Black,Male,0.0,0.0,40,United-States,>50K
42,Private,384236.0,Masters,14,Married-civ-spouse,Prof-specialty,Husband,White,Male,7688.0,0.0,40,United-States,>50K
52,Private,245127.0,9th,5,Married-civ-spouse,Handlers-cleaners,Husband,White,Male,0.0,0.0,40,Outlying-US(Guam-USVI-etc),<=50K
46,Private,183013.0,Bachelors,13,Divorced,Craft-repair,Not-in-family,White,Male,0.0,0.0,50,United-States,<=50K
50,Private,75763.0,Assoc-voc,11,Married-civ-spouse,Transport-moving,Husband,White,Male,0.0,0.0,65,United-States,<=50K
24,Private,228649.0,Bachelors,13,Never-married,Adm-clerical,Own-child,White,Male,0.0,0.0,38,United-States,<=50K
30,Private,209317.0,HS-grad,9,Never-married,Machine-op-inspct,Not-in-family,White,Male,0.0,0.0,50,Dominican-Republic,<=50K
38,Private,175665.0,Some-college,10,Married-civ-spouse,Prof-specialty,Wife,White,Female,0.0,0.0,40,United-States,<=50K
64,Federal-gov,271550.0,Some-college,10,Married-civ-spouse,Transport-moving,Husband,White,Male,0.0,0.0,40,United-States,>50K
26,Private,167350.0,HS-grad,9,Never-married,Craft-repair,Own-child,White,Male,0.0,0.0,35,United-States,<=50K
30,Private,343699.0,HS-grad,9,Divorced,Craft-repair,Unmarried,White,Female,0.0,0.0,40,United-States,<=50K
22,Private,122048.0,Bachelors,13,Never-married,Adm-clerical,Own-child,White,Female,4416.0,0.0,40,United-States,<=50K
42,Private,74949.0,Some-college,10,Divorced,Prof-specialty,Not-in-family,White,Male,0.0,0.0,40,United-States,<=50K
34,Private,103651.0,Some-college,10,Married-civ-spouse,Exec-managerial,Husband,White,Male,0.0,0.0,40,United-States,>50K
34,Private,150154.0,HS-grad,9,Married-civ-spouse,Craft-repair,Husband,White,Male,0.0,0.0,50,United-States,>50K
40,Private,207025.0,HS-grad,9,Never-married,Adm-clerical,Not-in-family,White,Female,6849.0,0.0,38,United-States,<=50K
47,Private,189680.0,7th-8th,4,Married-civ-spouse,Craft-repair,Husband,White,Male,0.0,0.0,40,Italy,>50K
24,Local-gov,335439.0,HS-grad,9,Never-married,Adm-clerical,Not-in-family,White,Female,0.0,0.0,38,United-States,<=50K
36,Private,154410.0,Bachelors,13,Married-civ-spouse,Prof-specialty,Husband,White,Male,0.0,0.0,40,United-States,>50K
26,Local-gov,80485.0,Bachelors,13,Never-married,Prof-specialty,Not-in-family,White,Female,0.0,0.0,38,United-States,<=50K
25,Private,96862.0,Some-college,10,Never-married,Prof-specialty,Not-in-family,White,Female,0.0,0.0,65,United-States,<=50K
19,Private,289227.0,Some-college,10,Never-married,Handlers-cleaners,Own-child,Black,Male,0.0,0.0,16,United-States,<=50K
55,Private,204816.0,Some-college,10,Married-civ-spouse,Exec-managerial,Husband,White,Male,0.0,0.0,40,United-States,>50K
55,Private,205759.0,Doctorate,16,Never-married,Prof-specialty,Not-in-family,White,Male,0.0,0.0,40,United-States,<=50K
35,Private,356838.0,Some-college,10,Married-civ-spouse,Tech-support,Husband,White,Male,2829.0,0.0,55,Poland,<=50K
43,Local-gov,300099.0,Bachelors,13,Divorced,Adm-clerical,Not-in-family,White,Female,0.0,0.0,34,United-States,<=50K
50,Private,345450.0,7th-8th,4,Married-civ-spouse,Craft-repair,Husband,Black,Male,0.0,0.0,40,United-States,<=50K
49,Federal-gov,168598.0,HS-grad,9,Married-civ-spouse,Adm-clerical,Wife,Black,Female,0.0,0.0,40,United-States,>50K
54,Federal-gov,149596.0,Bachelors,13,Married-civ-spouse,Exec-managerial,Wife,White,Female,0.0,0.0,45,United-States,<=50K
25,Private,181528.0,Masters,14,Never-married,Exec-managerial,Not-in-family,White,Female,0.0,0.0,43,United-States,<=50K
44,Private,286750.0,Bachelors,13,Married-civ-spouse,Exec-managerial,Husband,Black,Male,0.0,0.0,50,United-States,>50K
38,Private,51100.0,Bachelors,13,Divorced,Exec-managerial,Not-in-family,White,Male,3325.0,0.0,40,United-States,<=50K
25,Private,335522.0,9th,5,Never-married,Handlers-cleaners,Not-in-family,White,Male,0.0,0.0,40,Mexico,<=50K
28,Private,52732.0,7th-8th,4,Never-married,Craft-repair,Own-child,White,Male,0.0,0.0,40,United-States,<=50K
38,Local-gov,86643.0,Bachelors,13,Married-civ-spouse,Prof-specialty,Husband,White,Male,0.0,0.0,45,United-States,>50K
58,Private,293399.0,11th,7,Widowed,Machine-op-inspct,Not-in-family,White,Female,0.0,0.0,40,United-States,<=50K
38,Private,212437.0,Assoc-acdm,12,Never-married,Other-service,Unmarried,Black,Female,0.0,0.0,30,United-States,<=50K
42,Private,195584.0,Assoc-acdm,12,Separated,Adm-clerical,Unmarried,Black,Female,0.0,0.0,40,United-States,<=50K
58,Private,188982.0,HS-grad,9,Married-civ-spouse,Handlers-cleaners,Husband,Black,Male,0.0,0.0,20,United-States,>50K
66,Private,151793.0,7th-8th,4,Widowed,Other-service,Not-in-family,Black,Female,0.0,0.0,10,United-States,<=50K
24,Private,191954.0,Some-college,10,Never-married,Machine-op-inspct,Not-in-family,White,Male,0.0,0.0,40,United-States,<=50K
50,Federal-gov,172046.0,Some-college,10,Married-civ-spouse,Exec-managerial,Husband,White,Male,0.0,0.0,40,United-States,>50K
49,Private,94342.0,Bachelors,13,Married-civ-spouse,Craft-repair,Husband,White,Male,0.0,0.0,60,United-States,<=50K
67,Self-emp-not-inc,354405.0,HS-grad,9,Widowed,Other-service,Not-in-family,White,Female,0.0,0.0,20,United-States,<=50K
20,Private,211968.0,Some-college,10,Never-married,Prof-specialty,Own-child,White,Female,0.0,0.0,15,United-States,<=50K
66,Self-emp-inc,50408.0,12th,8,Married-civ-spouse,Sales,Husband,White,Male,0.0,0.0,20,United-States,<=50K
33,Private,214288.0,HS-grad,9,Married-civ-spouse,Machine-op-inspct,Husband,White,Male,0.0,1848.0,48,United-States,>50K
31,State-gov,193565.0,Masters,14,Never-married,Tech-support,Not-in-family,White,Male,0.0,0.0,40,United-States,<=50K
49,Local-gov,78859.0,Masters,14,Widowed,Prof-specialty,Unmarried,White,Female,0.0,323.0,20,United-States,<=50K
35,State-gov,211115.0,Some-college,10,Never-married,Protective-serv,Not-in-family,Black,Male,0.0,0.0,40,United-States,<=50K
43,Local-gov,36924.0,Masters,14,Married-civ-spouse,Prof-specialty,Husband,White,Male,0.0,0.0,40,United-States,>50K
49,Federal-gov,94754.0,Masters,14,Married-civ-spouse,Adm-clerical,Husband,White,Male,0.0,0.0,40,United-States,>50K
56,Private,192869.0,Masters,14,Married-civ-spouse,Craft-repair,Husband,White,Male,0.0,1977.0,44,United-States,>50K
23,Private,417605.0,5th-6th,3,Never-married,Craft-repair,Not-in-family,White,Male,0.0,0.0,40,Mexico,<=50K
19,Private,194260.0,Some-college,10,Never-married,Sales,Own-child,White,Female,0.0,0.0,20,United-States,<=50K
47,Private,193285.0,HS-grad,9,Married-civ-spouse,Other-service,Wife,Black,Female,5013.0,0.0,40,United-States,<=50K
19,Private,190817.0,Some-college,10,Never-married,Sales,Own-child,White,Female,0.0,0.0,40,United-States,<=50K
37,Private,89559.0,HS-grad,9,Divorced,Adm-clerical,Unmarried,White,Female,0.0,0.0,40,United-States,<=50K
46,Self-emp-not-inc,256014.0,Assoc-voc,11,Married-civ-spouse,Exec-managerial,Husband,White,Male,0.0,0.0,60,United-States,<=50K
41,Private,236483.0,HS-grad,9,Married-civ-spouse,Craft-repair,Husband,White,Male,0.0,0.0,40,United-States,<=50K
23,Private,117618.0,Some-college,10,Never-married,Handlers-cleaners,Own-child,White,Male,0.0,0.0,35,United-States,<=50K
42,Private,154374.0,Bachelors,13,Married-civ-spouse,Sales,Husband,White,Male,0.0,0.0,40,United-States,>50K
37,Private,29660.0,Assoc-acdm,12,Divorced,Adm-clerical,Not-in-family,White,Female,0.0,0.0,40,United-States,<=50K
55,Private,197420.0,HS-grad,9,Never-married,Priv-house-serv,Unmarried,White,Female,0.0,0.0,40,Mexico,<=50K
39,Private,176335.0,Masters,14,Married-civ-spouse,Exec-managerial,Husband,White,Male,7688.0,0.0,65,United-States,>50K
24,Private,149396.0,Some-college,10,Never-married,Other-service,Other-relative,Black,Female,0.0,0.0,30,Haiti,<=50K
26,Private,76491.0,Masters,14,Married-civ-spouse,Prof-specialty,Husband,White,Male,0.0,0.0,20,United-States,<=50K
38,Private,415578.0,10th,6,Married-civ-spouse,Craft-repair,Husband,White,Male,0.0,0.0,40,United-States,>50K
40,Private,92649.0,Assoc-acdm,12,Divorced,Adm-clerical,Unmarried,White,Female,0.0,0.0,40,United-States,<=50K
57,Private,137031.0,Some-college,10,Married-civ-spouse,Transport-moving,Husband,White,Male,0.0,0.0,50,United-States,<=50K
30,State-gov,180283.0,HS-grad,9,Never-married,Other-service,Not-in-family,Black,Female,0.0,0.0,40,United-States,<=50K
48,Private,178686.0,HS-grad,9,Divorced,Craft-repair,Not-in-family,White,Male,0.0,0.0,40,United-States,<=50K
30,Private,226396.0,HS-grad,9,Married-civ-spouse,Other-service,Wife,White,Female,0.0,0.0,30,United-States,<=50K
34,Private,204052.0,HS-grad,9,Never-married,Craft-repair,Not-in-family,White,Male,0.0,0.0,40,United-States,<=50K
50,Private,156877.0,11th,7,Married-civ-spouse,Transport-moving,Husband,White,Male,0.0,0.0,70,United-States,>50K
46,Private,171550.0,HS-grad,9,Divorced,Machine-op-inspct,Not-in-family,White,Female,0.0,0.0,38,United-States,<=50K
23,Private,161478.0,Some-college,10,Never-married,Sales,Own-child,Asian-Pac-Islander,Female,0.0,0.0,40,United-States,<=50K
38,Private,29702.0,Bachelors,13,Married-civ-spouse,Exec-managerial,Husband,White,Male,0.0,0.0,45,United-States,>50K
17,Private,317702.0,10th,6,Never-married,Sales,Own-child,Black,Female,0.0,0.0,15,United-States,<=50K
40,Private,67243.0,Some-college,10,Divorced,Tech-support,Not-in-family,White,Male,0.0,0.0,40,United-States,<=50K
42,Private,102085.0,HS-grad,9,Divorced,Other-service,Own-child,White,Female,0.0,0.0,15,United-States,<=50K
61,Self-emp-inc,190610.0,Bachelors,13,Married-civ-spouse,Sales,Husband,White,Male,0.0,0.0,45,United-States,>50K
78,Self-emp-inc,385242.0,Bachelors,13,Married-civ-spouse,Exec-managerial,Husband,White,Male,9386.0,0.0,45,United-States,>50K
39,Private,30916.0,HS-grad,9,Married-civ-spouse,Craft-repair,Husband,White,Male,0.0,0.0,40,United-States,<=50K
48,Private,34845.0,HS-grad,9,Divorced,Craft-repair,Other-relative,White,Male,0.0,0.0,40,United-States,<=50K
37,Local-gov,185556.0,HS-grad,9,Separated,Protective-serv,Not-in-family,White,Male,0.0,1980.0,35,United-States,<=50K
20,Private,135716.0,HS-grad,9,Never-married,Handlers-cleaners,Own-child,White,Male,0.0,0.0,44,United-States,<=50K
20,Private,256504.0,Some-college,10,Never-married,Sales,Own-child,White,Female,0.0,0.0,6,United-States,<=50K
20,Private,263612.0,Some-college,10,Never-married,Adm-clerical,Own-child,Black,Female,0.0,0.0,40,Haiti,<=50K
55,Private,284095.0,HS-grad,9,Divorced,Sales,Not-in-family,White,Female,0.0,0.0,37,United-States,<=50K
35,Private,23621.0,HS-grad,9,Never-married,Craft-repair,Not-in-family,White,Male,0.0,0.0,70,United-States,<=50K
39,Self-emp-not-inc,341643.0,HS-grad,9,Separated,Craft-repair,Not-in-family,White,Male,0.0,1669.0,50,United-States,<=50K
27,Private,194590.0,Assoc-acdm,12,Married-civ-spouse,Adm-clerical,Wife,Black,Female,0.0,0.0,25,United-States,<=50K
40,Self-emp-not-inc,155106.0,9th,5,Married-civ-spouse,Craft-repair,Husband,White,Male,0.0,0.0,40,United-States,>50K
36,Private,236391.0,Some-college,10,Married-civ-spouse,Exec-managerial,Husband,White,Male,0.0,0.0,45,United-States,>50K
30,Private,101283.0,Some-college,10,Never-married,Other-service,Not-in-family,White,Female,0.0,0.0,40,United-States,<=50K
32,Private,151773.0,Some-college,10,Married-civ-spouse,Craft-repair,Husband,White,Male,0.0,0.0,45,United-States,<=50K
35,Private,176900.0,Assoc-voc,11,Divorced,Craft-repair,Not-in-family,White,Male,0.0,0.0,40,United-States,<=50K
21,Private,188535.0,HS-grad,9,Never-married,Machine-op-inspct,Not-in-family,White,Male,0.0,0.0,44,United-States,<=50K
56,Self-emp-not-inc,403072.0,Some-college,10,Married-civ-spouse,Craft-repair,Husband,White,Male,0.0,0.0,50,United-States,>50K
33,Private,122749.0,Assoc-voc,11,Married-civ-spouse,Craft-repair,Husband,Asian-Pac-Islander,Male,0.0,0.0,40,India,>50K
19,Private,196857.0,11th,7,Never-married,Adm-clerical,Own-child,White,Female,594.0,0.0,15,United-States,<=50K
50,Private,313321.0,Assoc-acdm,12,Divorced,Sales,Not-in-family,White,Female,0.0,0.0,40,United-States,<=50K
33,Private,149726.0,HS-grad,9,Married-civ-spouse,Sales,Husband,White,Male,0.0,0.0,40,United-States,>50K
31,Private,274818.0,Some-college,10,Never-married,Adm-clerical,Not-in-family,White,Female,0.0,0.0,40,United-States,<=50K
72,Private,249559.0,HS-grad,9,Widowed,Priv-house-serv,Not-in-family,White,Female,0.0,0.0,25,United-States,<=50K
36,Private,49794.0,HS-grad,9,Married-civ-spouse,Craft-repair,Husband,White,Male,0.0,0.0,45,United-States,<=50K
48,Private,64156.0,Some-college,10,Married-civ-spouse,Exec-managerial,Husband,White,Male,0.0,0.0,45,United-States,<=50K
44,Private,159580.0,12th,8,Divorced,Transport-moving,Not-in-family,White,Female,0.0,0.0,40,United-States,<=50K
47,Local-gov,162236.0,Bachelors,13,Divorced,Prof-specialty,Not-in-family,White,Female,0.0,0.0,35,United-States,>50K
47,Self-emp-not-inc,77102.0,Masters,14,Divorced,Prof-specialty,Not-in-family,White,Male,0.0,0.0,40,United-States,<=50K
23,Private,86939.0,HS-grad,9,Divorced,Handlers-cleaners,Not-in-family,White,Male,0.0,0.0,50,United-States,<=50K
19,Private,132717.0,HS-grad,9,Married-civ-spouse,Other-service,Own-child,White,Female,0.0,0.0,15,United-States,<=50K
29,Private,312845.0,HS-grad,9,Divorced,Other-service,Unmarried,White,Female,0.0,0.0,30,United-States,<=50K
51,Private,108435.0,Masters,14,Married-civ-spouse,Prof-specialty,Husband,White,Male,0.0,0.0,47,United-States,>50K
19,Private,233779.0,HS-grad,9,Never-married,Craft-repair,Own-child,White,Male,0.0,0.0,40,United-States,<=50K
43,Self-emp-not-inc,292175.0,Masters,14,Divorced,Exec-managerial,Unmarried,White,Female,0.0,0.0,45,United-States,>50K
28,Private,77760.0,HS-grad,9,Never-married,Other-service,Unmarried,White,Male,0.0,0.0,40,United-States,<=50K
35,Private,170797.0,Bachelors,13,Divorced,Other-service,Not-in-family,White,Female,0.0,0.0,40,United-States,<=50K
46,Federal-gov,213140.0,Masters,14,Married-civ-spouse,Exec-managerial,Husband,White,Male,0.0,1977.0,40,United-States,>50K
19,Private,344414.0,Some-college,10,Never-married,Transport-moving,Own-child,White,Male,0.0,0.0,40,United-States,<=50K
28,Local-gov,205903.0,Assoc-acdm,12,Married-civ-spouse,Protective-serv,Husband,White,Male,0.0,0.0,45,United-States,>50K
40,Self-emp-not-inc,403550.0,Some-college,10,Married-civ-spouse,Craft-repair,Husband,White,Male,0.0,0.0,50,United-States,<=50K
57,Private,167483.0,Assoc-voc,11,Divorced,Exec-managerial,Unmarried,White,Female,0.0,0.0,50,United-States,<=50K
24,Private,162282.0,HS-grad,9,Never-married,Craft-repair,Not-in-family,White,Male,0.0,0.0,40,United-States,<=50K
39,Private,297847.0,9th,5,Married-civ-spouse,Other-service,Wife,Black,Female,3411.0,0.0,34,United-States,<=50K
40,Private,191814.0,Bachelors,13,Married-civ-spouse,Exec-managerial,Husband,White,Male,0.0,1902.0,40,United-States,>50K
25,Private,483822.0,HS-grad,9,Never-married,Other-service,Own-child,White,Male,0.0,0.0,40,El-Salvador,<=50K
49,Private,36032.0,Some-college,10,Never-married,Exec-managerial,Not-in-family,Black,Female,0.0,0.0,40,United-States,<=50K
35,Private,228190.0,HS-grad,9,Married-civ-spouse,Transport-moving,Husband,Black,Male,0.0,0.0,40,United-States,<=50K
32,Private,256609.0,12th,8,Married-civ-spouse,Machine-op-inspct,Husband,White,Male,0.0,0.0,40,Mexico,<=50K
52,Private,366232.0,9th,5,Divorced,Craft-repair,Unmarried,White,Female,0.0,0.0,40,Cuba,<=50K
54,Private,421561.0,Masters,14,Married-civ-spouse,Exec-managerial,Husband,White,Male,0.0,0.0,45,United-States,>50K
18,Private,137363.0,HS-grad,9,Never-married,Adm-clerical,Own-child,White,Female,0.0,0.0,40,United-States,<=50K
43,Self-emp-not-inc,144218.0,12th,8,Married-civ-spouse,Transport-moving,Husband,White,Male,0.0,0.0,60,United-States,<=50K
53,Private,27166.0,HS-grad,9,Married-spouse-absent,Transport-moving,Not-in-family,White,Male,10520.0,0.0,40,United-States,>50K
23,Private,192978.0,HS-grad,9,Married-civ-spouse,Handlers-cleaners,Husband,White,Male,0.0,0.0,40,United-States,<=50K
29,Federal-gov,41013.0,Prof-school,15,Never-married,Prof-specialty,Not-in-family,White,Female,0.0,0.0,55,United-States,<=50K
46,Private,424934.0,10th,6,Widowed,Other-service,Not-in-family,White,Female,0.0,0.0,40,Portugal,<=50K
37,Private,167482.0,HS-grad,9,Never-married,Machine-op-inspct,Own-child,White,Male,0.0,0.0,40,United-States,<=50K
52,Private,94988.0,5th-6th,3,Never-married,Handlers-cleaners,Not-in-family,White,Male,0.0,0.0,50,United-States,<=50K
24,Private,117210.0,Bachelors,13,Never-married,Exec-managerial,Own-child,White,Male,0.0,0.0,36,United-States,<=50K
38,Private,169872.0,HS-grad,9,Separated,Adm-clerical,Unmarried,White,Female,3887.0,0.0,45,United-States,<=50K
28,Local-gov,154863.0,HS-grad,9,Never-married,Protective-serv,Other-relative,Black,Male,0.0,1876.0,40,United-States,<=50K
21,State-gov,337766.0,Some-college,10,Never-married,Prof-specialty,Own-child,White,Male,0.0,0.0,20,United-States,<=50K
47,Private,284871.0,Bachelors,13,Married-civ-spouse,Exec-managerial,Husband,White,Male,0.0,1887.0,40,United-States,>50K
76,Private,316185.0,7th-8th,4,Widowed,Protective-serv,Not-in-family,White,Female,0.0,0.0,12,United-States,<=50K
37,Self-emp-not-inc,180477.0,HS-grad,9,Married-civ-spouse,Craft-repair,Husband,White,Male,0.0,0.0,47,United-States,<=50K
68,Private,204082.0,Some-college,10,Widowed,Exec-managerial,Not-in-family,White,Female,0.0,0.0,45,United-States,<=50K
35,Private,351772.0,Bachelors,13,Married-civ-spouse,Exec-managerial,Husband,White,Male,15024.0,0.0,45,United-States,>50K
45,Private,166879.0,11th,7,Divorced,Craft-repair,Not-in-family,White,Male,0.0,0.0,40,United-States,<=50K
47,Private,26950.0,Masters,14,Divorced,Sales,Not-in-family,White,Female,0.0,0.0,6,United-States,<=50K
45,State-gov,90803.0,Some-college,10,Married-civ-spouse,Adm-clerical,Husband,White,Male,0.0,0.0,40,United-States,<=50K
29,Private,236436.0,HS-grad,9,Never-married,Adm-clerical,Not-in-family,White,Female,0.0,0.0,40,United-States,<=50K
67,Private,219687.0,Some-college,10,Widowed,Sales,Not-in-family,White,Male,0.0,0.0,18,United-States,<=50K
17,Private,345403.0,10th,6,Never-married,Other-service,Own-child,White,Male,0.0,0.0,40,United-States,<=50K
65,Private,242580.0,Some-college,10,Divorced,Prof-specialty,Not-in-family,White,Male,11678.0,0.0,50,United-States,>50K
29,Private,193260.0,Bachelors,13,Married-civ-spouse,Craft-repair,Other-relative,Asian-Pac-Islander,Male,0.0,0.0,30,India,<=50K
65,Private,270935.0,HS-grad,9,Widowed,Craft-repair,Not-in-family,White,Male,0.0,0.0,55,United-States,<=50K
63,Private,205246.0,HS-grad,9,Married-civ-spouse,Machine-op-inspct,Husband,Black,Male,0.0,0.0,40,United-States,<=50K
50,Private,410186.0,HS-grad,9,Married-civ-spouse,Craft-repair,Husband,White,Male,0.0,0.0,40,United-States,<=50K
18,Private,118983.0,HS-grad,9,Never-married,Exec-managerial,Own-child,White,Male,0.0,0.0,30,United-States,<=50K
42,Private,46091.0,Bachelors,13,Divorced,Exec-managerial,Unmarried,White,Female,0.0,0.0,40,United-States,<=50K
35,Federal-gov,205584.0,5th-6th,3,Never-married,Craft-repair,Not-in-family,White,Male,0.0,0.0,40,Mexico,<=50K
33,Private,182511.0,Assoc-voc,11,Divorced,Adm-clerical,Unmarried,White,Female,0.0,0.0,40,United-States,<=50K
49,Private,318331.0,HS-grad,9,Divorced,Machine-op-inspct,Not-in-family,White,Male,0.0,0.0,40,United-States,<=50K
36,Private,117312.0,Assoc-acdm,12,Divorced,Tech-support,Not-in-family,White,Female,0.0,0.0,60,United-States,<=50K
63,Private,286990.0,Some-college,10,Married-civ-spouse,Sales,Husband,White,Male,0.0,0.0,50,United-States,>50K
21,Private,177940.0,HS-grad,9,Married-spouse-absent,Machine-op-inspct,Not-in-family,White,Female,0.0,0.0,40,United-States,<=50K
28,Private,113870.0,HS-grad,9,Never-married,Adm-clerical,Not-in-family,White,Male,0.0,0.0,40,United-States,<=50K
33,State-gov,357691.0,Masters,14,Married-civ-spouse,Protective-serv,Husband,Black,Male,0.0,0.0,40,United-States,<=50K
21,Private,448026.0,Some-college,10,Never-married,Protective-serv,Own-child,White,Male,2907.0,0.0,30,United-States,<=50K
39,Private,273362.0,HS-grad,9,Married-civ-spouse,Craft-repair,Husband,White,Male,0.0,0.0,40,United-States,>50K
26,Private,250038.0,9th,5,Never-married,Farming-fishing,Other-relative,White,Male,0.0,0.0,40,Mexico,<=50K
33,State-gov,65018.0,Masters,14,Married-civ-spouse,Prof-specialty,Husband,Asian-Pac-Islander,Male,0.0,0.0,20,China,<=50K
53,Local-gov,237523.0,Some-college,10,Married-civ-spouse,Protective-serv,Husband,White,Male,0.0,0.0,40,United-States,>50K
35,Private,184655.0,Bachelors,13,Never-married,Prof-specialty,Not-in-family,White,Male,0.0,0.0,40,United-States,<=50K
19,Private,42750.0,Some-college,10,Never-married,Other-service,Own-child,White,Male,0.0,0.0,20,United-States,<=50K
38,Private,193026.0,Some-college,10,Divorced,Craft-repair,Not-in-family,White,Male,0.0,0.0,40,Iran,<=50K
52,Private,301229.0,Assoc-voc,11,Separated,Sales,Unmarried,White,Female,0.0,0.0,40,United-States,<=50K
50,Private,392668.0,Some-college,10,Married-civ-spouse,Machine-op-inspct,Husband,White,Male,4386.0,0.0,40,United-States,<=50K
30,Private,94413.0,Some-college,10,Divorced,Transport-moving,Not-in-family,White,Male,0.0,0.0,30,United-States,<=50K
45,Private,162915.0,Some-college,10,Divorced,Transport-moving,Not-in-family,White,Male,0.0,0.0,50,United-States,<=50K
47,Private,189498.0,HS-grad,9,Married-civ-spouse,Tech-support,Husband,White,Male,0.0,0.0,65,United-States,>50K
39,Private,108540.0,HS-grad,9,Married-civ-spouse,Sales,Husband,White,Male,0.0,0.0,40,United-States,<=50K
53,State-gov,118793.0,HS-grad,9,Married-civ-spouse,Protective-serv,Husband,White,Male,0.0,0.0,40,United-States,<=50K
34,Private,290763.0,HS-grad,9,Divorced,Handlers-cleaners,Own-child,White,Female,0.0,0.0,40,United-States,<=50K
51,Private,196828.0,Some-college,10,Divorced,Sales,Not-in-family,White,Female,0.0,0.0,38,United-States,>50K
37,Private,271767.0,Bachelors,13,Never-married,Exec-managerial,Not-in-family,White,Male,0.0,0.0,48,United-States,>50K
31,Federal-gov,281540.0,Assoc-acdm,12,Married-civ-spouse,Tech-support,Husband,White,Male,0.0,0.0,45,United-States,<=50K
39,Private,301614.0,HS-grad,9,Married-civ-spouse,Transport-moving,Husband,White,Male,0.0,0.0,40,United-States,<=50K
29,Private,196971.0,Bachelors,13,Never-married,Prof-specialty,Own-child,White,Female,0.0,0.0,72,United-States,<=50K
17,Private,206998.0,11th,7,Never-married,Handlers-cleaners,Own-child,White,Male,0.0,0.0,10,United-States,<=50K
55,Local-gov,253062.0,Some-college,10,Married-civ-spouse,Prof-specialty,Husband,White,Male,0.0,0.0,40,United-States,>50K
19,Private,285750.0,HS-grad,9,Never-married,Handlers-cleaners,Other-relative,White,Male,0.0,0.0,30,United-States,<=50K
31,Private,209538.0,10th,6,Married-civ-spouse,Machine-op-inspct,Husband,White,Male,0.0,0.0,40,United-States,<=50K
43,Local-gov,186995.0,HS-grad,9,Divorced,Protective-serv,Unmarried,White,Female,0.0,0.0,40,United-States,<=50K
32,Private,93699.0,HS-grad,9,Widowed,Machine-op-inspct,Unmarried,White,Female,0.0,0.0,40,United-States,<=50K
37,Federal-gov,32950.0,Assoc-acdm,12,Divorced,Exec-managerial,Unmarried,Black,Female,0.0,0.0,40,United-States,<=50K
29,Private,177562.0,HS-grad,9,Married-civ-spouse,Other-service,Wife,White,Female,3781.0,0.0,35,United-States,<=50K
27,Private,391468.0,11th,7,Divorced,Craft-repair,Own-child,White,Male,0.0,0.0,40,United-States,<=50K
46,Private,181970.0,Some-college,10,Married-civ-spouse,Craft-repair,Husband,White,Male,0.0,0.0,40,United-States,>50K
51,Private,305673.0,Assoc-voc,11,Married-civ-spouse,Craft-repair,Husband,White,Male,0.0,0.0,40,Canada,>50K
43,Private,184105.0,HS-grad,9,Married-civ-spouse,Handlers-cleaners,Husband,White,Male,0.0,0.0,50,United-States,<=50K
54,Self-emp-inc,175339.0,Bachelors,13,Married-civ-spouse,Sales,Husband,White,Male,0.0,2415.0,40,United-States,>50K
43,Local-gov,105862.0,Some-college,10,Married-civ-spouse,Adm-clerical,Wife,White,Female,0.0,1902.0,40,United-States,>50K
46,Private,187715.0,Some-college,10,Married-civ-spouse,Sales,Husband,White,Male,0.0,0.0,50,United-States,<=50K
47,Private,161950.0,Bachelors,13,Divorced,Other-service,Not-in-family,White,Female,0.0,0.0,25,Germany,<=50K
33,Federal-gov,206392.0,HS-grad,9,Married-civ-spouse,Prof-specialty,Husband,White,Male,0.0,0.0,40,United-States,<=50K
26,Private,112754.0,Assoc-voc,11,Married-civ-spouse,Craft-repair,Husband,White,Male,0.0,0.0,65,United-States,>50K
50,Private,137253.0,Bachelors,13,Married-civ-spouse,Adm-clerical,Wife,White,Female,0.0,0.0,40,United-States,>50K
33,Private,245777.0,HS-grad,9,Divorced,Sales,Not-in-family,White,Male,0.0,0.0,40,United-States,<=50K
20,Private,163665.0,Assoc-acdm,12,Never-married,Adm-clerical,Own-child,White,Female,0.0,0.0,15,United-States,<=50K
53,Private,175220.0,Bachelors,13,Married-civ-spouse,Sales,Husband,Asian-Pac-Islander,Male,7688.0,0.0,48,Taiwan,>50K
29,Private,115677.0,Bachelors,13,Never-married,Prof-specialty,Not-in-family,White,Male,0.0,0.0,40,United-States,<=50K
45,Private,126141.0,Bachelors,13,Married-civ-spouse,Exec-managerial,Husband,White,Male,0.0,0.0,40,United-States,>50K
46,Private,75256.0,HS-grad,9,Married-civ-spouse,Priv-house-serv,Wife,White,Female,0.0,0.0,40,United-States,<=50K
33,Private,85043.0,HS-grad,9,Never-married,Farming-fishing,Not-in-family,White,Male,0.0,0.0,20,United-States,<=50K
41,Private,187881.0,Some-college,10,Married-civ-spouse,Sales,Husband,White,Male,3942.0,0.0,40,United-States,<=50K
49,Self-emp-not-inc,168191.0,7th-8th,4,Married-civ-spouse,Other-service,Husband,White,Male,0.0,0.0,70,Italy,<=50K
52,Self-emp-not-inc,41496.0,Some-college,10,Married-civ-spouse,Sales,Husband,White,Male,0.0,0.0,45,United-States,<=50K
35,Private,126569.0,Masters,14,Married-civ-spouse,Craft-repair,Husband,White,Male,0.0,0.0,40,United-States,<=50K
20,Private,258490.0,Some-college,10,Never-married,Sales,Not-in-family,White,Female,0.0,0.0,35,United-States,<=50K
36,Private,336367.0,Assoc-acdm,12,Never-married,Exec-managerial,Unmarried,White,Male,0.0,0.0,50,United-States,<=50K
50,Private,125417.0,Bachelors,13,Married-civ-spouse,Exec-managerial,Husband,White,Male,7298.0,0.0,65,United-States,>50K
47,Private,296066.0,Some-college,10,Married-civ-spouse,Prof-specialty,Husband,White,Male,0.0,0.0,40,United-States,<=50K
26,Private,138152.0,12th,8,Never-married,Craft-repair,Other-relative,Other,Male,0.0,0.0,48,Guatemala,<=50K
34,Private,176648.0,HS-grad,9,Divorced,Adm-clerical,Not-in-family,Black,Male,0.0,0.0,42,United-States,<=50K
31,Self-emp-not-inc,271173.0,Some-college,10,Never-married,Craft-repair,Own-child,Black,Male,4650.0,0.0,40,United-States,<=50K
32,Private,222654.0,10th,6,Divorced,Machine-op-inspct,Not-in-family,White,Male,0.0,0.0,40,United-States,<=50K
47,Private,186539.0,Some-college,10,Married-civ-spouse,Other-service,Husband,White,Male,0.0,0.0,10,United-States,<=50K
51,Private,29580.0,11th,7,Married-civ-spouse,Sales,Husband,White,Male,4386.0,0.0,30,United-States,>50K
17,Private,208046.0,HS-grad,9,Never-married,Sales,Own-child,Black,Female,0.0,0.0,16,United-States,<=50K
22,Private,247731.0,Some-college,10,Never-married,Adm-clerical,Own-child,White,Female,0.0,0.0,40,United-States,<=50K
34,Self-emp-not-inc,124052.0,Bachelors,13,Married-civ-spouse,Sales,Husband,White,Male,0.0,0.0,30,United-States,<=50K
32,Private,237478.0,11th,7,Divorced,Machine-op-inspct,Unmarried,White,Female,0.0,0.0,40,United-States,<=50K
56,Self-emp-inc,24127.0,Assoc-voc,11,Married-civ-spouse,Sales,Husband,White,Male,0.0,0.0,54,United-States,>50K
26,Private,191765.0,Bachelors,13,Never-married,Prof-specialty,Not-in-family,White,Male,0.0,0.0,40,Scotland,<=50K
32,Self-emp-not-inc,295010.0,Some-college,10,Separated,Other-service,Unmarried,White,Female,0.0,0.0,40,United-States,<=50K
42,Private,66006.0,10th,6,Never-married,Transport-moving,Not-in-family,Black,Male,0.0,0.0,40,United-States,<=50K
37,Local-gov,126569.0,HS-grad,9,Never-married,Craft-repair,Not-in-family,White,Male,0.0,0.0,40,United-States,<=50K
55,Private,225365.0,HS-grad,9,Widowed,Other-service,Unmarried,White,Female,0.0,0.0,30,United-States,<=50K
30,Private,204374.0,Bachelors,13,Never-married,Sales,Not-in-family,White,Male,0.0,1741.0,48,United-States,<=50K
26,Private,302097.0,HS-grad,9,Married-civ-spouse,Machine-op-inspct,Husband,White,Male,3464.0,0.0,48,United-States,<=50K
27,Private,251905.0,Assoc-voc,11,Never-married,Exec-managerial,Own-child,White,Male,0.0,0.0,50,United-States,<=50K
48,Private,233802.0,Masters,14,Married-civ-spouse,Exec-managerial,Husband,Black,Male,0.0,0.0,45,United-States,<=50K
56,Private,200316.0,Some-college,10,Married-civ-spouse,Adm-clerical,Husband,White,Male,0.0,0.0,35,United-States,<=50K
43,Local-gov,311914.0,Some-college,10,Divorced,Adm-clerical,Not-in-family,White,Female,0.0,0.0,40,United-States,<=50K
54,Private,227832.0,Some-college,10,Married-civ-spouse,Adm-clerical,Husband,White,Male,0.0,0.0,40,United-States,<=50K
36,Private,116138.0,HS-grad,9,Married-civ-spouse,Prof-specialty,Husband,Asian-Pac-Islander,Male,0.0,0.0,40,Cambodia,<=50K
23,Private,33021.0,HS-grad,9,Married-civ-spouse,Machine-op-inspct,Husband,White,Male,0.0,0.0,40,United-States,<=50K
37,Private,226947.0,Assoc-voc,11,Married-civ-spouse,Craft-repair,Husband,White,Male,0.0,0.0,40,United-States,>50K
31,Private,49469.0,Prof-school,15,Never-married,Prof-specialty,Not-in-family,White,Male,0.0,0.0,50,United-States,<=50K
60,State-gov,234854.0,Doctorate,16,Married-civ-spouse,Prof-specialty,Husband,White,Male,0.0,1902.0,40,United-States,>50K
49,Private,101320.0,Masters,14,Divorced,Exec-managerial,Not-in-family,White,Female,0.0,0.0,75,United-States,<=50K
34,Private,80933.0,HS-grad,9,Married-civ-spouse,Craft-repair,Husband,White,Male,0.0,1672.0,40,United-States,<=50K
42,Local-gov,147510.0,Bachelors,13,Separated,Prof-specialty,Unmarried,White,Male,0.0,0.0,40,United-States,<=50K
51,Self-emp-not-inc,421132.0,Some-college,10,Married-civ-spouse,Craft-repair,Husband,White,Male,0.0,0.0,40,United-States,<=50K
24,Private,160261.0,Masters,14,Never-married,Prof-specialty,Not-in-family,Asian-Pac-Islander,Male,0.0,0.0,20,France,<=50K
44,Self-emp-not-inc,138471.0,Some-college,10,Married-civ-spouse,Craft-repair,Husband,White,Male,0.0,0.0,50,United-States,<=50K
28,Private,193260.0,Bachelors,13,Never-married,Prof-specialty,Not-in-family,Asian-Pac-Islander,Male,0.0,0.0,50,South,>50K
19,Private,304469.0,10th,6,Never-married,Farming-fishing,Own-child,White,Male,0.0,0.0,25,United-States,<=50K
19,Private,42069.0,HS-grad,9,Never-married,Other-service,Own-child,White,Male,0.0,0.0,40,United-States,<=50K
46,Local-gov,125457.0,Masters,14,Married-civ-spouse,Prof-specialty,Husband,Black,Male,0.0,0.0,38,United-States,>50K
40,Private,91836.0,HS-grad,9,Divorced,Craft-repair,Not-in-family,White,Male,0.0,0.0,45,United-States,<=50K
76,Private,142535.0,HS-grad,9,Widowed,Adm-clerical,Not-in-family,White,Male,0.0,0.0,6,United-States,<=50K
34,Private,216864.0,HS-grad,9,Divorced,Other-service,Unmarried,White,Female,0.0,3770.0,45,United-States,<=50K
30,Private,66278.0,HS-grad,9,Never-married,Adm-clerical,Not-in-family,White,Female,0.0,0.0,40,United-States,<=50K
36,Local-gov,122353.0,Some-college,10,Married-civ-spouse,Protective-serv,Husband,White,Male,0.0,0.0,68,United-States,<=50K
41,Private,323790.0,HS-grad,9,Divorced,Handlers-cleaners,Unmarried,White,Male,0.0,0.0,55,United-States,<=50K
20,Private,38620.0,Some-college,10,Never-married,Other-service,Own-child,White,Male,0.0,0.0,20,United-States,<=50K
37,Private,60722.0,Some-college,10,Divorced,Exec-managerial,Not-in-family,Asian-Pac-Islander,Female,0.0,0.0,40,Japan,>50K
46,Local-gov,236827.0,9th,5,Separated,Other-service,Unmarried,Black,Female,0.0,0.0,40,United-States,<=50K
36,Private,108103.0,HS-grad,9,Married-civ-spouse,Other-service,Husband,White,Male,0.0,0.0,50,United-States,<=50K
27,Private,190391.0,Some-college,10,Married-civ-spouse,Exec-managerial,Husband,White,Male,0.0,0.0,40,United-States,<=50K
31,Private,144124.0,Some-college,10,Divorced,Prof-specialty,Not-in-family,White,Female,0.0,0.0,40,United-States,<=50K
40,Private,239708.0,HS-grad,9,Divorced,Craft-repair,Not-in-family,White,Male,0.0,0.0,50,United-States,<=50K
56,Local-gov,242670.0,Some-college,10,Widowed,Adm-clerical,Unmarried,White,Female,0.0,0.0,40,United-States,<=50K
19,Private,201743.0,Some-college,10,Never-married,Other-service,Own-child,White,Female,0.0,0.0,26,United-States,<=50K
19,Private,445728.0,HS-grad,9,Never-married,Craft-repair,Not-in-family,White,Male,0.0,0.0,40,United-States,<=50K
17,Private,102456.0,11th,7,Never-married,Handlers-cleaners,Own-child,White,Male,0.0,0.0,20,United-States,<=50K
48,Private,107373.0,7th-8th,4,Married-civ-spouse,Handlers-cleaners,Husband,White,Male,0.0,0.0,40,United-States,<=50K
37,Federal-gov,197284.0,Some-college,10,Never-married,Adm-clerical,Own-child,White,Male,0.0,0.0,40,United-States,<=50K
29,Private,37933.0,Bachelors,13,Never-married,Exec-managerial,Unmarried,Black,Female,0.0,0.0,40,United-States,<=50K
44,Private,89172.0,Bachelors,13,Married-civ-spouse,Craft-repair,Husband,White,Male,0.0,0.0,50,United-States,>50K
29,Private,53271.0,Bachelors,13,Married-civ-spouse,Exec-managerial,Husband,White,Male,0.0,0.0,40,United-States,>50K
21,Private,249271.0,Some-college,10,Never-married,Craft-repair,Own-child,White,Male,0.0,0.0,40,United-States,<=50K
32,Private,209691.0,Bachelors,13,Married-civ-spouse,Sales,Husband,White,Male,0.0,0.0,42,United-States,>50K
31,Private,114937.0,HS-grad,9,Married-civ-spouse,Craft-repair,Husband,White,Male,0.0,0.0,40,United-States,<=50K
19,Private,52372.0,Some-college,10,Never-married,Other-service,Own-child,White,Male,0.0,0.0,20,United-States,<=50K
60,Private,101096.0,Doctorate,16,Never-married,Prof-specialty,Not-in-family,White,Female,0.0,0.0,65,United-States,>50K
39,Private,82540.0,Some-college,10,Married-civ-spouse,Exec-managerial,Husband,White,Male,0.0,0.0,60,United-States,<=50K
18,Private,190325.0,11th,7,Never-married,Prof-specialty,Own-child,White,Male,0.0,0.0,40,United-States,<=50K
47,Private,165539.0,HS-grad,9,Never-married,Prof-specialty,Not-in-family,Black,Female,4101.0,0.0,40,Jamaica,<=50K
37,Private,226500.0,HS-grad,9,Married-civ-spouse,Sales,Husband,White,Male,0.0,0.0,50,United-States,<=50K
36,Private,132563.0,Prof-school,15,Married-civ-spouse,Adm-clerical,Wife,White,Female,0.0,0.0,15,United-States,>50K
32,Private,187901.0,Assoc-voc,11,Never-married,Exec-managerial,Not-in-family,White,Female,0.0,0.0,23,United-States,<=50K
26,Private,135521.0,HS-grad,9,Never-married,Craft-repair,Own-child,White,Male,0.0,0.0,50,United-States,<=50K
64,Federal-gov,341695.0,Some-college,10,Married-civ-spouse,Adm-clerical,Wife,White,Female,0.0,0.0,40,United-States,>50K
54,Self-emp-inc,196328.0,Bachelors,13,Married-civ-spouse,Sales,Husband,Black,Male,0.0,0.0,40,Jamaica,<=50K
26,Private,544319.0,Some-college,10,Married-civ-spouse,Other-service,Husband,White,Male,0.0,0.0,40,United-States,<=50K
20,Private,184756.0,Some-college,10,Never-married,Adm-clerical,Own-child,White,Female,0.0,0.0,12,United-States,<=50K
45,Self-emp-not-inc,40690.0,Some-college,10,Never-married,Farming-fishing,Own-child,White,Male,0.0,0.0,75,United-States,<=50K
43,Private,220776.0,Masters,14,Married-civ-spouse,Exec-managerial,Husband,White,Male,0.0,0.0,35,United-States,>50K
72,Private,74141.0,9th,5,Married-civ-spouse,Exec-managerial,Wife,Asian-Pac-Islander,Female,0.0,0.0,48,United-States,>50K
24,Federal-gov,130534.0,Bachelors,13,Never-married,Exec-managerial,Not-in-family,White,Male,0.0,0.0,40,United-States,<=50K
51,Private,99987.0,10th,6,Separated,Machine-op-inspct,Unmarried,Black,Female,0.0,0.0,40,United-States,<=50K
22,Private,218415.0,Some-college,10,Never-married,Tech-support,Unmarried,White,Female,0.0,0.0,50,United-States,<=50K
46,State-gov,164023.0,Some-college,10,Married-civ-spouse,Protective-serv,Husband,Black,Male,0.0,0.0,70,United-States,>50K
61,Private,141745.0,HS-grad,9,Divorced,Other-service,Not-in-family,Black,Female,0.0,0.0,40,United-States,<=50K
63,Private,34098.0,10th,6,Widowed,Farming-fishing,Unmarried,White,Female,0.0,0.0,56,United-States,<=50K
41,Private,118853.0,Some-college,10,Married-civ-spouse,Sales,Husband,White,Male,0.0,0.0,40,United-States,<=50K
25,Private,252187.0,11th,7,Never-married,Handlers-cleaners,Not-in-family,White,Male,0.0,0.0,40,United-States,<=50K
28,Private,282398.0,Some-college,10,Divorced,Craft-repair,Not-in-family,White,Male,0.0,0.0,35,United-States,<=50K
65,Private,205309.0,HS-grad,9,Married-civ-spouse,Farming-fishing,Husband,White,Male,0.0,0.0,24,United-States,<=50K
31,Self-emp-not-inc,349148.0,Some-college,10,Married-civ-spouse,Machine-op-inspct,Husband,White,Male,0.0,0.0,48,United-States,<=50K
30,Private,116138.0,Bachelors,13,Never-married,Exec-managerial,Not-in-family,White,Male,27828.0,0.0,60,United-States,>50K
36,Private,66304.0,Bachelors,13,Married-civ-spouse,Exec-managerial,Husband,White,Male,0.0,0.0,55,United-States,>50K
37,Private,168475.0,HS-grad,9,Married-civ-spouse,Exec-managerial,Husband,White,Male,0.0,0.0,40,United-States,>50K
34,Private,287168.0,Some-college,10,Divorced,Adm-clerical,Unmarried,White,Male,0.0,0.0,40,United-States,<=50K
49,Local-gov,215895.0,Masters,14,Married-civ-spouse,Adm-clerical,Husband,White,Male,0.0,0.0,40,Italy,>50K
23,Federal-gov,41432.0,Bachelors,13,Never-married,Prof-specialty,Not-in-family,White,Female,0.0,0.0,15,United-States,<=50K
28,Private,34292.0,HS-grad,9,Never-married,Craft-repair,Own-child,White,Male,0.0,0.0,40,United-States,<=50K
41,Private,331651.0,Prof-school,15,Married-civ-spouse,Exec-managerial,Wife,White,Female,0.0,0.0,50,Japan,>50K
34,Private,201156.0,11th,7,Never-married,Craft-repair,Not-in-family,White,Female,0.0,0.0,30,United-States,<=50K
32,Private,360593.0,HS-grad,9,Divorced,Sales,Unmarried,Black,Female,0.0,0.0,30,United-States,<=50K
34,Local-gov,143699.0,Some-college,10,Married-civ-spouse,Other-service,Wife,White,Female,0.0,0.0,40,United-States,<=50K
28,Private,319768.0,Masters,14,Married-civ-spouse,Sales,Husband,White,Male,0.0,0.0,45,France,>50K
35,Private,190895.0,Some-college,10,Married-civ-spouse,Prof-specialty,Husband,White,Male,0.0,0.0,60,United-States,<=50K
44,Private,223308.0,Masters,14,Separated,Sales,Unmarried,White,Female,0.0,0.0,48,United-States,<=50K
48,Private,67725.0,Bachelors,13,Married-civ-spouse,Sales,Husband,White,Male,0.0,0.0,45,United-States,<=50K
23,Private,347867.0,Bachelors,13,Never-married,Adm-clerical,Not-in-family,White,Male,0.0,0.0,30,United-States,<=50K
47,Private,274200.0,11th,7,Married-civ-spouse,Craft-repair,Husband,White,Male,7298.0,0.0,40,United-States,>50K
38,Private,186191.0,HS-grad,9,Married-civ-spouse,Craft-repair,Husband,White,Male,0.0,0.0,55,United-States,<=50K
39,State-gov,178100.0,Bachelors,13,Never-married,Prof-specialty,Not-in-family,White,Female,0.0,0.0,40,United-States,<=50K
30,Private,295010.0,Some-college,10,Married-civ-spouse,Adm-clerical,Other-relative,White,Female,0.0,0.0,40,United-States,>50K
35,Private,187119.0,Some-college,10,Divorced,Exec-managerial,Not-in-family,White,Female,0.0,0.0,70,United-States,<=50K
67,Private,160456.0,11th,7,Widowed,Other-service,Not-in-family,White,Female,0.0,0.0,40,United-States,<=50K
27,Private,133937.0,Some-college,10,Never-married,Exec-managerial,Not-in-family,White,Male,0.0,0.0,45,United-States,<=50K
40,Private,167919.0,HS-grad,9,Married-civ-spouse,Craft-repair,Husband,White,Male,0.0,0.0,40,United-States,<=50K
31,State-gov,123037.0,Some-college,10,Never-married,Tech-support,Not-in-family,White,Male,0.0,0.0,13,United-States,<=50K
44,Private,116391.0,Bachelors,13,Never-married,Prof-specialty,Not-in-family,White,Male,0.0,0.0,40,United-States,<=50K
25,Private,44363.0,HS-grad,9,Never-married,Handlers-cleaners,Not-in-family,White,Male,0.0,0.0,35,United-States,<=50K
39,Private,289890.0,Bachelors,13,Divorced,Sales,Not-in-family,White,Male,0.0,0.0,60,United-States,<=50K
43,Self-emp-not-inc,147230.0,Bachelors,13,Married-civ-spouse,Exec-managerial,Husband,White,Male,0.0,0.0,60,United-States,<=50K
43,Local-gov,256253.0,Bachelors,13,Married-civ-spouse,Prof-specialty,Husband,White,Male,0.0,0.0,55,United-States,>50K
21,Private,277408.0,Some-college,10,Never-married,Other-service,Unmarried,White,Female,0.0,0.0,35,United-States,<=50K
21,Private,198992.0,HS-grad,9,Never-married,Sales,Not-in-family,White,Female,0.0,0.0,33,United-States,<=50K
46,State-gov,273771.0,HS-grad,9,Married-civ-spouse,Tech-support,Husband,White,Male,0.0,0.0,40,United-States,<=50K
38,Self-emp-not-inc,190023.0,HS-grad,9,Married-civ-spouse,Transport-moving,Husband,White,Male,0.0,0.0,40,United-States,>50K
53,Private,291096.0,1st-4th,2,Divorced,Machine-op-inspct,Not-in-family,White,Male,0.0,0.0,40,United-States,<=50K
30,Self-emp-not-inc,172748.0,7th-8th,4,Never-married,Craft-repair,Own-child,White,Male,0.0,0.0,40,United-States,<=50K
30,Private,155659.0,HS-grad,9,Divorced,Other-service,Unmarried,White,Female,0.0,0.0,36,United-States,<=50K
34,State-gov,180871.0,Bachelors,13,Married-civ-spouse,Adm-clerical,Husband,White,Male,0.0,0.0,55,United-States,<=50K
90,Federal-gov,311184.0,Masters,14,Divorced,Prof-specialty,Not-in-family,White,Male,0.0,0.0,99,United-States,<=50K
58,Local-gov,53481.0,Masters,14,Never-married,Prof-specialty,Not-in-family,White,Male,0.0,0.0,35,United-States,<=50K
39,Federal-gov,257175.0,Bachelors,13,Divorced,Tech-support,Unmarried,Black,Female,0.0,625.0,40,United-States,<=50K
32,Private,144064.0,HS-grad,9,Never-married,Adm-clerical,Unmarried,White,Male,0.0,0.0,40,United-States,<=50K
33,Private,79923.0,Masters,14,Married-civ-spouse,Prof-specialty,Husband,White,Male,0.0,0.0,45,United-States,>50K
39,Private,287306.0,Some-college,10,Separated,Adm-clerical,Unmarried,Black,Female,0.0,0.0,40,United-States,<=50K
22,Private,188950.0,Some-college,10,Never-married,Tech-support,Own-child,White,Male,0.0,0.0,40,United-States,<=50K
31,Private,126950.0,HS-grad,9,Divorced,Transport-moving,Not-in-family,White,Male,0.0,0.0,40,United-States,<=50K
46,Private,224202.0,Some-college,10,Married-civ-spouse,Sales,Husband,White,Male,0.0,0.0,50,United-States,<=50K
22,Private,311376.0,Bachelors,13,Never-married,Adm-clerical,Own-child,White,Female,0.0,0.0,40,United-States,<=50K
70,Self-emp-inc,379819.0,Some-college,10,Married-civ-spouse,Sales,Husband,White,Male,10566.0,0.0,40,United-States,<=50K
23,Local-gov,250165.0,Bachelors,13,Never-married,Prof-specialty,Own-child,White,Female,594.0,0.0,40,United-States,<=50K
42,Private,36296.0,HS-grad,9,Divorced,Transport-moving,Not-in-family,White,Male,0.0,0.0,40,United-States,<=50K
41,Private,101593.0,Masters,14,Married-civ-spouse,Exec-managerial,Husband,White,Male,0.0,0.0,50,United-States,>50K
51,State-gov,341548.0,Some-college,10,Divorced,Adm-clerical,Not-in-family,White,Female,0.0,0.0,40,United-States,<=50K
49,Self-emp-inc,122066.0,Some-college,10,Divorced,Sales,Not-in-family,White,Male,0.0,0.0,25,United-States,<=50K
40,Private,375603.0,HS-grad,9,Divorced,Adm-clerical,Unmarried,Black,Male,0.0,0.0,40,United-States,<=50K
20,Private,415913.0,Some-college,10,Never-married,Handlers-cleaners,Not-in-family,White,Male,0.0,0.0,30,United-States,<=50K
52,Private,180881.0,Bachelors,13,Married-civ-spouse,Exec-managerial,Husband,White,Male,0.0,0.0,40,United-States,<=50K
51,Private,237630.0,HS-grad,9,Married-civ-spouse,Tech-support,Husband,White,Male,7298.0,0.0,50,United-States,>50K
44,Private,182616.0,Assoc-voc,11,Married-civ-spouse,Tech-support,Husband,White,Male,0.0,0.0,40,United-States,>50K
47,Federal-gov,142581.0,Some-college,10,Married-civ-spouse,Adm-clerical,Husband,Black,Male,0.0,0.0,40,United-States,>50K
37,Private,241998.0,Bachelors,13,Married-civ-spouse,Tech-support,Husband,White,Male,0.0,0.0,50,United-States,>50K
37,Federal-gov,141029.0,Masters,14,Divorced,Prof-specialty,Not-in-family,White,Female,0.0,0.0,40,United-States,<=50K
27,Private,220104.0,Bachelors,13,Never-married,Sales,Not-in-family,White,Male,0.0,1876.0,50,United-States,<=50K
40,Self-emp-inc,29520.0,HS-grad,9,Never-married,Other-service,Not-in-family,White,Female,0.0,0.0,65,United-States,<=50K
50,Self-emp-inc,140516.0,Bachelors,13,Married-civ-spouse,Adm-clerical,Husband,White,Male,0.0,0.0,40,United-States,<=50K
23,Private,85088.0,Some-college,10,Never-married,Other-service,Own-child,White,Female,0.0,0.0,37,United-States,<=50K
38,Private,66326.0,HS-grad,9,Married-civ-spouse,Transport-moving,Husband,White,Male,0.0,0.0,99,United-States,<=50K
21,Private,376393.0,HS-grad,9,Never-married,Adm-clerical,Own-child,White,Female,0.0,0.0,25,United-States,<=50K
49,Private,54772.0,HS-grad,9,Married-civ-spouse,Craft-repair,Husband,White,Male,3103.0,0.0,45,United-States,>50K
51,Private,259363.0,Some-college,10,Married-civ-spouse,Exec-managerial,Husband,White,Male,0.0,0.0,60,United-States,>50K
30,Local-gov,154935.0,Assoc-acdm,12,Never-married,Protective-serv,Not-in-family,Black,Male,0.0,0.0,40,United-States,<=50K
41,Federal-gov,355918.0,HS-grad,9,Married-civ-spouse,Tech-support,Husband,White,Male,0.0,0.0,40,United-States,>50K
63,Self-emp-not-inc,106551.0,HS-grad,9,Married-civ-spouse,Craft-repair,Husband,White,Male,0.0,0.0,40,United-States,<=50K
35,Private,412379.0,HS-grad,9,Never-married,Other-service,Not-in-family,White,Female,0.0,0.0,40,United-States,<=50K
36,Private,397877.0,HS-grad,9,Married-civ-spouse,Craft-repair,Husband,White,Male,5013.0,0.0,30,United-States,<=50K
22,Private,227603.0,Some-college,10,Never-married,Prof-specialty,Unmarried,White,Female,0.0,0.0,30,United-States,<=50K
42,Private,273230.0,Bachelors,13,Married-civ-spouse,Prof-specialty,Husband,White,Male,0.0,0.0,90,United-States,<=50K
57,Private,29375.0,HS-grad,9,Separated,Sales,Not-in-family,Amer-Indian-Eskimo,Female,0.0,0.0,35,United-States,<=50K
25,Private,138765.0,Bachelors,13,Never-married,Prof-specialty,Not-in-family,White,Male,0.0,0.0,20,United-States,<=50K
36,Private,116608.0,HS-grad,9,Divorced,Exec-managerial,Not-in-family,White,Female,0.0,0.0,40,United-States,<=50K
44,Private,160829.0,Bachelors,13,Married-civ-spouse,Tech-support,Wife,White,Female,0.0,0.0,20,United-States,>50K
34,Local-gov,325792.0,Some-college,10,Married-civ-spouse,Craft-repair,Husband,White,Male,0.0,0.0,40,United-States,<=50K
28,Private,271012.0,HS-grad,9,Never-married,Adm-clerical,Not-in-family,Black,Female,0.0,0.0,40,United-States,<=50K
50,Local-gov,97449.0,Some-college,10,Married-civ-spouse,Protective-serv,Husband,White,Male,0.0,0.0,48,United-States,<=50K
39,Private,195253.0,HS-grad,9,Married-civ-spouse,Machine-op-inspct,Husband,White,Male,0.0,0.0,40,United-States,>50K
48,Private,47343.0,Masters,14,Married-civ-spouse,Prof-specialty,Husband,White,Male,0.0,0.0,40,United-States,>50K
53,Private,177063.0,Some-college,10,Married-civ-spouse,Sales,Husband,White,Male,0.0,0.0,45,United-States,>50K
50,Private,22418.0,HS-grad,9,Married-civ-spouse,Craft-repair,Husband,White,Male,0.0,0.0,40,United-States,<=50K
38,State-gov,54911.0,Some-college,10,Divorced,Tech-support,Unmarried,White,Female,0.0,0.0,10,United-States,<=50K
61,Federal-gov,221943.0,Some-college,10,Married-civ-spouse,Adm-clerical,Husband,White,Male,9386.0,0.0,40,United-States,>50K
24,Private,325596.0,Assoc-voc,11,Married-civ-spouse,Machine-op-inspct,Husband,White,Male,0.0,0.0,45,United-States,<=50K
42,Private,187322.0,10th,6,Married-civ-spouse,Sales,Husband,White,Male,0.0,0.0,45,United-States,<=50K
65,Local-gov,103153.0,7th-8th,4,Married-civ-spouse,Exec-managerial,Husband,White,Male,0.0,1411.0,40,United-States,<=50K
22,Private,191342.0,Bachelors,13,Never-married,Sales,Own-child,Asian-Pac-Islander,Male,0.0,0.0,50,Taiwan,<=50K
49,Private,298130.0,7th-8th,4,Married-civ-spouse,Machine-op-inspct,Husband,White,Male,0.0,0.0,40,United-States,<=50K
43,State-gov,33331.0,Prof-school,15,Married-civ-spouse,Prof-specialty,Husband,White,Male,0.0,1977.0,70,United-States,>50K
54,Self-emp-not-inc,30908.0,7th-8th,4,Married-civ-spouse,Farming-fishing,Husband,White,Male,0.0,0.0,60,United-States,<=50K
32,Private,235109.0,Some-college,10,Divorced,Adm-clerical,Unmarried,White,Female,0.0,0.0,40,United-States,<=50K
32,Private,73199.0,12th,8,Never-married,Farming-fishing,Own-child,Asian-Pac-Islander,Male,0.0,0.0,40,Philippines,<=50K
31,Private,157640.0,HS-grad,9,Married-civ-spouse,Prof-specialty,Husband,White,Male,0.0,0.0,55,United-States,>50K
28,Private,109162.0,Masters,14,Never-married,Prof-specialty,Not-in-family,White,Female,0.0,0.0,50,United-States,<=50K
56,Private,168625.0,HS-grad,9,Divorced,Prof-specialty,Not-in-family,White,Female,4101.0,0.0,40,United-States,<=50K
57,Private,197369.0,HS-grad,9,Married-civ-spouse,Protective-serv,Husband,White,Male,0.0,0.0,40,United-States,<=50K
41,Local-gov,169995.0,Some-college,10,Divorced,Protective-serv,Not-in-family,White,Male,0.0,0.0,20,United-States,<=50K
50,Private,240989.0,1st-4th,2,Married-civ-spouse,Farming-fishing,Other-relative,White,Male,0.0,0.0,40,Mexico,<=50K
37,Private,291981.0,HS-grad,9,Divorced,Machine-op-inspct,Not-in-family,White,Male,0.0,0.0,40,United-States,<=50K
35,Private,165215.0,Bachelors,13,Married-civ-spouse,Prof-specialty,Wife,White,Female,0.0,0.0,15,United-States,>50K
43,Private,59460.0,Bachelors,13,Never-married,Sales,Own-child,White,Female,0.0,0.0,40,United-States,<=50K
45,State-gov,62726.0,Some-college,10,Divorced,Other-service,Not-in-family,White,Female,0.0,0.0,40,United-States,<=50K
30,Private,113364.0,HS-grad,9,Never-married,Machine-op-inspct,Other-relative,White,Male,0.0,0.0,40,Vietnam,<=50K
36,Private,240755.0,9th,5,Married-civ-spouse,Handlers-cleaners,Husband,White,Male,0.0,0.0,60,United-States,<=50K
40,Private,221172.0,Masters,14,Married-civ-spouse,Exec-managerial,Husband,White,Male,0.0,0.0,65,United-States,>50K
45,Private,99385.0,HS-grad,9,Divorced,Adm-clerical,Not-in-family,White,Female,0.0,0.0,40,Canada,<=50K
39,Private,164866.0,HS-grad,9,Married-civ-spouse,Machine-op-inspct,Husband,White,Male,0.0,0.0,42,United-States,>50K
48,Private,248059.0,Bachelors,13,Married-civ-spouse,Exec-managerial,Husband,White,Male,5013.0,0.0,45,United-States,<=50K
51,Self-emp-not-inc,85902.0,10th,6,Widowed,Transport-moving,Other-relative,White,Female,0.0,0.0,40,United-States,<=50K
28,Private,197113.0,HS-grad,9,Never-married,Machine-op-inspct,Own-child,Other,Male,0.0,0.0,50,Puerto-Rico,<=50K
49,Private,120121.0,Doctorate,16,Married-civ-spouse,Prof-specialty,Husband,White,Male,7688.0,0.0,45,United-States,>50K
26,Private,154785.0,Some-college,10,Married-spouse-absent,Adm-clerical,Own-child,Other,Female,0.0,0.0,35,United-States,<=50K
37,Local-gov,184112.0,Doctorate,16,Divorced,Prof-specialty,Not-in-family,White,Female,0.0,0.0,40,United-States,>50K
30,Private,235271.0,Bachelors,13,Married-civ-spouse,Sales,Husband,White,Male,0.0,0.0,40,United-States,>50K
66,Local-gov,179285.0,HS-grad,9,Married-civ-spouse,Exec-managerial,Husband,White,Male,3432.0,0.0,20,United-States,<=50K
19,Private,232392.0,HS-grad,9,Never-married,Other-service,Other-relative,White,Female,0.0,0.0,40,United-States,<=50K
59,Private,200700.0,Bachelors,13,Married-civ-spouse,Craft-repair,Husband,Black,Male,0.0,0.0,48,United-States,>50K
30,Private,197947.0,HS-grad,9,Never-married,Exec-managerial,Not-in-family,White,Male,0.0,0.0,40,Puerto-Rico,<=50K
27,Private,91501.0,HS-grad,9,Married-civ-spouse,Tech-support,Wife,White,Female,0.0,0.0,40,United-States,<=50K
56,Federal-gov,187873.0,Masters,14,Divorced,Adm-clerical,Unmarried,White,Female,0.0,0.0,40,United-States,<=50K
41,Private,123306.0,Some-college,10,Married-civ-spouse,Farming-fishing,Husband,White,Male,0.0,0.0,40,United-States,<=50K
40,Private,193494.0,HS-grad,9,Married-civ-spouse,Handlers-cleaners,Husband,White,Male,0.0,0.0,46,United-States,<=50K
23,Private,214635.0,HS-grad,9,Never-married,Craft-repair,Not-in-family,White,Male,0.0,0.0,40,United-States,<=50K
32,Federal-gov,113838.0,Bachelors,13,Married-civ-spouse,Prof-specialty,Husband,White,Male,0.0,0.0,40,United-States,>50K
24,Private,175254.0,Some-college,10,Never-married,Transport-moving,Not-in-family,Black,Male,0.0,0.0,40,United-States,<=50K
22,Private,157332.0,Some-college,10,Never-married,Prof-specialty,Own-child,White,Female,0.0,0.0,40,United-States,<=50K
72,Private,183616.0,HS-grad,9,Married-civ-spouse,Exec-managerial,Wife,White,Female,0.0,0.0,50,England,<=50K
43,Private,132393.0,HS-grad,9,Never-married,Handlers-cleaners,Own-child,White,Male,0.0,0.0,40,Poland,<=50K
26,Private,208122.0,Some-college,10,Divorced,Handlers-cleaners,Not-in-family,White,Male,0.0,0.0,45,United-States,<=50K
34,Private,113198.0,Assoc-acdm,12,Married-civ-spouse,Adm-clerical,Husband,White,Male,0.0,0.0,28,United-States,<=50K
25,Private,179772.0,HS-grad,9,Never-married,Sales,Unmarried,White,Female,0.0,0.0,40,United-States,<=50K
20,Private,275421.0,Some-college,10,Never-married,Sales,Own-child,White,Female,0.0,0.0,20,United-States,<=50K
44,Private,187584.0,HS-grad,9,Married-civ-spouse,Protective-serv,Husband,White,Male,0.0,0.0,40,Canada,<=50K
33,Private,23871.0,Assoc-acdm,12,Divorced,Prof-specialty,Unmarried,White,Female,0.0,0.0,32,United-States,<=50K
25,Federal-gov,169124.0,Some-college,10,Married-civ-spouse,Craft-repair,Husband,White,Male,0.0,0.0,40,United-States,<=50K
62,Self-emp-not-inc,159939.0,HS-grad,9,Married-civ-spouse,Farming-fishing,Husband,White,Male,0.0,0.0,35,United-States,<=50K
45,Private,473171.0,HS-grad,9,Married-civ-spouse,Craft-repair,Husband,White,Male,0.0,0.0,40,United-States,<=50K
24,Private,85041.0,HS-grad,9,Separated,Other-service,Unmarried,White,Female,0.0,0.0,25,United-States,<=50K
33,Private,119176.0,Some-college,10,Widowed,Adm-clerical,Unmarried,White,Female,0.0,0.0,40,United-States,<=50K
34,Private,296724.0,Some-college,10,Never-married,Exec-managerial,Not-in-family,White,Female,0.0,0.0,17,United-States,<=50K
45,Private,34419.0,Some-college,10,Married-civ-spouse,Exec-managerial,Husband,White,Male,7298.0,0.0,40,United-States,>50K
41,Private,139907.0,Assoc-voc,11,Separated,Craft-repair,Not-in-family,White,Male,0.0,0.0,30,United-States,<=50K
42,Private,187294.0,Some-college,10,Divorced,Craft-repair,Unmarried,White,Male,0.0,0.0,40,United-States,<=50K
36,Private,297847.0,HS-grad,9,Never-married,Other-service,Not-in-family,Black,Female,0.0,2001.0,40,United-States,<=50K
64,Private,268965.0,HS-grad,9,Divorced,Adm-clerical,Not-in-family,White,Female,0.0,0.0,22,United-States,<=50K
42,Private,34278.0,Some-college,10,Married-civ-spouse,Sales,Husband,White,Male,0.0,0.0,50,United-States,>50K
51,Private,169719.0,Some-college,10,Married-civ-spouse,Adm-clerical,Husband,White,Male,0.0,0.0,38,United-States,<=50K
51,Self-emp-not-inc,22743.0,HS-grad,9,Married-civ-spouse,Farming-fishing,Husband,White,Male,0.0,1740.0,40,United-States,<=50K
54,Private,76344.0,Bachelors,13,Never-married,Other-service,Not-in-family,White,Female,0.0,0.0,50,United-States,<=50K
44,Private,77313.0,Some-college,10,Divorced,Adm-clerical,Unmarried,White,Female,0.0,0.0,38,United-States,<=50K
47,Private,170850.0,HS-grad,9,Married-civ-spouse,Handlers-cleaners,Husband,White,Male,4064.0,0.0,60,United-States,<=50K
30,Self-emp-not-inc,113364.0,Some-college,10,Never-married,Craft-repair,Own-child,White,Male,0.0,0.0,30,United-States,<=50K
25,Private,40915.0,Bachelors,13,Never-married,Exec-managerial,Not-in-family,White,Female,0.0,0.0,40,United-States,>50K
36,Private,294760.0,Assoc-voc,11,Married-civ-spouse,Tech-support,Husband,White,Male,0.0,0.0,50,United-States,<=50K
26,Private,63577.0,Some-college,10,Never-married,Other-service,Not-in-family,White,Female,0.0,0.0,30,United-States,<=50K
42,Private,231813.0,11th,7,Married-civ-spouse,Transport-moving,Husband,White,Male,0.0,0.0,40,United-States,<=50K
61,Private,101500.0,Assoc-voc,11,Married-civ-spouse,Adm-clerical,Husband,White,Male,0.0,0.0,40,United-States,<=50K
37,Federal-gov,110861.0,Some-college,10,Married-civ-spouse,Exec-managerial,Husband,White,Male,0.0,0.0,40,United-States,<=50K
22,Private,233495.0,9th,5,Divorced,Priv-house-serv,Not-in-family,White,Female,0.0,0.0,40,United-States,<=50K
35,Private,222868.0,HS-grad,9,Married-civ-spouse,Adm-clerical,Husband,White,Male,0.0,0.0,40,United-States,<=50K
52,Self-emp-not-inc,105010.0,Some-college,10,Never-married,Craft-repair,Unmarried,White,Male,0.0,0.0,30,United-States,<=50K
29,Private,199903.0,HS-grad,9,Never-married,Other-service,Own-child,White,Female,0.0,0.0,20,United-States,<=50K
58,Private,473836.0,7th-8th,4,Widowed,Farming-fishing,Other-relative,White,Female,0.0,0.0,45,Guatemala,<=50K
60,Self-emp-not-inc,153356.0,HS-grad,9,Divorced,Sales,Not-in-family,Black,Male,2597.0,0.0,55,United-States,<=50K
38,Private,353263.0,Masters,14,Never-married,Adm-clerical,Not-in-family,White,Female,0.0,0.0,50,Italy,>50K
23,Private,193089.0,11th,7,Never-married,Craft-repair,Own-child,White,Male,0.0,0.0,40,United-States,<=50K
27,Private,297296.0,HS-grad,9,Married-civ-spouse,Craft-repair,Husband,White,Male,0.0,0.0,40,United-States,<=50K
36,Local-gov,110791.0,Assoc-acdm,12,Separated,Adm-clerical,Unmarried,White,Female,0.0,0.0,40,United-States,<=50K
30,State-gov,218640.0,Some-college,10,Married-civ-spouse,Prof-specialty,Wife,Black,Female,0.0,0.0,40,United-States,>50K
26,Private,379246.0,Some-college,10,Never-married,Other-service,Not-in-family,White,Female,0.0,0.0,40,United-States,<=50K
34,Self-emp-not-inc,179673.0,Prof-school,15,Married-civ-spouse,Prof-specialty,Husband,White,Male,7688.0,0.0,60,United-States,>50K
23,Private,359759.0,HS-grad,9,Never-married,Craft-repair,Own-child,Asian-Pac-Islander,Male,0.0,0.0,40,Philippines,<=50K
20,Private,69911.0,Some-college,10,Never-married,Sales,Own-child,White,Female,0.0,0.0,15,United-States,<=50K
46,Self-emp-not-inc,346783.0,Prof-school,15,Married-civ-spouse,Prof-specialty,Husband,White,Male,15024.0,0.0,35,Cuba,>50K
25,Private,108505.0,HS-grad,9,Never-married,Handlers-cleaners,Own-child,White,Male,0.0,0.0,40,United-States,<=50K
52,Private,114971.0,Some-college,10,Married-civ-spouse,Craft-repair,Husband,White,Male,0.0,0.0,40,United-States,>50K
44,Private,379919.0,Assoc-acdm,12,Married-civ-spouse,Farming-fishing,Husband,White,Male,0.0,0.0,60,United-States,>50K
48,Private,80430.0,11th,7,Never-married,Other-service,Not-in-family,White,Female,0.0,0.0,30,United-States,<=50K
25,Private,130302.0,HS-grad,9,Never-married,Handlers-cleaners,Unmarried,White,Male,0.0,0.0,40,United-States,<=50K
38,Private,193945.0,HS-grad,9,Never-married,Transport-moving,Not-in-family,White,Male,0.0,0.0,40,United-States,<=50K
73,Local-gov,147703.0,HS-grad,9,Widowed,Other-service,Not-in-family,White,Female,0.0,0.0,15,United-States,<=50K
24,Federal-gov,287988.0,Bachelors,13,Never-married,Armed-Forces,Not-in-family,White,Male,0.0,0.0,40,United-States,<=50K
45,Self-emp-not-inc,28119.0,Bachelors,13,Divorced,Prof-specialty,Not-in-family,White,Male,0.0,0.0,65,United-States,<=50K
28,Private,150437.0,HS-grad,9,Never-married,Other-service,Not-in-family,White,Female,0.0,0.0,60,United-States,<=50K
47,Local-gov,162595.0,Some-college,10,Married-spouse-absent,Craft-repair,Other-relative,White,Male,0.0,0.0,45,United-States,<=50K
25,State-gov,157028.0,Bachelors,13,Never-married,Exec-managerial,Not-in-family,White,Male,0.0,0.0,40,United-States,<=50K
27,Private,1490400.0,Some-college,10,Married-civ-spouse,Exec-managerial,Husband,White,Male,0.0,0.0,40,United-States,<=50K
53,Self-emp-not-inc,187830.0,Assoc-voc,11,Separated,Craft-repair,Not-in-family,White,Male,0.0,0.0,40,Poland,<=50K
51,Private,165953.0,HS-grad,9,Separated,Handlers-cleaners,Not-in-family,Black,Male,0.0,0.0,45,United-States,<=50K
42,Self-emp-not-inc,222978.0,Doctorate,16,Never-married,Prof-specialty,Not-in-family,White,Female,0.0,0.0,45,United-States,<=50K
55,Self-emp-not-inc,204502.0,HS-grad,9,Married-civ-spouse,Sales,Husband,White,Male,0.0,0.0,35,United-States,<=50K
58,Private,175017.0,11th,7,Married-civ-spouse,Adm-clerical,Husband,White,Male,0.0,1672.0,40,United-States,<=50K
20,Private,180497.0,HS-grad,9,Never-married,Other-service,Not-in-family,Black,Female,0.0,0.0,40,United-States,<=50K
47,Self-emp-not-inc,134671.0,HS-grad,9,Married-spouse-absent,Craft-repair,Not-in-family,White,Male,0.0,0.0,40,United-States,<=50K
47,Private,166181.0,Some-college,10,Married-civ-spouse,Adm-clerical,Wife,Black,Female,0.0,0.0,48,United-States,>50K
57,Self-emp-not-inc,264148.0,HS-grad,9,Married-civ-spouse,Farming-fishing,Husband,White,Male,0.0,0.0,45,United-States,<=50K
34,Private,112115.0,Bachelors,13,Never-married,Prof-specialty,Not-in-family,White,Male,0.0,0.0,40,United-States,>50K
17,Local-gov,140240.0,11th,7,Never-married,Adm-clerical,Own-child,White,Female,0.0,0.0,20,United-States,<=50K
45,Self-emp-not-inc,155489.0,Some-college,10,Married-civ-spouse,Sales,Husband,White,Male,0.0,0.0,65,United-States,<=50K
46,Local-gov,324561.0,Masters,14,Married-civ-spouse,Prof-specialty,Wife,White,Female,0.0,0.0,45,United-States,>50K
47,Private,123207.0,HS-grad,9,Married-civ-spouse,Adm-clerical,Wife,White,Female,0.0,0.0,20,United-States,>50K
39,Private,103456.0,Bachelors,13,Married-civ-spouse,Adm-clerical,Husband,White,Male,0.0,0.0,45,United-States,>50K
35,Private,103710.0,Masters,14,Never-married,Prof-specialty,Not-in-family,White,Female,0.0,0.0,40,United-States,<=50K
60,Self-emp-not-inc,44915.0,Masters,14,Divorced,Prof-specialty,Unmarried,White,Female,0.0,0.0,10,United-States,<=50K
30,Private,252752.0,Bachelors,13,Married-civ-spouse,Prof-specialty,Wife,White,Female,0.0,0.0,40,United-States,<=50K
32,Local-gov,199539.0,Some-college,10,Married-civ-spouse,Protective-serv,Husband,White,Male,0.0,0.0,40,United-States,>50K
77,Private,187656.0,Some-college,10,Widowed,Priv-house-serv,Not-in-family,White,Female,0.0,0.0,20,United-States,<=50K
36,Private,327435.0,Some-college,10,Never-married,Adm-clerical,Own-child,White,Female,0.0,0.0,40,United-States,<=50K
30,Local-gov,287737.0,Some-college,10,Never-married,Protective-serv,Not-in-family,White,Female,3325.0,0.0,40,United-States,<=50K
33,Private,173730.0,Masters,14,Married-civ-spouse,Prof-specialty,Husband,White,Male,0.0,0.0,40,United-States,<=50K
35,Private,112271.0,Some-college,10,Married-civ-spouse,Craft-repair,Husband,White,Male,0.0,0.0,45,United-States,<=50K
42,Private,194636.0,Bachelors,13,Married-civ-spouse,Prof-specialty,Husband,White,Male,0.0,0.0,45,United-States,>50K
51,Private,102615.0,Masters,14,Married-civ-spouse,Protective-serv,Husband,White,Male,0.0,1977.0,40,United-States,>50K
24,Private,220944.0,Some-college,10,Married-civ-spouse,Craft-repair,Husband,White,Male,0.0,0.0,60,United-States,<=50K
42,Private,214503.0,Bachelors,13,Married-civ-spouse,Prof-specialty,Husband,White,Male,0.0,0.0,44,United-States,>50K
27,Private,192384.0,Prof-school,15,Married-civ-spouse,Adm-clerical,Husband,White,Male,0.0,0.0,40,United-States,<=50K
58,Private,183810.0,Some-college,10,Married-civ-spouse,Exec-managerial,Husband,White,Male,0.0,0.0,40,United-States,<=50K
34,Private,100950.0,Assoc-voc,11,Never-married,Prof-specialty,Unmarried,White,Female,0.0,0.0,40,Germany,<=50K
29,Private,446559.0,Assoc-acdm,12,Married-civ-spouse,Exec-managerial,Wife,White,Female,0.0,0.0,50,United-States,<=50K
34,Local-gov,117392.0,Masters,14,Never-married,Prof-specialty,Not-in-family,White,Female,0.0,0.0,40,United-States,<=50K
42,Private,336643.0,Assoc-voc,11,Separated,Prof-specialty,Unmarried,White,Female,0.0,0.0,40,United-States,<=50K
25,Private,111058.0,Assoc-acdm,12,Never-married,Exec-managerial,Own-child,White,Male,0.0,0.0,40,United-States,<=50K
48,Private,248164.0,Bachelors,13,Married-civ-spouse,Sales,Husband,White,Male,4386.0,0.0,50,United-States,>50K
29,Private,269786.0,HS-grad,9,Married-civ-spouse,Craft-repair,Husband,White,Male,0.0,0.0,40,United-States,<=50K
45,Federal-gov,320818.0,HS-grad,9,Married-civ-spouse,Adm-clerical,Husband,Black,Male,0.0,0.0,80,United-States,>50K
59,Private,370615.0,HS-grad,9,Widowed,Adm-clerical,Unmarried,White,Female,0.0,0.0,60,United-States,<=50K
21,Private,34568.0,HS-grad,9,Never-married,Craft-repair,Unmarried,White,Male,0.0,0.0,50,United-States,<=50K
51,Private,250423.0,Bachelors,13,Married-civ-spouse,Exec-managerial,Husband,White,Male,0.0,0.0,50,United-States,>50K
39,Local-gov,43702.0,Assoc-voc,11,Married-civ-spouse,Adm-clerical,Wife,White,Female,0.0,0.0,37,United-States,<=50K
52,Local-gov,266433.0,Some-college,10,Widowed,Tech-support,Unmarried,White,Female,0.0,0.0,40,United-States,<=50K
44,Private,121874.0,Some-college,10,Divorced,Sales,Unmarried,White,Male,0.0,0.0,55,United-States,>50K
21,Private,186849.0,HS-grad,9,Never-married,Handlers-cleaners,Own-child,White,Male,0.0,0.0,40,United-States,<=50K
47,Local-gov,284871.0,Prof-school,15,Married-civ-spouse,Prof-specialty,Husband,White,Male,0.0,0.0,35,United-States,>50K
37,Private,212512.0,HS-grad,9,Married-civ-spouse,Machine-op-inspct,Husband,White,Male,3464.0,0.0,50,United-States,<=50K
38,Private,304651.0,HS-grad,9,Divorced,Transport-moving,Not-in-family,White,Male,0.0,0.0,60,United-States,<=50K
51,Self-emp-not-inc,35295.0,HS-grad,9,Never-married,Farming-fishing,Unmarried,White,Male,0.0,0.0,45,United-States,<=50K
26,Private,195216.0,HS-grad,9,Divorced,Other-service,Not-in-family,White,Female,0.0,0.0,12,United-States,<=50K
44,Self-emp-not-inc,343190.0,Some-college,10,Married-civ-spouse,Craft-repair,Husband,White,Male,0.0,1887.0,55,United-States,>50K
49,Private,182752.0,Some-college,10,Married-civ-spouse,Adm-clerical,Wife,White,Female,0.0,0.0,40,United-States,>50K
54,Local-gov,172991.0,HS-grad,9,Married-civ-spouse,Transport-moving,Husband,White,Male,0.0,0.0,40,United-States,<=50K
35,Local-gov,668319.0,Bachelors,13,Married-civ-spouse,Exec-managerial,Husband,White,Male,0.0,1740.0,80,United-States,<=50K
45,State-gov,185797.0,Some-college,10,Never-married,Tech-support,Not-in-family,White,Female,3325.0,0.0,60,United-States,<=50K
33,Self-emp-not-inc,422960.0,Some-college,10,Married-civ-spouse,Prof-specialty,Wife,White,Female,0.0,0.0,60,United-States,>50K
23,Private,543028.0,HS-grad,9,Never-married,Sales,Own-child,Black,Male,0.0,0.0,40,United-States,<=50K
17,Private,60562.0,9th,5,Never-married,Other-service,Own-child,White,Female,0.0,0.0,20,United-States,<=50K
28,Private,147951.0,Assoc-voc,11,Married-civ-spouse,Craft-repair,Husband,White,Male,0.0,0.0,42,United-States,<=50K
58,Private,201112.0,Some-college,10,Divorced,Adm-clerical,Not-in-family,Black,Female,0.0,0.0,55,United-States,>50K
51,Private,210736.0,HS-grad,9,Married-spouse-absent,Craft-repair,Not-in-family,White,Male,0.0,0.0,40,United-States,<=50K
19,Private,39756.0,Some-college,10,Never-married,Other-service,Own-child,White,Female,0.0,0.0,15,United-States,<=50K
24,State-gov,38151.0,Some-college,10,Never-married,Adm-clerical,Own-child,White,Male,0.0,0.0,12,United-States,<=50K
41,Private,55395.0,Some-college,10,Married-spouse-absent,Other-service,Unmarried,White,Male,0.0,0.0,40,United-States,<=50K
55,Private,141877.0,Bachelors,13,Married-civ-spouse,Machine-op-inspct,Husband,White,Male,0.0,0.0,40,United-States,<=50K
25,Private,431307.0,10th,6,Married-civ-spouse,Protective-serv,Wife,Black,Female,0.0,0.0,50,United-States,<=50K
37,Private,112660.0,9th,5,Divorced,Craft-repair,Own-child,White,Male,0.0,0.0,35,United-States,<=50K
63,Local-gov,65479.0,9th,5,Married-civ-spouse,Transport-moving,Husband,White,Male,7688.0,0.0,40,United-States,>50K
49,Local-gov,223342.0,Some-college,10,Divorced,Adm-clerical,Not-in-family,White,Female,0.0,0.0,44,United-States,<=50K
46,Private,182689.0,Some-college,10,Married-civ-spouse,Sales,Husband,White,Male,0.0,0.0,40,United-States,<=50K
27,Private,113882.0,10th,6,Married-civ-spouse,Craft-repair,Husband,White,Male,4508.0,0.0,40,United-States,<=50K
26,Private,29488.0,Prof-school,15,Never-married,Prof-specialty,Not-in-family,White,Male,0.0,0.0,40,United-States,>50K
45,Private,43479.0,Some-college,10,Married-civ-spouse,Transport-moving,Husband,White,Male,0.0,0.0,48,United-States,<=50K
38,Private,108726.0,HS-grad,9,Married-civ-spouse,Exec-managerial,Husband,White,Male,0.0,0.0,40,United-States,>50K
41,Private,202872.0,10th,6,Married-spouse-absent,Craft-repair,Not-in-family,White,Female,0.0,0.0,40,United-States,<=50K
38,Private,29874.0,Assoc-voc,11,Married-civ-spouse,Craft-repair,Husband,White,Male,0.0,0.0,40,United-States,<=50K
29,Private,198704.0,Assoc-voc,11,Never-married,Machine-op-inspct,Not-in-family,White,Male,0.0,0.0,40,United-States,<=50K
35,Private,301614.0,HS-grad,9,Married-civ-spouse,Other-service,Husband,White,Male,0.0,0.0,60,United-States,<=50K
30,Private,143540.0,9th,5,Married-civ-spouse,Farming-fishing,Husband,White,Male,0.0,0.0,40,United-States,<=50K
30,Local-gov,178383.0,Some-college,10,Separated,Handlers-cleaners,Not-in-family,Black,Male,0.0,0.0,40,United-States,<=50K
34,Private,255830.0,Assoc-acdm,12,Divorced,Craft-repair,Unmarried,Black,Female,7443.0,0.0,40,United-States,<=50K
38,Private,186325.0,Some-college,10,Married-civ-spouse,Exec-managerial,Wife,White,Female,0.0,0.0,38,United-States,>50K
41,Private,196344.0,1st-4th,2,Married-civ-spouse,Sales,Husband,White,Male,0.0,0.0,50,Mexico,<=50K
17,Private,112291.0,11th,7,Never-married,Handlers-cleaners,Own-child,White,Male,0.0,0.0,12,United-States,<=50K
26,Private,336404.0,HS-grad,9,Married-civ-spouse,Protective-serv,Husband,White,Male,0.0,0.0,40,United-States,<=50K
32,Federal-gov,145983.0,Some-college,10,Married-civ-spouse,Tech-support,Wife,White,Female,0.0,0.0,40,United-States,<=50K
19,Private,181781.0,11th,7,Never-married,Other-service,Own-child,White,Female,0.0,0.0,28,United-States,<=50K
36,Private,261012.0,HS-grad,9,Divorced,Prof-specialty,Unmarried,Black,Female,0.0,0.0,50,United-States,<=50K
28,Local-gov,263600.0,HS-grad,9,Married-civ-spouse,Protective-serv,Husband,White,Male,0.0,0.0,40,United-States,>50K
31,Local-gov,323829.0,HS-grad,9,Divorced,Protective-serv,Other-relative,White,Male,0.0,0.0,45,United-States,<=50K
34,Private,215857.0,HS-grad,9,Never-married,Machine-op-inspct,Not-in-family,Amer-Indian-Eskimo,Male,0.0,0.0,40,Mexico,<=50K
59,Private,35723.0,Bachelors,13,Married-civ-spouse,Farming-fishing,Husband,White,Male,99999.0,0.0,40,United-States,>50K
30,Private,235109.0,Assoc-voc,11,Divorced,Adm-clerical,Unmarried,White,Female,0.0,0.0,40,United-States,<=50K
48,Private,126441.0,1st-4th,2,Married-civ-spouse,Other-service,Husband,Asian-Pac-Islander,Male,0.0,0.0,45,China,<=50K
41,Private,319271.0,Some-college,10,Married-civ-spouse,Sales,Husband,White,Male,0.0,0.0,50,United-States,<=50K
32,Private,223212.0,Preschool,1,Married-civ-spouse,Machine-op-inspct,Husband,White,Male,0.0,0.0,40,Mexico,<=50K
39,Private,212840.0,Bachelors,13,Divorced,Prof-specialty,Unmarried,Black,Female,0.0,0.0,40,United-States,<=50K
23,Private,180339.0,Assoc-acdm,12,Never-married,Sales,Own-child,White,Female,0.0,0.0,65,United-States,<=50K
25,Private,212495.0,Bachelors,13,Never-married,Exec-managerial,Own-child,White,Male,0.0,1340.0,40,United-States,<=50K
22,Private,93131.0,Some-college,10,Never-married,Other-service,Not-in-family,Asian-Pac-Islander,Male,1055.0,0.0,20,China,<=50K
60,Federal-gov,142769.0,Some-college,10,Married-civ-spouse,Craft-repair,Husband,White,Male,0.0,0.0,40,United-States,>50K
41,Private,373403.0,Bachelors,13,Married-civ-spouse,Prof-specialty,Husband,White,Male,0.0,0.0,40,United-States,>50K
60,Private,113440.0,Bachelors,13,Divorced,Exec-managerial,Own-child,White,Male,0.0,0.0,60,United-States,<=50K
40,Private,119101.0,Some-college,10,Married-civ-spouse,Craft-repair,Husband,White,Male,5178.0,0.0,40,United-States,>50K
33,Local-gov,173806.0,Assoc-acdm,12,Married-civ-spouse,Handlers-cleaners,Husband,White,Male,0.0,0.0,40,United-States,<=50K
66,Self-emp-not-inc,197816.0,Bachelors,13,Married-civ-spouse,Exec-managerial,Husband,White,Male,0.0,0.0,17,United-States,>50K
65,Private,213477.0,Masters,14,Divorced,Sales,Not-in-family,White,Male,0.0,0.0,28,United-States,<=50K
26,Private,34402.0,Bachelors,13,Never-married,Adm-clerical,Not-in-family,White,Male,0.0,0.0,45,United-States,<=50K
42,Self-emp-not-inc,34037.0,Bachelors,13,Never-married,Farming-fishing,Own-child,White,Male,0.0,0.0,35,United-States,<=50K
24,Private,283757.0,Bachelors,13,Never-married,Adm-clerical,Own-child,White,Male,0.0,0.0,39,United-States,<=50K
41,Private,343944.0,11th,7,Widowed,Other-service,Unmarried,White,Female,0.0,0.0,40,United-States,<=50K
38,Private,219902.0,HS-grad,9,Separated,Transport-moving,Unmarried,Black,Female,0.0,0.0,30,United-States,<=50K
36,Private,29702.0,HS-grad,9,Married-civ-spouse,Sales,Husband,White,Male,7688.0,0.0,40,United-States,>50K
19,Private,214678.0,HS-grad,9,Never-married,Other-service,Own-child,White,Male,0.0,0.0,30,United-States,<=50K
22,Private,107882.0,HS-grad,9,Never-married,Prof-specialty,Own-child,White,Female,0.0,0.0,20,United-States,<=50K
24,Private,298227.0,Some-college,10,Married-civ-spouse,Exec-managerial,Husband,White,Male,0.0,0.0,50,United-States,<=50K
31,Private,59083.0,Some-college,10,Married-civ-spouse,Other-service,Husband,White,Male,0.0,1672.0,50,United-States,<=50K
59,Private,229939.0,HS-grad,9,Married-civ-spouse,Sales,Husband,White,Male,0.0,0.0,40,United-States,<=50K
52,State-gov,303462.0,Some-college,10,Separated,Protective-serv,Unmarried,White,Male,0.0,0.0,40,United-States,<=50K
32,Private,134679.0,11th,7,Never-married,Handlers-cleaners,Own-child,Black,Female,0.0,0.0,40,United-States,<=50K
50,Private,338033.0,Some-college,10,Never-married,Other-service,Not-in-family,White,Male,0.0,0.0,32,United-States,<=50K
24,State-gov,275421.0,Some-college,10,Never-married,Machine-op-inspct,Own-child,White,Female,0.0,0.0,40,United-States,<=50K
34,Private,153927.0,Bachelors,13,Married-civ-spouse,Prof-specialty,Husband,White,Male,0.0,0.0,40,United-States,>50K
24,Private,325744.0,HS-grad,9,Never-married,Craft-repair,Not-in-family,White,Male,0.0,0.0,40,United-States,<=50K
46,Private,159869.0,HS-grad,9,Divorced,Exec-managerial,Not-in-family,White,Male,0.0,0.0,44,United-States,<=50K
46,Private,389843.0,Bachelors,13,Married-civ-spouse,Sales,Husband,White,Male,0.0,0.0,50,Germany,>50K
54,Local-gov,375134.0,Assoc-voc,11,Divorced,Craft-repair,Not-in-family,White,Male,0.0,0.0,40,United-States,<=50K
39,Self-emp-not-inc,34378.0,HS-grad,9,Married-civ-spouse,Farming-fishing,Husband,White,Male,0.0,0.0,50,United-States,<=50K
37,Private,123785.0,HS-grad,9,Never-married,Other-service,Not-in-family,White,Male,0.0,0.0,75,United-States,<=50K
73,Private,39212.0,HS-grad,9,Widowed,Other-service,Not-in-family,White,Female,0.0,0.0,20,United-States,<=50K
29,Private,123200.0,Some-college,10,Married-civ-spouse,Machine-op-inspct,Husband,Other,Male,0.0,2415.0,40,Puerto-Rico,>50K
46,Private,465974.0,11th,7,Never-married,Transport-moving,Own-child,White,Male,0.0,0.0,30,United-States,<=50K
36,Private,390243.0,HS-grad,9,Never-married,Craft-repair,Own-child,Black,Male,0.0,0.0,40,United-States,<=50K
24,Private,109307.0,HS-grad,9,Never-married,Sales,Own-child,White,Male,0.0,0.0,45,United-States,<=50K
46,Private,428405.0,Bachelors,13,Married-civ-spouse,Exec-managerial,Husband,White,Male,0.0,0.0,40,United-States,>50K
18,Private,387568.0,10th,6,Never-married,Sales,Own-child,White,Male,0.0,0.0,10,United-States,<=50K
25,Private,211497.0,Some-college,10,Married-civ-spouse,Exec-managerial,Husband,White,Male,0.0,0.0,40,United-States,<=50K
20,Private,164441.0,HS-grad,9,Never-married,Other-service,Own-child,Black,Male,0.0,0.0,40,United-States,<=50K
59,Private,59469.0,Bachelors,13,Married-civ-spouse,Craft-repair,Husband,White,Male,0.0,0.0,50,United-States,>50K
43,Self-emp-not-inc,277647.0,HS-grad,9,Married-civ-spouse,Exec-managerial,Husband,White,Male,0.0,0.0,35,United-States,<=50K
21,Private,113106.0,Some-college,10,Never-married,Other-service,Own-child,White,Female,0.0,0.0,30,United-States,<=50K
42,Private,113732.0,Some-college,10,Never-married,Handlers-cleaners,Unmarried,Black,Female,0.0,625.0,40,United-States,<=50K
46,State-gov,119904.0,Prof-school,15,Never-married,Prof-specialty,Not-in-family,White,Female,0.0,1564.0,55,United-States,>50K
20,Private,196678.0,12th,8,Never-married,Adm-clerical,Own-child,White,Female,0.0,0.0,40,United-States,<=50K
30,Local-gov,47085.0,10th,6,Married-civ-spouse,Craft-repair,Husband,White,Male,0.0,0.0,40,United-States,<=50K
34,Private,538243.0,Some-college,10,Separated,Tech-support,Unmarried,Black,Female,0.0,0.0,40,United-States,<=50K
38,Self-emp-not-inc,184456.0,HS-grad,9,Married-civ-spouse,Other-service,Husband,White,Male,3464.0,0.0,80,Italy,<=50K
60,Self-emp-not-inc,38622.0,Some-college,10,Married-civ-spouse,Exec-managerial,Husband,White,Male,0.0,0.0,40,United-States,<=50K
26,Private,231638.0,Some-college,10,Never-married,Adm-clerical,Own-child,White,Female,0.0,0.0,40,United-States,<=50K
39,Private,103260.0,Bachelors,13,Married-civ-spouse,Craft-repair,Wife,White,Female,0.0,0.0,30,United-States,>50K
42,Local-gov,201495.0,Some-college,10,Married-civ-spouse,Protective-serv,Husband,White,Male,0.0,0.0,72,United-States,>50K
62,Self-emp-not-inc,168682.0,7th-8th,4,Married-civ-spouse,Sales,Husband,White,Male,0.0,0.0,5,United-States,<=50K
20,Private,190290.0,Some-college,10,Never-married,Transport-moving,Own-child,White,Male,0.0,1602.0,40,United-States,<=50K
31,Private,144064.0,Some-college,10,Married-civ-spouse,Exec-managerial,Husband,White,Male,0.0,0.0,40,United-States,<=50K
25,Local-gov,58065.0,Bachelors,13,Married-civ-spouse,Prof-specialty,Wife,White,Female,0.0,0.0,50,United-States,<=50K
49,Self-emp-inc,125892.0,Masters,14,Married-civ-spouse,Exec-managerial,Husband,White,Male,0.0,0.0,50,United-States,>50K
35,Self-emp-inc,111319.0,Assoc-acdm,12,Married-civ-spouse,Sales,Husband,White,Male,0.0,1887.0,45,United-States,>50K
31,Private,200117.0,HS-grad,9,Divorced,Adm-clerical,Not-in-family,White,Male,0.0,0.0,40,United-States,<=50K
52,Federal-gov,76131.0,Some-college,10,Married-civ-spouse,Exec-managerial,Wife,Asian-Pac-Islander,Female,0.0,0.0,40,United-States,>50K
22,Private,51262.0,HS-grad,9,Never-married,Machine-op-inspct,Own-child,White,Male,0.0,0.0,40,United-States,<=50K
36,Local-gov,223433.0,Assoc-voc,11,Married-civ-spouse,Protective-serv,Husband,White,Male,0.0,0.0,53,United-States,>50K
32,Private,188246.0,HS-grad,9,Divorced,Craft-repair,Own-child,White,Male,0.0,0.0,40,United-States,<=50K
27,Private,253814.0,HS-grad,9,Married-spouse-absent,Sales,Unmarried,White,Female,0.0,0.0,25,United-States,<=50K
30,Private,76107.0,HS-grad,9,Never-married,Transport-moving,Not-in-family,White,Male,0.0,0.0,45,United-States,>50K
47,Federal-gov,197038.0,Bachelors,13,Married-civ-spouse,Prof-specialty,Husband,White,Male,0.0,0.0,50,United-States,<=50K
23,Private,132053.0,Some-college,10,Never-married,Adm-clerical,Not-in-family,White,Female,0.0,0.0,40,United-States,<=50K
25,Private,182656.0,Assoc-voc,11,Divorced,Adm-clerical,Unmarried,White,Female,0.0,0.0,40,United-States,<=50K
27,Private,203160.0,HS-grad,9,Married-civ-spouse,Machine-op-inspct,Husband,White,Male,0.0,0.0,40,United-States,<=50K
24,Self-emp-not-inc,81145.0,Some-college,10,Never-married,Other-service,Not-in-family,White,Female,0.0,0.0,75,United-States,<=50K
37,Self-emp-not-inc,348739.0,Prof-school,15,Married-civ-spouse,Prof-specialty,Husband,White,Male,0.0,0.0,50,United-States,>50K
29,Private,168138.0,Bachelors,13,Married-civ-spouse,Protective-serv,Husband,White,Male,0.0,0.0,40,United-States,>50K
61,Self-emp-inc,218009.0,Prof-school,15,Divorced,Prof-specialty,Not-in-family,White,Male,0.0,0.0,35,United-States,<=50K
53,Private,285621.0,Masters,14,Married-civ-spouse,Adm-clerical,Wife,White,Female,0.0,0.0,40,United-States,>50K
24,Private,329530.0,9th,5,Married-civ-spouse,Sales,Husband,White,Male,0.0,0.0,45,Mexico,<=50K
35,Private,272742.0,HS-grad,9,Divorced,Sales,Not-in-family,White,Male,27828.0,0.0,60,United-States,>50K
28,Private,132686.0,Masters,14,Married-civ-spouse,Sales,Husband,White,Male,0.0,0.0,40,United-States,<=50K
30,Private,198183.0,Assoc-voc,11,Never-married,Prof-specialty,Not-in-family,White,Female,0.0,0.0,40,United-States,<=50K
28,Private,66473.0,HS-grad,9,Divorced,Machine-op-inspct,Own-child,White,Male,0.0,0.0,40,United-States,<=50K
29,Private,308944.0,HS-grad,9,Married-spouse-absent,Craft-repair,Not-in-family,White,Male,0.0,0.0,40,United-States,<=50K
32,Private,280077.0,HS-grad,9,Divorced,Exec-managerial,Not-in-family,White,Male,0.0,0.0,60,United-States,<=50K
18,Private,170094.0,HS-grad,9,Never-married,Handlers-cleaners,Own-child,White,Female,0.0,0.0,20,United-States,<=50K
23,Private,198996.0,HS-grad,9,Never-married,Adm-clerical,Not-in-family,White,Female,0.0,0.0,40,United-States,<=50K
22,Private,297380.0,HS-grad,9,Never-married,Sales,Own-child,Black,Female,0.0,0.0,40,United-States,<=50K
31,Private,137814.0,Some-college,10,Divorced,Sales,Own-child,White,Female,0.0,0.0,30,United-States,<=50K
18,Private,171088.0,Some-college,10,Never-married,Sales,Own-child,White,Female,0.0,0.0,10,United-States,<=50K
55,Private,229029.0,Bachelors,13,Married-civ-spouse,Exec-managerial,Husband,White,Male,15024.0,0.0,48,United-States,>50K
31,Private,324386.0,11th,7,Married-civ-spouse,Craft-repair,Husband,White,Male,0.0,0.0,40,United-States,<=50K
21,Private,118712.0,HS-grad,9,Never-married,Craft-repair,Unmarried,White,Male,0.0,0.0,35,United-States,<=50K
52,Private,114228.0,HS-grad,9,Divorced,Craft-repair,Not-in-family,White,Male,3325.0,0.0,40,United-States,<=50K
33,Private,161444.0,HS-grad,9,Married-civ-spouse,Machine-op-inspct,Husband,White,Male,0.0,0.0,40,United-States,<=50K
35,Local-gov,191779.0,Some-college,10,Married-civ-spouse,Craft-repair,Husband,White,Male,0.0,0.0,40,United-States,>50K
54,Private,215990.0,Some-college,10,Married-civ-spouse,Tech-support,Husband,White,Male,7688.0,0.0,40,United-States,>50K
39,Local-gov,267893.0,Assoc-acdm,12,Married-civ-spouse,Craft-repair,Husband,Black,Male,7298.0,0.0,40,United-States,>50K
35,Private,298635.0,Bachelors,13,Never-married,Sales,Not-in-family,Asian-Pac-Islander,Male,0.0,0.0,50,United-States,<=50K
55,Private,156797.0,Some-college,10,Divorced,Machine-op-inspct,Not-in-family,White,Female,0.0,0.0,40,United-States,<=50K
59,Private,116637.0,HS-grad,9,Married-civ-spouse,Craft-repair,Husband,White,Male,0.0,0.0,40,United-States,<=50K
40,Private,113732.0,HS-grad,9,Divorced,Handlers-cleaners,Unmarried,Black,Female,0.0,0.0,40,United-States,<=50K
51,Private,106819.0,7th-8th,4,Never-married,Handlers-cleaners,Own-child,White,Male,0.0,0.0,19,United-States,<=50K
22,Private,349198.0,7th-8th,4,Never-married,Handlers-cleaners,Own-child,White,Male,0.0,0.0,16,United-States,<=50K
64,Private,212838.0,HS-grad,9,Married-civ-spouse,Sales,Husband,White,Male,0.0,0.0,65,United-States,>50K
47,Private,234994.0,7th-8th,4,Separated,Craft-repair,Unmarried,White,Male,0.0,0.0,40,Puerto-Rico,<=50K
20,Private,247115.0,Some-college,10,Never-married,Adm-clerical,Unmarried,Black,Female,0.0,0.0,35,United-States,<=50K
54,Self-emp-not-inc,82551.0,Assoc-voc,11,Married-civ-spouse,Tech-support,Other-relative,White,Female,0.0,0.0,10,United-States,<=50K
45,Private,225456.0,Bachelors,13,Married-civ-spouse,Prof-specialty,Husband,White,Male,0.0,1977.0,40,United-States,>50K
30,Private,159323.0,Some-college,10,Divorced,Sales,Unmarried,White,Female,0.0,0.0,65,Canada,<=50K
36,Private,255454.0,HS-grad,9,Never-married,Craft-repair,Own-child,Black,Male,0.0,0.0,30,United-States,<=50K
24,Private,161198.0,Bachelors,13,Never-married,Prof-specialty,Not-in-family,White,Male,0.0,0.0,25,United-States,<=50K
40,State-gov,177083.0,Masters,14,Never-married,Exec-managerial,Not-in-family,White,Female,0.0,0.0,35,United-States,<=50K
38,Private,277022.0,Some-college,10,Divorced,Adm-clerical,Unmarried,White,Female,0.0,0.0,40,Columbia,<=50K
42,Local-gov,247082.0,Bachelors,13,Married-civ-spouse,Prof-specialty,Husband,White,Male,3103.0,0.0,50,United-States,>50K
33,Private,164190.0,Assoc-voc,11,Married-civ-spouse,Craft-repair,Husband,White,Male,7298.0,0.0,40,United-States,>50K
37,Private,203070.0,Some-college,10,Separated,Adm-clerical,Own-child,White,Male,0.0,0.0,62,United-States,<=50K
46,Federal-gov,55237.0,Some-college,10,Divorced,Machine-op-inspct,Unmarried,White,Male,0.0,0.0,40,United-States,<=50K
66,Private,180211.0,Bachelors,13,Married-civ-spouse,Craft-repair,Husband,Asian-Pac-Islander,Male,0.0,0.0,30,Philippines,<=50K
22,Private,361608.0,HS-grad,9,Never-married,Adm-clerical,Not-in-family,White,Female,0.0,0.0,40,United-States,<=50K
46,Local-gov,149551.0,HS-grad,9,Married-civ-spouse,Protective-serv,Husband,White,Male,5013.0,0.0,50,United-States,<=50K
20,Private,304710.0,Some-college,10,Never-married,Sales,Own-child,Asian-Pac-Islander,Female,0.0,0.0,20,United-States,<=50K
33,Private,185177.0,HS-grad,9,Never-married,Machine-op-inspct,Not-in-family,White,Male,0.0,0.0,40,United-States,<=50K
33,Private,130021.0,HS-grad,9,Married-civ-spouse,Transport-moving,Husband,White,Male,0.0,0.0,40,United-States,<=50K
37,Private,175759.0,Bachelors,13,Married-civ-spouse,Tech-support,Husband,White,Male,0.0,0.0,40,United-States,>50K
45,Private,127738.0,Some-college,10,Married-civ-spouse,Other-service,Husband,White,Male,0.0,0.0,40,United-States,<=50K
22,Private,103805.0,Some-college,10,Never-married,Other-service,Own-child,White,Male,0.0,0.0,36,United-States,<=50K
42,Self-emp-not-inc,83953.0,Some-college,10,Married-civ-spouse,Farming-fishing,Husband,White,Male,0.0,0.0,70,United-States,<=50K
43,Private,74581.0,HS-grad,9,Married-civ-spouse,Craft-repair,Husband,White,Male,0.0,0.0,48,United-States,>50K
47,Private,214800.0,Assoc-voc,11,Married-civ-spouse,Handlers-cleaners,Husband,White,Male,0.0,0.0,40,United-States,<=50K
20,Private,244406.0,HS-grad,9,Never-married,Adm-clerical,Own-child,Black,Female,0.0,0.0,40,United-States,<=50K
42,Private,186916.0,Masters,14,Married-civ-spouse,Exec-managerial,Husband,White,Male,0.0,2415.0,55,United-States,>50K
21,Private,26410.0,HS-grad,9,Never-married,Adm-clerical,Not-in-family,White,Female,0.0,0.0,40,United-States,<=50K
40,Local-gov,105717.0,Masters,14,Never-married,Adm-clerical,Not-in-family,White,Female,0.0,1876.0,35,United-States,<=50K
29,Private,124953.0,Bachelors,13,Never-married,Prof-specialty,Own-child,White,Male,0.0,0.0,50,United-States,<=50K
17,Private,209650.0,10th,6,Never-married,Other-service,Own-child,White,Male,0.0,0.0,15,United-States,<=50K
39,Private,184117.0,Bachelors,13,Married-civ-spouse,Prof-specialty,Wife,White,Female,7688.0,0.0,20,United-States,>50K
41,State-gov,518030.0,Bachelors,13,Never-married,Protective-serv,Not-in-family,Black,Male,0.0,1590.0,40,Puerto-Rico,<=50K
57,Local-gov,173242.0,Bachelors,13,Divorced,Prof-specialty,Not-in-family,White,Female,0.0,0.0,35,United-States,<=50K
47,Private,160187.0,HS-grad,9,Separated,Prof-specialty,Other-relative,Black,Female,14084.0,0.0,38,United-States,>50K
40,Private,438427.0,Some-college,10,Never-married,Sales,Not-in-family,Black,Female,0.0,0.0,40,United-States,<=50K
23,Private,189830.0,Some-college,10,Married-civ-spouse,Other-service,Husband,Black,Male,0.0,0.0,50,United-States,<=50K
21,Private,25265.0,HS-grad,9,Never-married,Craft-repair,Own-child,White,Male,0.0,0.0,40,United-States,<=50K
48,Self-emp-not-inc,247294.0,HS-grad,9,Married-civ-spouse,Craft-repair,Husband,White,Male,0.0,0.0,30,Peru,<=50K
17,Private,67603.0,9th,5,Never-married,Other-service,Own-child,White,Female,0.0,0.0,10,United-States,<=50K
44,Self-emp-inc,168845.0,HS-grad,9,Married-civ-spouse,Sales,Wife,White,Female,0.0,0.0,60,United-States,<=50K
27,Private,176761.0,HS-grad,9,Never-married,Craft-repair,Other-relative,Other,Male,0.0,0.0,40,Nicaragua,<=50K
30,Private,203488.0,Some-college,10,Never-married,Craft-repair,Not-in-family,White,Male,0.0,0.0,44,United-States,<=50K
42,Private,169383.0,Masters,14,Married-civ-spouse,Prof-specialty,Husband,White,Male,0.0,0.0,40,United-States,>50K
38,Self-emp-not-inc,168826.0,Some-college,10,Married-civ-spouse,Craft-repair,Husband,White,Male,0.0,0.0,35,United-States,<=50K
51,Private,159015.0,HS-grad,9,Married-civ-spouse,Transport-moving,Husband,White,Male,0.0,0.0,60,United-States,<=50K
29,Private,157612.0,Bachelors,13,Never-married,Prof-specialty,Not-in-family,White,Female,14344.0,0.0,40,United-States,>50K
72,Federal-gov,94242.0,Some-college,10,Widowed,Tech-support,Not-in-family,White,Female,0.0,0.0,16,United-States,<=50K
34,Private,532379.0,Some-college,10,Married-civ-spouse,Craft-repair,Husband,White,Male,0.0,0.0,40,United-States,<=50K
26,Federal-gov,211596.0,Masters,14,Never-married,Prof-specialty,Not-in-family,White,Male,0.0,0.0,40,United-States,<=50K
39,Private,225707.0,Assoc-voc,11,Married-civ-spouse,Adm-clerical,Husband,White,Male,0.0,0.0,40,Cuba,<=50K
22,Private,353039.0,HS-grad,9,Never-married,Craft-repair,Unmarried,White,Female,0.0,0.0,36,Mexico,<=50K
47,Federal-gov,197332.0,Bachelors,13,Divorced,Prof-specialty,Not-in-family,White,Male,0.0,0.0,40,United-States,<=50K
51,Self-emp-inc,46281.0,Some-college,10,Married-civ-spouse,Sales,Husband,White,Male,0.0,0.0,50,United-States,>50K
59,Self-emp-not-inc,211678.0,Masters,14,Married-civ-spouse,Transport-moving,Husband,White,Male,0.0,0.0,15,United-States,<=50K
50,State-gov,143822.0,Doctorate,16,Married-civ-spouse,Prof-specialty,Husband,White,Male,15024.0,0.0,40,United-States,>50K
33,Private,121488.0,Bachelors,13,Never-married,Sales,Not-in-family,White,Female,0.0,0.0,40,United-States,<=50K
53,Private,103931.0,Some-college,10,Married-civ-spouse,Prof-specialty,Husband,White,Male,0.0,0.0,40,United-States,<=50K
62,Private,116104.0,HS-grad,9,Widowed,Adm-clerical,Not-in-family,White,Female,0.0,0.0,20,Germany,<=50K
44,Self-emp-not-inc,111483.0,10th,6,Never-married,Craft-repair,Own-child,White,Male,0.0,0.0,50,United-States,<=50K
37,Private,176014.0,HS-grad,9,Married-civ-spouse,Sales,Husband,White,Male,0.0,0.0,50,United-States,<=50K
47,Self-emp-inc,85109.0,Doctorate,16,Married-civ-spouse,Prof-specialty,Husband,White,Male,0.0,0.0,50,United-States,<=50K
30,Self-emp-not-inc,404062.0,HS-grad,9,Married-civ-spouse,Prof-specialty,Husband,White,Male,0.0,1977.0,15,United-States,>50K
51,Self-emp-not-inc,43878.0,Doctorate,16,Divorced,Sales,Not-in-family,White,Male,0.0,0.0,50,United-States,>50K
28,Private,183802.0,HS-grad,9,Married-civ-spouse,Transport-moving,Husband,White,Male,0.0,0.0,55,United-States,<=50K
32,Self-emp-not-inc,400061.0,Prof-school,15,Married-civ-spouse,Prof-specialty,Husband,Asian-Pac-Islander,Male,15024.0,0.0,40,Philippines,>50K
27,State-gov,431637.0,Prof-school,15,Never-married,Prof-specialty,Not-in-family,White,Male,0.0,0.0,70,United-States,<=50K
21,Private,121407.0,Assoc-voc,11,Never-married,Other-service,Own-child,White,Female,0.0,0.0,36,United-States,<=50K
61,State-gov,151459.0,10th,6,Never-married,Other-service,Not-in-family,Black,Female,0.0,0.0,38,United-States,<=50K
28,Private,68642.0,HS-grad,9,Never-married,Other-service,Not-in-family,White,Female,0.0,0.0,46,United-States,<=50K
24,Local-gov,238384.0,Bachelors,13,Never-married,Prof-specialty,Own-child,White,Female,0.0,0.0,37,United-States,<=50K
30,Private,315640.0,Doctorate,16,Married-civ-spouse,Prof-specialty,Husband,Asian-Pac-Islander,Male,0.0,1977.0,40,China,>50K
51,Local-gov,201560.0,Bachelors,13,Married-civ-spouse,Prof-specialty,Wife,White,Female,0.0,0.0,40,United-States,>50K
37,Private,216845.0,Preschool,1,Married-civ-spouse,Farming-fishing,Husband,White,Male,0.0,0.0,40,Mexico,<=50K
19,Private,183041.0,HS-grad,9,Never-married,Other-service,Own-child,White,Male,0.0,0.0,20,United-States,<=50K
53,Local-gov,229259.0,Assoc-acdm,12,Married-civ-spouse,Tech-support,Husband,White,Male,0.0,0.0,45,United-States,>50K
32,Self-emp-not-inc,181212.0,Some-college,10,Separated,Farming-fishing,Unmarried,White,Female,0.0,0.0,65,United-States,<=50K
36,Private,182013.0,Some-college,10,Divorced,Tech-support,Unmarried,White,Female,0.0,0.0,40,United-States,<=50K
31,Private,165148.0,HS-grad,9,Separated,Exec-managerial,Unmarried,White,Female,0.0,0.0,12,United-States,<=50K
30,Private,398662.0,HS-grad,9,Never-married,Machine-op-inspct,Own-child,White,Male,0.0,0.0,40,United-States,<=50K
19,Private,245408.0,HS-grad,9,Never-married,Adm-clerical,Own-child,White,Female,0.0,0.0,20,United-States,<=50K
19,Private,220819.0,HS-grad,9,Never-married,Farming-fishing,Own-child,White,Female,0.0,0.0,40,United-States,<=50K
51,Private,457357.0,HS-grad,9,Married-civ-spouse,Craft-repair,Husband,White,Male,0.0,0.0,45,United-States,<=50K
27,Private,139209.0,HS-grad,9,Never-married,Machine-op-inspct,Unmarried,Black,Female,0.0,0.0,40,United-States,<=50K
31,Private,35864.0,Bachelors,13,Never-married,Sales,Not-in-family,Amer-Indian-Eskimo,Male,0.0,0.0,60,United-States,<=50K
66,Private,178120.0,5th-6th,3,Divorced,Priv-house-serv,Not-in-family,Black,Female,0.0,0.0,15,United-States,<=50K
50,Self-emp-inc,121441.0,11th,7,Never-married,Exec-managerial,Other-relative,White,Male,0.0,2444.0,40,United-States,>50K
40,Private,304530.0,7th-8th,4,Married-civ-spouse,Craft-repair,Husband,White,Male,0.0,0.0,40,United-States,<=50K
24,Private,128061.0,HS-grad,9,Never-married,Other-service,Own-child,White,Female,594.0,0.0,15,United-States,<=50K
39,Private,456922.0,Bachelors,13,Divorced,Tech-support,Not-in-family,White,Male,0.0,0.0,40,United-States,<=50K
40,Private,32627.0,Masters,14,Married-civ-spouse,Prof-specialty,Husband,White,Male,0.0,0.0,60,United-States,<=50K
79,Self-emp-not-inc,103684.0,HS-grad,9,Married-civ-spouse,Farming-fishing,Husband,White,Male,0.0,0.0,40,United-States,<=50K
35,Self-emp-not-inc,241998.0,Bachelors,13,Married-civ-spouse,Craft-repair,Husband,White,Male,0.0,0.0,45,United-States,<=50K
41,Self-emp-not-inc,188738.0,HS-grad,9,Divorced,Craft-repair,Unmarried,White,Male,0.0,0.0,27,United-States,<=50K
25,Private,222539.0,10th,6,Never-married,Transport-moving,Not-in-family,White,Male,2597.0,0.0,50,United-States,<=50K
43,Private,225193.0,HS-grad,9,Married-civ-spouse,Sales,Husband,White,Male,0.0,0.0,40,United-States,<=50K
36,Self-emp-inc,251730.0,Some-college,10,Married-civ-spouse,Protective-serv,Husband,White,Male,0.0,0.0,60,United-States,>50K
78,Private,111189.0,7th-8th,4,Never-married,Machine-op-inspct,Not-in-family,White,Female,0.0,0.0,35,Dominican-Republic,<=50K
33,Private,111746.0,Assoc-acdm,12,Married-civ-spouse,Craft-repair,Husband,White,Male,0.0,0.0,45,Portugal,<=50K
38,Self-emp-not-inc,114835.0,Bachelors,13,Married-civ-spouse,Sales,Wife,White,Female,0.0,0.0,60,United-States,>50K
51,Private,243361.0,Some-college,10,Widowed,Adm-clerical,Unmarried,White,Female,0.0,0.0,45,United-States,<=50K
47,Private,264052.0,Some-college,10,Married-civ-spouse,Prof-specialty,Husband,White,Male,0.0,0.0,50,United-States,>50K
39,Private,172538.0,HS-grad,9,Never-married,Machine-op-inspct,Unmarried,White,Male,0.0,0.0,40,United-States,<=50K
54,Private,223660.0,HS-grad,9,Married-civ-spouse,Exec-managerial,Husband,White,Male,0.0,0.0,55,United-States,>50K
61,Local-gov,313852.0,Bachelors,13,Divorced,Prof-specialty,Not-in-family,White,Female,0.0,0.0,40,United-States,<=50K
48,Self-emp-not-inc,107231.0,Bachelors,13,Married-civ-spouse,Exec-managerial,Husband,White,Male,99999.0,0.0,50,United-States,>50K
37,Federal-gov,408229.0,HS-grad,9,Divorced,Tech-support,Unmarried,White,Female,0.0,0.0,40,United-States,<=50K
40,Private,247469.0,Doctorate,16,Married-civ-spouse,Prof-specialty,Wife,White,Female,0.0,0.0,30,United-States,>50K
46,Federal-gov,44706.0,Bachelors,13,Divorced,Prof-specialty,Unmarried,White,Female,0.0,0.0,50,United-States,>50K
27,Private,153869.0,HS-grad,9,Never-married,Handlers-cleaners,Own-child,White,Male,0.0,0.0,37,United-States,<=50K
32,Private,107142.0,Assoc-voc,11,Married-civ-spouse,Craft-repair,Husband,White,Male,5013.0,0.0,50,United-States,<=50K
36,Private,114765.0,10th,6,Never-married,Other-service,Unmarried,White,Female,0.0,0.0,35,United-States,<=50K
27,Private,387776.0,Some-college,10,Never-married,Other-service,Own-child,White,Male,0.0,0.0,40,United-States,<=50K
53,Private,120914.0,11th,7,Married-civ-spouse,Machine-op-inspct,Husband,White,Male,0.0,0.0,40,United-States,<=50K
52,Private,192666.0,12th,8,Separated,Machine-op-inspct,Unmarried,Black,Male,0.0,0.0,40,United-States,<=50K
31,Private,209538.0,Some-college,10,Married-civ-spouse,Adm-clerical,Husband,White,Male,0.0,0.0,55,United-States,<=50K
27,Private,131310.0,HS-grad,9,Married-civ-spouse,Other-service,Wife,White,Female,0.0,0.0,40,United-States,>50K
54,State-gov,161334.0,Masters,14,Married-spouse-absent,Prof-specialty,Not-in-family,Asian-Pac-Islander,Female,0.0,0.0,40,China,<=50K
31,Local-gov,178449.0,Prof-school,15,Married-civ-spouse,Prof-specialty,Husband,White,Male,0.0,0.0,40,United-States,>50K
25,Private,221078.0,HS-grad,9,Never-married,Sales,Not-in-family,White,Female,0.0,0.0,35,United-States,<=50K
27,Private,168138.0,HS-grad,9,Never-married,Tech-support,Not-in-family,White,Male,0.0,0.0,45,United-States,<=50K
35,Private,257416.0,Assoc-voc,11,Never-married,Craft-repair,Own-child,Black,Male,0.0,0.0,40,United-States,<=50K
48,Private,268022.0,Assoc-acdm,12,Married-civ-spouse,Exec-managerial,Husband,White,Male,7298.0,0.0,55,United-States,>50K
21,Private,320425.0,Some-college,10,Never-married,Prof-specialty,Own-child,White,Male,0.0,0.0,30,United-States,<=50K
24,Private,278391.0,Assoc-acdm,12,Never-married,Sales,Own-child,White,Male,0.0,0.0,30,United-States,<=50K
29,Private,241607.0,HS-grad,9,Never-married,Craft-repair,Not-in-family,White,Male,2597.0,0.0,40,United-States,<=50K
28,Private,92262.0,HS-grad,9,Married-civ-spouse,Craft-repair,Husband,White,Male,0.0,0.0,40,United-States,<=50K
33,Private,101345.0,HS-grad,9,Married-civ-spouse,Exec-managerial,Wife,White,Female,0.0,0.0,42,Canada,>50K
33,Private,145402.0,HS-grad,9,Married-civ-spouse,Machine-op-inspct,Wife,White,Female,0.0,0.0,35,United-States,<=50K
45,Private,246891.0,Bachelors,13,Married-civ-spouse,Exec-managerial,Husband,White,Male,0.0,0.0,72,Canada,>50K
32,Private,137184.0,Some-college,10,Married-civ-spouse,Craft-repair,Husband,White,Male,0.0,0.0,40,United-States,<=50K
37,Private,215503.0,HS-grad,9,Married-civ-spouse,Exec-managerial,Husband,White,Male,4386.0,0.0,45,United-States,>50K
34,Federal-gov,190228.0,Bachelors,13,Married-civ-spouse,Protective-serv,Husband,White,Male,0.0,1902.0,48,United-States,>50K
19,Private,205829.0,HS-grad,9,Never-married,Sales,Own-child,White,Female,0.0,0.0,35,United-States,<=50K
37,Private,66686.0,HS-grad,9,Married-civ-spouse,Handlers-cleaners,Husband,White,Male,0.0,0.0,40,United-States,<=50K
32,Private,242654.0,Some-college,10,Divorced,Sales,Unmarried,Black,Female,0.0,1138.0,40,Honduras,<=50K
18,Private,192583.0,Some-college,10,Never-married,Sales,Not-in-family,White,Female,0.0,0.0,30,United-States,<=50K
54,Self-emp-not-inc,118365.0,10th,6,Divorced,Other-service,Not-in-family,Black,Female,0.0,0.0,10,United-States,<=50K
40,Private,142886.0,Bachelors,13,Widowed,Exec-managerial,Unmarried,White,Female,0.0,0.0,40,United-States,<=50K
28,Private,301654.0,Bachelors,13,Never-married,Prof-specialty,Not-in-family,White,Female,0.0,0.0,40,United-States,<=50K
50,Local-gov,159689.0,Some-college,10,Widowed,Adm-clerical,Unmarried,White,Female,0.0,0.0,35,United-States,<=50K
26,Private,236242.0,Prof-school,15,Never-married,Prof-specialty,Not-in-family,White,Female,0.0,0.0,30,United-States,<=50K
23,Private,127876.0,Some-college,10,Never-married,Other-service,Not-in-family,White,Female,0.0,0.0,35,United-States,<=50K
35,Private,178948.0,Masters,14,Never-married,Prof-specialty,Unmarried,White,Female,0.0,0.0,32,United-States,<=50K
29,Private,200381.0,11th,7,Never-married,Exec-managerial,Not-in-family,White,Female,0.0,0.0,40,United-States,<=50K
51,Private,34361.0,Some-college,10,Married-civ-spouse,Exec-managerial,Wife,White,Female,0.0,0.0,20,United-States,>50K
33,Private,147430.0,HS-grad,9,Married-civ-spouse,Adm-clerical,Own-child,White,Female,0.0,0.0,40,United-States,<=50K
17,Private,226717.0,12th,8,Never-married,Handlers-cleaners,Own-child,White,Male,0.0,0.0,20,United-States,<=50K
61,Self-emp-inc,61040.0,Some-college,10,Married-civ-spouse,Sales,Husband,White,Male,7688.0,0.0,36,United-States,>50K
30,Private,84119.0,HS-grad,9,Married-civ-spouse,Exec-managerial,Husband,White,Male,0.0,0.0,65,United-States,>50K
41,Private,198316.0,Some-college,10,Never-married,Craft-repair,Not-in-family,White,Male,0.0,0.0,50,Japan,<=50K
33,Private,292465.0,9th,5,Married-civ-spouse,Machine-op-inspct,Husband,White,Male,0.0,0.0,50,United-States,<=50K
41,Local-gov,396467.0,Assoc-acdm,12,Married-civ-spouse,Exec-managerial,Husband,Black,Male,0.0,0.0,50,United-States,>50K
63,Local-gov,41161.0,HS-grad,9,Married-civ-spouse,Exec-managerial,Husband,White,Male,0.0,0.0,55,United-States,<=50K
28,Private,226089.0,10th,6,Never-married,Machine-op-inspct,Unmarried,White,Female,0.0,0.0,40,United-States,<=50K
47,Private,357848.0,HS-grad,9,Married-civ-spouse,Craft-repair,Husband,White,Male,0.0,0.0,40,United-States,>50K
47,Private,139701.0,5th-6th,3,Never-married,Machine-op-inspct,Unmarried,White,Female,0.0,0.0,40,Dominican-Republic,<=50K
49,Local-gov,288548.0,Masters,14,Separated,Prof-specialty,Unmarried,White,Female,0.0,0.0,50,United-States,<=50K
30,Local-gov,79190.0,Masters,14,Never-married,Prof-specialty,Not-in-family,White,Female,0.0,0.0,40,United-States,<=50K
20,Private,169600.0,Some-college,10,Never-married,Prof-specialty,Own-child,White,Female,2176.0,0.0,12,United-States,<=50K
26,Private,262413.0,HS-grad,9,Never-married,Handlers-cleaners,Own-child,White,Female,0.0,0.0,40,Italy,<=50K
35,Private,98389.0,11th,7,Married-civ-spouse,Farming-fishing,Husband,White,Male,0.0,0.0,40,United-States,<=50K
19,Private,209826.0,Some-college,10,Never-married,Sales,Own-child,White,Female,0.0,0.0,15,United-States,<=50K
43,Private,137126.0,Some-college,10,Married-civ-spouse,Exec-managerial,Husband,White,Male,0.0,0.0,40,United-States,>50K
35,Local-gov,233327.0,Some-college,10,Married-civ-spouse,Protective-serv,Husband,White,Male,0.0,0.0,40,United-States,<=50K
68,Private,90526.0,12th,8,Married-civ-spouse,Farming-fishing,Husband,White,Male,0.0,0.0,35,United-States,<=50K
31,Private,156763.0,HS-grad,9,Married-civ-spouse,Sales,Husband,White,Male,2829.0,0.0,40,United-States,<=50K
19,Private,291429.0,HS-grad,9,Never-married,Other-service,Own-child,White,Female,0.0,0.0,25,United-States,<=50K
52,Self-emp-not-inc,138611.0,HS-grad,9,Married-civ-spouse,Sales,Husband,White,Male,7688.0,0.0,55,United-States,>50K
30,Private,164802.0,Bachelors,13,Never-married,Exec-managerial,Not-in-family,Other,Female,8614.0,0.0,40,India,>50K
22,Private,62507.0,Bachelors,13,Never-married,Prof-specialty,Own-child,White,Female,0.0,0.0,40,United-States,<=50K
22,Private,379778.0,HS-grad,9,Never-married,Other-service,Not-in-family,White,Male,0.0,0.0,40,United-States,<=50K
44,Private,164043.0,HS-grad,9,Married-civ-spouse,Sales,Husband,White,Male,0.0,0.0,40,United-States,<=50K
20,State-gov,41103.0,Some-college,10,Never-married,Other-service,Own-child,White,Female,0.0,0.0,20,United-States,<=50K
38,Private,22245.0,Some-college,10,Married-civ-spouse,Exec-managerial,Husband,White,Male,0.0,0.0,40,United-States,>50K
43,Private,117158.0,Some-college,10,Married-civ-spouse,Craft-repair,Husband,White,Male,0.0,0.0,45,United-States,>50K
41,Private,115323.0,Some-college,10,Married-civ-spouse,Sales,Husband,White,Male,0.0,0.0,40,United-States,>50K
60,Private,185836.0,Prof-school,15,Married-civ-spouse,Exec-managerial,Husband,White,Male,0.0,0.0,40,United-States,>50K
52,State-gov,109600.0,Masters,14,Married-spouse-absent,Exec-managerial,Unmarried,White,Female,4787.0,0.0,44,United-States,>50K
40,Private,165599.0,HS-grad,9,Married-civ-spouse,Sales,Husband,White,Male,4064.0,0.0,40,United-States,<=50K
23,Private,126613.0,Bachelors,13,Never-married,Adm-clerical,Own-child,White,Female,0.0,0.0,40,United-States,<=50K
51,Self-emp-not-inc,192654.0,Bachelors,13,Widowed,Exec-managerial,Unmarried,White,Male,0.0,0.0,50,United-States,<=50K
27,Private,377680.0,Assoc-voc,11,Never-married,Sales,Not-in-family,White,Male,0.0,0.0,50,United-States,<=50K
55,Private,178644.0,9th,5,Married-civ-spouse,Craft-repair,Husband,White,Male,0.0,0.0,55,United-States,<=50K
30,Private,270886.0,Some-college,10,Never-married,Other-service,Own-child,White,Female,0.0,0.0,40,United-States,<=50K
39,Private,491000.0,Bachelors,13,Never-married,Exec-managerial,Other-relative,Black,Male,0.0,0.0,45,United-States,<=50K
56,Private,170411.0,HS-grad,9,Divorced,Protective-serv,Own-child,White,Male,4101.0,0.0,38,United-States,<=50K
37,Private,126569.0,Masters,14,Married-civ-spouse,Exec-managerial,Husband,White,Male,0.0,1977.0,40,United-States,>50K
41,State-gov,47170.0,Bachelors,13,Married-civ-spouse,Prof-specialty,Wife,Amer-Indian-Eskimo,Female,0.0,0.0,48,United-States,>50K
34,Private,170772.0,HS-grad,9,Married-civ-spouse,Craft-repair,Husband,White,Male,0.0,0.0,50,United-States,<=50K
27,Local-gov,163320.0,Assoc-acdm,12,Never-married,Protective-serv,Own-child,White,Male,0.0,0.0,40,United-States,<=50K
22,Private,210781.0,Bachelors,13,Never-married,Adm-clerical,Own-child,White,Female,0.0,0.0,35,United-States,<=50K
34,Federal-gov,77218.0,HS-grad,9,Divorced,Adm-clerical,Not-in-family,White,Female,0.0,0.0,40,United-States,<=50K
28,Self-emp-not-inc,96219.0,Bachelors,13,Married-civ-spouse,Sales,Wife,White,Female,0.0,0.0,5,United-States,<=50K
46,Self-emp-not-inc,31267.0,HS-grad,9,Married-civ-spouse,Transport-moving,Husband,White,Male,0.0,0.0,50,United-States,<=50K
29,Private,194458.0,Bachelors,13,Never-married,Adm-clerical,Not-in-family,White,Male,0.0,0.0,40,United-States,<=50K
21,Private,282484.0,Some-college,10,Never-married,Other-service,Own-child,White,Female,0.0,0.0,40,United-States,<=50K
41,Private,152958.0,HS-grad,9,Married-civ-spouse,Craft-repair,Husband,White,Male,0.0,0.0,40,United-States,>50K
35,Private,106347.0,HS-grad,9,Married-civ-spouse,Exec-managerial,Husband,White,Male,0.0,0.0,45,United-States,<=50K
53,Self-emp-inc,200400.0,Doctorate,16,Divorced,Exec-managerial,Not-in-family,White,Male,0.0,0.0,60,United-States,>50K
50,Private,287927.0,HS-grad,9,Married-civ-spouse,Prof-specialty,Wife,White,Female,0.0,0.0,16,United-States,<=50K
59,Private,171015.0,Some-college,10,Never-married,Adm-clerical,Own-child,White,Female,0.0,0.0,34,United-States,<=50K
44,Self-emp-inc,456236.0,Some-college,10,Divorced,Sales,Own-child,White,Male,0.0,0.0,45,United-States,>50K
64,Self-emp-inc,272531.0,HS-grad,9,Married-civ-spouse,Craft-repair,Husband,White,Male,0.0,0.0,40,United-States,>50K
52,Private,168001.0,Masters,14,Divorced,Prof-specialty,Not-in-family,White,Female,0.0,0.0,40,United-States,>50K
35,Private,187022.0,HS-grad,9,Divorced,Prof-specialty,Not-in-family,White,Male,0.0,0.0,40,United-States,<=50K
40,Private,197462.0,Bachelors,13,Married-civ-spouse,Tech-support,Husband,White,Male,0.0,0.0,40,United-States,>50K
30,Private,190912.0,11th,7,Married-civ-spouse,Handlers-cleaners,Husband,Asian-Pac-Islander,Male,0.0,1651.0,40,Vietnam,<=50K
36,Private,224531.0,Some-college,10,Never-married,Other-service,Not-in-family,White,Male,0.0,0.0,40,United-States,<=50K
32,Private,182274.0,HS-grad,9,Separated,Other-service,Own-child,White,Female,0.0,0.0,37,United-States,<=50K
36,Private,204590.0,Bachelors,13,Divorced,Prof-specialty,Unmarried,Black,Female,0.0,213.0,40,United-States,<=50K
39,Private,184659.0,HS-grad,9,Married-civ-spouse,Machine-op-inspct,Husband,White,Male,0.0,0.0,40,United-States,<=50K
51,Private,183200.0,Some-college,10,Married-civ-spouse,Exec-managerial,Husband,White,Male,0.0,1902.0,40,United-States,<=50K
29,Private,137618.0,Some-college,10,Never-married,Other-service,Not-in-family,White,Female,0.0,0.0,41,United-States,>50K
42,Private,339346.0,Masters,14,Divorced,Adm-clerical,Not-in-family,White,Female,0.0,0.0,25,United-States,<=50K
43,Self-emp-not-inc,190044.0,HS-grad,9,Married-civ-spouse,Sales,Husband,White,Male,0.0,0.0,40,United-States,<=50K
49,Private,33673.0,12th,8,Never-married,Transport-moving,Not-in-family,Asian-Pac-Islander,Male,0.0,0.0,35,United-States,<=50K
61,Private,51170.0,HS-grad,9,Married-civ-spouse,Craft-repair,Husband,White,Male,0.0,0.0,55,United-States,<=50K
40,Private,225432.0,Some-college,10,Married-civ-spouse,Machine-op-inspct,Husband,White,Male,0.0,0.0,45,United-States,<=50K
33,Private,111567.0,Masters,14,Married-civ-spouse,Exec-managerial,Husband,White,Male,0.0,1902.0,45,Germany,>50K
45,Private,285060.0,Bachelors,13,Married-civ-spouse,Exec-managerial,Husband,White,Male,0.0,0.0,50,United-States,>50K
42,Private,121264.0,Assoc-voc,11,Married-civ-spouse,Prof-specialty,Husband,White,Male,0.0,0.0,40,United-States,>50K
36,Private,289148.0,Some-college,10,Divorced,Other-service,Unmarried,White,Female,0.0,0.0,40,United-States,<=50K
30,Private,176862.0,Assoc-voc,11,Married-civ-spouse,Prof-specialty,Husband,White,Male,0.0,0.0,40,United-States,<=50K
44,Private,118947.0,Masters,14,Married-civ-spouse,Sales,Husband,White,Male,0.0,0.0,44,United-States,>50K
43,Private,132130.0,Assoc-voc,11,Married-civ-spouse,Farming-fishing,Husband,White,Male,0.0,0.0,40,United-States,>50K
51,Self-emp-not-inc,118259.0,HS-grad,9,Married-civ-spouse,Craft-repair,Husband,White,Male,3137.0,0.0,60,United-States,<=50K
20,Private,117767.0,Some-college,10,Never-married,Prof-specialty,Own-child,White,Male,0.0,0.0,40,United-States,<=50K
27,Private,56870.0,HS-grad,9,Married-civ-spouse,Machine-op-inspct,Husband,White,Male,0.0,0.0,40,United-States,<=50K
29,Self-emp-not-inc,341672.0,HS-grad,9,Married-spouse-absent,Transport-moving,Other-relative,Asian-Pac-Islander,Male,0.0,1564.0,50,India,>50K
31,Private,243442.0,HS-grad,9,Married-civ-spouse,Adm-clerical,Husband,White,Male,0.0,0.0,50,United-States,<=50K
41,Private,173682.0,Masters,14,Married-civ-spouse,Machine-op-inspct,Husband,White,Male,0.0,0.0,40,United-States,<=50K
53,Private,448862.0,HS-grad,9,Never-married,Transport-moving,Unmarried,Black,Male,0.0,0.0,40,United-States,<=50K
40,Private,94210.0,Bachelors,13,Married-civ-spouse,Sales,Husband,White,Male,0.0,0.0,50,United-States,>50K
23,Private,115458.0,HS-grad,9,Never-married,Transport-moving,Own-child,White,Male,0.0,0.0,40,United-States,<=50K
28,Private,51672.0,HS-grad,9,Never-married,Craft-repair,Not-in-family,White,Male,0.0,0.0,35,United-States,<=50K
32,Local-gov,250585.0,Bachelors,13,Never-married,Prof-specialty,Not-in-family,White,Female,0.0,0.0,50,United-States,<=50K
28,Private,274679.0,Masters,14,Never-married,Prof-specialty,Not-in-family,White,Male,0.0,0.0,50,United-States,<=50K
61,Private,26254.0,HS-grad,9,Divorced,Exec-managerial,Not-in-family,White,Female,0.0,0.0,40,United-States,<=50K
27,Private,158647.0,Some-college,10,Never-married,Adm-clerical,Not-in-family,White,Female,0.0,0.0,40,United-States,<=50K
56,Private,456592.0,HS-grad,9,Divorced,Other-service,Unmarried,White,Female,0.0,0.0,37,United-States,<=50K
31,Private,96245.0,HS-grad,9,Married-civ-spouse,Handlers-cleaners,Husband,White,Male,0.0,0.0,42,United-States,<=50K
43,Local-gov,92374.0,Masters,14,Married-civ-spouse,Prof-specialty,Wife,Black,Female,0.0,0.0,35,United-States,>50K
40,Private,98466.0,HS-grad,9,Married-civ-spouse,Craft-repair,Husband,White,Male,0.0,0.0,40,United-States,>50K
42,Private,104973.0,HS-grad,9,Married-civ-spouse,Craft-repair,Husband,White,Male,0.0,0.0,40,United-States,<=50K
30,Private,232475.0,HS-grad,9,Separated,Craft-repair,Not-in-family,White,Male,0.0,0.0,40,United-States,<=50K
47,Private,205730.0,HS-grad,9,Married-civ-spouse,Craft-repair,Husband,White,Male,0.0,0.0,56,United-States,>50K
52,Private,146378.0,HS-grad,9,Married-civ-spouse,Craft-repair,Husband,White,Male,0.0,0.0,40,United-States,>50K
46,Private,321327.0,Some-college,10,Married-civ-spouse,Transport-moving,Husband,White,Male,7298.0,0.0,45,United-States,>50K
48,Self-emp-inc,369522.0,Bachelors,13,Married-civ-spouse,Exec-managerial,Wife,White,Female,0.0,0.0,25,United-States,>50K
60,Self-emp-inc,123552.0,7th-8th,4,Married-civ-spouse,Exec-managerial,Husband,White,Male,0.0,0.0,55,Ireland,<=50K
41,Private,187795.0,Some-college,10,Married-civ-spouse,Craft-repair,Husband,White,Male,0.0,1977.0,60,United-States,>50K
54,Private,337992.0,Bachelors,13,Married-civ-spouse,Exec-managerial,Husband,Asian-Pac-Islander,Male,0.0,0.0,50,Japan,>50K
70,Private,50468.0,HS-grad,9,Divorced,Handlers-cleaners,Not-in-family,White,Male,0.0,3175.0,15,United-States,<=50K
28,Private,64940.0,Some-college,10,Never-married,Other-service,Own-child,White,Female,0.0,0.0,30,United-States,<=50K
33,Private,187618.0,Bachelors,13,Never-married,Prof-specialty,Own-child,White,Male,0.0,1741.0,40,United-States,<=50K
41,Private,293791.0,Assoc-voc,11,Married-civ-spouse,Transport-moving,Husband,White,Male,0.0,0.0,55,United-States,<=50K
56,Self-emp-not-inc,48102.0,Some-college,10,Married-civ-spouse,Exec-managerial,Wife,White,Female,0.0,1977.0,50,United-States,>50K
50,Private,38540.0,HS-grad,9,Married-civ-spouse,Exec-managerial,Husband,White,Male,0.0,0.0,40,United-States,<=50K
33,Private,214635.0,HS-grad,9,Married-civ-spouse,Exec-managerial,Husband,Black,Male,0.0,0.0,50,United-States,<=50K
56,Private,146660.0,HS-grad,9,Married-civ-spouse,Craft-repair,Husband,White,Male,0.0,0.0,60,United-States,<=50K
44,Private,279183.0,Some-college,10,Married-civ-spouse,Other-service,Own-child,White,Female,0.0,0.0,40,United-States,>50K
71,Private,148003.0,Bachelors,13,Divorced,Sales,Not-in-family,White,Female,0.0,1911.0,38,United-States,>50K
36,Local-gov,187411.0,Masters,14,Never-married,Prof-specialty,Not-in-family,White,Male,0.0,0.0,50,United-States,>50K
62,Self-emp-not-inc,71467.0,Bachelors,13,Married-civ-spouse,Craft-repair,Husband,White,Male,0.0,0.0,55,United-States,>50K
39,Self-emp-not-inc,188571.0,Assoc-voc,11,Married-civ-spouse,Farming-fishing,Husband,White,Male,0.0,0.0,60,United-States,<=50K
36,State-gov,135874.0,Bachelors,13,Married-civ-spouse,Sales,Husband,White,Male,0.0,0.0,40,United-States,<=50K
23,Private,73514.0,HS-grad,9,Never-married,Adm-clerical,Own-child,Asian-Pac-Islander,Female,0.0,0.0,40,Vietnam,<=50K
49,Federal-gov,195949.0,HS-grad,9,Married-civ-spouse,Machine-op-inspct,Husband,White,Male,0.0,0.0,40,United-States,<=50K
45,State-gov,110311.0,Masters,14,Divorced,Exec-managerial,Unmarried,White,Female,0.0,0.0,40,United-States,<=50K
22,Private,427686.0,10th,6,Divorced,Craft-repair,Own-child,White,Male,0.0,0.0,40,United-States,<=50K
19,Private,425816.0,Some-college,10,Never-married,Sales,Unmarried,Black,Female,0.0,0.0,40,United-States,<=50K
24,Private,314440.0,HS-grad,9,Never-married,Machine-op-inspct,Not-in-family,White,Female,0.0,0.0,40,United-States,<=50K
36,Private,338033.0,Some-college,10,Divorced,Sales,Unmarried,White,Female,0.0,0.0,40,United-States,<=50K
56,Private,33115.0,HS-grad,9,Divorced,Other-service,Unmarried,White,Female,0.0,0.0,40,United-States,<=50K
34,Private,142897.0,Masters,14,Married-civ-spouse,Exec-managerial,Husband,Asian-Pac-Islander,Male,7298.0,0.0,35,Taiwan,>50K
30,Private,70377.0,HS-grad,9,Divorced,Prof-specialty,Own-child,White,Female,0.0,0.0,40,United-States,<=50K
43,Private,33126.0,Some-college,10,Married-civ-spouse,Exec-managerial,Husband,White,Male,0.0,0.0,50,United-States,<=50K
21,Private,306114.0,Some-college,10,Never-married,Adm-clerical,Own-child,White,Male,0.0,0.0,20,United-States,<=50K
63,Private,273010.0,HS-grad,9,Married-civ-spouse,Adm-clerical,Wife,White,Female,3471.0,0.0,40,United-States,<=50K
49,Private,98092.0,HS-grad,9,Married-civ-spouse,Craft-repair,Husband,White,Male,0.0,0.0,40,United-States,>50K
43,Local-gov,223861.0,Assoc-voc,11,Divorced,Exec-managerial,Not-in-family,White,Female,0.0,0.0,40,United-States,<=50K
35,State-gov,52738.0,HS-grad,9,Never-married,Other-service,Other-relative,White,Male,0.0,0.0,40,United-States,<=50K
35,Private,67728.0,Some-college,10,Married-civ-spouse,Craft-repair,Husband,White,Male,0.0,2051.0,45,United-States,<=50K
51,Private,138251.0,HS-grad,9,Married-civ-spouse,Transport-moving,Husband,White,Male,0.0,0.0,60,United-States,<=50K
32,Private,164190.0,Some-college,10,Never-married,Exec-managerial,Own-child,White,Male,0.0,0.0,40,United-States,<=50K
49,Private,380922.0,Masters,14,Married-civ-spouse,Exec-managerial,Husband,White,Male,15024.0,0.0,80,United-States,>50K
23,Local-gov,210029.0,Some-college,10,Never-married,Adm-clerical,Own-child,White,Female,0.0,0.0,20,United-States,<=50K
57,Private,167864.0,Assoc-voc,11,Widowed,Prof-specialty,Not-in-family,White,Female,0.0,0.0,40,United-States,<=50K
46,Private,85109.0,Some-college,10,Married-civ-spouse,Machine-op-inspct,Husband,White,Male,0.0,1628.0,40,United-States,<=50K
20,Private,258430.0,Some-college,10,Never-married,Other-service,Own-child,White,Female,0.0,0.0,19,United-States,<=50K
23,State-gov,103588.0,Some-college,10,Never-married,Adm-clerical,Own-child,White,Male,0.0,0.0,25,United-States,<=50K
23,Private,146178.0,HS-grad,9,Separated,Adm-clerical,Other-relative,White,Male,0.0,0.0,46,United-States,<=50K
36,Private,229180.0,Some-college,10,Divorced,Craft-repair,Unmarried,White,Female,0.0,0.0,40,Cuba,<=50K
64,Self-emp-not-inc,234192.0,7th-8th,4,Married-civ-spouse,Farming-fishing,Husband,White,Male,0.0,0.0,80,United-States,<=50K
31,Private,363130.0,Some-college,10,Married-civ-spouse,Exec-managerial,Husband,Black,Male,0.0,0.0,40,United-States,>50K
56,State-gov,110257.0,HS-grad,9,Married-civ-spouse,Adm-clerical,Husband,White,Male,0.0,0.0,40,United-States,<=50K
28,Private,250135.0,HS-grad,9,Never-married,Prof-specialty,Other-relative,White,Female,0.0,0.0,40,United-States,<=50K
44,Private,209174.0,Bachelors,13,Married-civ-spouse,Exec-managerial,Husband,White,Male,0.0,0.0,70,United-States,>50K
51,Local-gov,35211.0,Masters,14,Married-civ-spouse,Prof-specialty,Husband,Amer-Indian-Eskimo,Male,0.0,0.0,40,United-States,<=50K
35,Private,219546.0,Some-college,10,Never-married,Craft-repair,Not-in-family,White,Male,0.0,0.0,45,Germany,<=50K
20,Private,291979.0,HS-grad,9,Never-married,Sales,Own-child,White,Male,0.0,0.0,40,United-States,<=50K
19,Private,37688.0,HS-grad,9,Never-married,Other-service,Own-child,White,Male,0.0,0.0,25,United-States,<=50K
28,Private,192283.0,Masters,14,Married-spouse-absent,Sales,Not-in-family,White,Female,0.0,0.0,80,United-States,>50K
34,Private,102130.0,HS-grad,9,Married-civ-spouse,Sales,Husband,White,Male,0.0,0.0,65,United-States,>50K
63,Private,236338.0,HS-grad,9,Married-civ-spouse,Sales,Wife,White,Female,0.0,0.0,35,United-States,<=50K
32,Private,72887.0,Some-college,10,Married-civ-spouse,Sales,Husband,Asian-Pac-Islander,Male,0.0,0.0,40,United-States,>50K
23,Private,200967.0,11th,7,Never-married,Other-service,Not-in-family,White,Female,0.0,0.0,24,United-States,<=50K
28,Private,614113.0,Some-college,10,Separated,Adm-clerical,Unmarried,Black,Female,0.0,0.0,30,United-States,<=50K
45,Self-emp-inc,36228.0,Bachelors,13,Married-civ-spouse,Farming-fishing,Husband,White,Male,4386.0,0.0,35,United-States,>50K
55,Private,141807.0,Doctorate,16,Married-civ-spouse,Exec-managerial,Husband,White,Male,0.0,0.0,40,United-States,>50K
35,Private,192251.0,HS-grad,9,Divorced,Adm-clerical,Own-child,White,Female,0.0,0.0,40,United-States,<=50K
47,Private,254367.0,Some-college,10,Married-civ-spouse,Exec-managerial,Husband,White,Male,0.0,0.0,50,United-States,>50K
25,Private,181054.0,Bachelors,13,Never-married,Sales,Not-in-family,White,Female,0.0,0.0,40,United-States,<=50K
69,Private,197080.0,12th,8,Married-civ-spouse,Transport-moving,Husband,White,Male,9386.0,0.0,60,United-States,>50K
26,Private,202033.0,Bachelors,13,Married-civ-spouse,Transport-moving,Husband,White,Male,0.0,0.0,40,United-States,>50K
57,Self-emp-not-inc,149168.0,Some-college,10,Married-civ-spouse,Exec-managerial,Husband,White,Male,0.0,0.0,55,United-States,<=50K
24,Local-gov,317443.0,Bachelors,13,Married-civ-spouse,Prof-specialty,Wife,Black,Female,0.0,0.0,40,United-States,<=50K
38,Self-emp-not-inc,589838.0,HS-grad,9,Married-civ-spouse,Craft-repair,Husband,White,Male,0.0,0.0,47,United-States,<=50K
37,Private,118486.0,Bachelors,13,Separated,Prof-specialty,Unmarried,White,Female,4934.0,0.0,32,United-States,>50K
38,Private,210844.0,Some-college,10,Married-civ-spouse,Craft-repair,Husband,White,Male,0.0,2042.0,40,Columbia,<=50K
44,Private,187376.0,Assoc-acdm,12,Separated,Adm-clerical,Not-in-family,White,Male,0.0,0.0,35,United-States,<=50K
46,Private,423222.0,Some-college,10,Married-civ-spouse,Craft-repair,Husband,White,Male,3103.0,0.0,60,United-States,>50K
38,Local-gov,236687.0,Some-college,10,Never-married,Prof-specialty,Own-child,White,Male,0.0,0.0,40,United-States,<=50K
90,Private,88991.0,Bachelors,13,Married-civ-spouse,Exec-managerial,Wife,White,Female,0.0,0.0,40,England,>50K
52,Self-emp-not-inc,168553.0,7th-8th,4,Married-civ-spouse,Transport-moving,Husband,White,Male,0.0,0.0,40,United-States,<=50K
36,State-gov,212143.0,Bachelors,13,Married-civ-spouse,Adm-clerical,Wife,White,Female,0.0,0.0,20,United-States,>50K
27,Self-emp-not-inc,328518.0,Assoc-voc,11,Never-married,Prof-specialty,Other-relative,White,Male,0.0,0.0,30,United-States,<=50K
20,Private,165097.0,HS-grad,9,Never-married,Craft-repair,Not-in-family,White,Male,0.0,0.0,40,United-States,<=50K
62,Private,190610.0,Bachelors,13,Married-civ-spouse,Exec-managerial,Husband,White,Male,0.0,0.0,50,United-States,>50K
49,Private,182313.0,HS-grad,9,Divorced,Handlers-cleaners,Not-in-family,White,Male,0.0,0.0,40,United-States,<=50K
18,Private,92112.0,HS-grad,9,Never-married,Other-service,Own-child,White,Female,0.0,0.0,30,United-States,<=50K
52,Private,185283.0,Masters,14,Never-married,Prof-specialty,Not-in-family,White,Male,0.0,0.0,40,United-States,<=50K
37,Local-gov,117683.0,HS-grad,9,Married-civ-spouse,Protective-serv,Husband,White,Male,0.0,0.0,40,United-States,<=50K
36,Private,262688.0,Some-college,10,Married-civ-spouse,Sales,Husband,Black,Male,7688.0,0.0,50,United-States,>50K
26,Private,303973.0,HS-grad,9,Never-married,Priv-house-serv,Other-relative,White,Female,0.0,1602.0,15,Mexico,<=50K
34,Local-gov,211239.0,Bachelors,13,Divorced,Prof-specialty,Unmarried,White,Female,6497.0,0.0,40,United-States,<=50K
43,Local-gov,35824.0,Masters,14,Married-civ-spouse,Prof-specialty,Wife,White,Female,0.0,0.0,40,United-States,>50K
29,Private,151382.0,HS-grad,9,Married-civ-spouse,Transport-moving,Husband,White,Male,0.0,0.0,60,United-States,<=50K
60,Private,232618.0,Bachelors,13,Married-civ-spouse,Exec-managerial,Husband,White,Male,0.0,0.0,35,United-States,>50K
31,Private,217803.0,HS-grad,9,Divorced,Sales,Not-in-family,White,Female,0.0,0.0,32,United-States,<=50K
40,Private,353432.0,10th,6,Divorced,Machine-op-inspct,Not-in-family,White,Female,0.0,0.0,35,United-States,<=50K
34,Private,117444.0,Bachelors,13,Married-civ-spouse,Exec-managerial,Husband,White,Male,0.0,0.0,65,United-States,>50K
58,Private,119751.0,HS-grad,9,Married-civ-spouse,Priv-house-serv,Other-relative,Asian-Pac-Islander,Female,0.0,0.0,60,Philippines,<=50K
45,Private,34419.0,Bachelors,13,Never-married,Transport-moving,Not-in-family,White,Male,0.0,0.0,30,United-States,<=50K
57,Self-emp-not-inc,24473.0,Assoc-voc,11,Married-civ-spouse,Craft-repair,Husband,White,Male,0.0,0.0,40,United-States,>50K
45,Private,371886.0,Bachelors,13,Never-married,Prof-specialty,Not-in-family,White,Male,0.0,0.0,46,United-States,<=50K
25,Private,262778.0,Masters,14,Never-married,Other-service,Not-in-family,White,Female,0.0,0.0,37,United-States,<=50K
17,Private,23856.0,11th,7,Never-married,Exec-managerial,Own-child,White,Female,0.0,0.0,20,United-States,<=50K
44,Private,104269.0,HS-grad,9,Married-civ-spouse,Craft-repair,Husband,Black,Male,0.0,0.0,40,United-States,>50K
74,Private,54732.0,Some-college,10,Married-civ-spouse,Sales,Husband,White,Male,0.0,0.0,20,United-States,>50K
26,Private,177625.0,HS-grad,9,Never-married,Tech-support,Not-in-family,White,Male,0.0,0.0,40,United-States,<=50K
53,Federal-gov,84278.0,Bachelors,13,Married-civ-spouse,Exec-managerial,Husband,White,Male,0.0,0.0,48,United-States,>50K
56,Private,100285.0,Some-college,10,Married-civ-spouse,Tech-support,Husband,White,Male,0.0,0.0,45,United-States,<=50K
22,Private,359759.0,Some-college,10,Never-married,Sales,Not-in-family,Asian-Pac-Islander,Male,0.0,0.0,20,Philippines,<=50K
29,Private,197565.0,HS-grad,9,Married-civ-spouse,Other-service,Wife,White,Female,0.0,1902.0,35,United-States,>50K
29,Private,285294.0,Assoc-acdm,12,Never-married,Adm-clerical,Unmarried,Black,Female,0.0,0.0,40,United-States,<=50K
28,Private,103548.0,Bachelors,13,Married-civ-spouse,Prof-specialty,Husband,White,Male,0.0,0.0,40,United-States,<=50K
36,Private,128757.0,Bachelors,13,Married-civ-spouse,Other-service,Husband,Black,Male,7298.0,0.0,36,United-States,>50K
45,Self-emp-not-inc,70754.0,Prof-school,15,Married-civ-spouse,Prof-specialty,Husband,White,Male,7298.0,0.0,60,United-States,>50K
36,Private,386726.0,Masters,14,Married-civ-spouse,Prof-specialty,Wife,White,Female,0.0,1977.0,44,United-States,>50K
22,Private,222993.0,HS-grad,9,Never-married,Prof-specialty,Own-child,White,Male,0.0,0.0,54,United-States,<=50K
44,Self-emp-inc,153132.0,Bachelors,13,Married-civ-spouse,Exec-managerial,Husband,White,Male,7688.0,0.0,52,United-States,>50K
24,Private,283092.0,HS-grad,9,Never-married,Adm-clerical,Other-relative,Black,Male,0.0,0.0,40,Jamaica,<=50K
20,Private,344492.0,HS-grad,9,Separated,Sales,Own-child,White,Female,0.0,0.0,26,United-States,<=50K
21,Private,146499.0,Assoc-voc,11,Married-civ-spouse,Adm-clerical,Other-relative,White,Female,0.0,1579.0,40,United-States,<=50K
46,Private,238162.0,Bachelors,13,Married-civ-spouse,Craft-repair,Husband,White,Male,0.0,0.0,45,United-States,>50K
38,Private,275338.0,Some-college,10,Never-married,Sales,Own-child,White,Female,0.0,0.0,45,United-States,<=50K
43,Private,149102.0,Bachelors,13,Married-civ-spouse,Adm-clerical,Husband,White,Male,0.0,0.0,40,United-States,>50K
72,Private,181494.0,HS-grad,9,Widowed,Other-service,Unmarried,White,Female,0.0,0.0,25,United-States,<=50K
47,Private,39530.0,HS-grad,9,Divorced,Other-service,Not-in-family,White,Female,0.0,0.0,4,United-States,<=50K
33,Private,388672.0,Assoc-voc,11,Married-civ-spouse,Craft-repair,Husband,White,Male,0.0,0.0,60,United-States,<=50K
24,Private,179203.0,12th,8,Never-married,Sales,Other-relative,White,Male,0.0,0.0,55,United-States,<=50K
23,Private,203003.0,7th-8th,4,Never-married,Craft-repair,Not-in-family,White,Male,0.0,0.0,25,Germany,<=50K
76,Private,127016.0,7th-8th,4,Widowed,Priv-house-serv,Not-in-family,White,Female,0.0,0.0,40,United-States,<=50K
23,State-gov,142547.0,HS-grad,9,Married-civ-spouse,Exec-managerial,Husband,White,Male,0.0,0.0,40,United-States,<=50K
20,Private,221095.0,HS-grad,9,Never-married,Craft-repair,Other-relative,Black,Male,0.0,0.0,40,United-States,<=50K
32,Private,102858.0,Assoc-acdm,12,Married-civ-spouse,Prof-specialty,Husband,White,Male,0.0,2002.0,42,United-States,<=50K
58,Private,151910.0,HS-grad,9,Widowed,Adm-clerical,Unmarried,White,Female,0.0,0.0,40,United-States,<=50K
75,Private,187424.0,HS-grad,9,Married-civ-spouse,Craft-repair,Husband,White,Male,0.0,0.0,20,United-States,<=50K
31,Private,118901.0,Bachelors,13,Divorced,Adm-clerical,Unmarried,White,Female,0.0,0.0,45,United-States,<=50K
21,Private,322674.0,Some-college,10,Never-married,Other-service,Not-in-family,White,Male,0.0,0.0,32,United-States,<=50K
46,Private,263568.0,HS-grad,9,Married-civ-spouse,Machine-op-inspct,Husband,White,Male,0.0,0.0,40,United-States,<=50K
24,Self-emp-not-inc,172047.0,Assoc-acdm,12,Never-married,Craft-repair,Own-child,White,Male,0.0,0.0,40,United-States,<=50K
51,Private,163027.0,HS-grad,9,Divorced,Handlers-cleaners,Unmarried,White,Female,0.0,0.0,20,United-States,<=50K
28,Private,202206.0,HS-grad,9,Married-civ-spouse,Machine-op-inspct,Husband,White,Male,0.0,0.0,50,Puerto-Rico,<=50K
25,Private,206343.0,HS-grad,9,Never-married,Protective-serv,Other-relative,White,Male,0.0,0.0,40,United-States,<=50K
36,Private,174242.0,Bachelors,13,Never-married,Exec-managerial,Not-in-family,White,Male,0.0,0.0,60,United-States,<=50K
47,Private,341814.0,Bachelors,13,Married-civ-spouse,Prof-specialty,Wife,White,Female,0.0,0.0,45,United-States,<=50K
36,Federal-gov,253627.0,Some-college,10,Married-civ-spouse,Adm-clerical,Husband,White,Male,0.0,0.0,40,Puerto-Rico,>50K
66,Self-emp-not-inc,140456.0,Bachelors,13,Married-civ-spouse,Sales,Husband,White,Male,0.0,0.0,40,United-States,>50K
52,Private,186303.0,Some-college,10,Married-civ-spouse,Exec-managerial,Husband,White,Male,15024.0,0.0,55,Canada,>50K
31,State-gov,176998.0,Some-college,10,Married-civ-spouse,Craft-repair,Husband,White,Male,0.0,0.0,35,United-States,>50K
17,Private,46496.0,11th,7,Never-married,Other-service,Own-child,White,Male,0.0,0.0,5,United-States,<=50K
39,Private,245053.0,Bachelors,13,Married-civ-spouse,Prof-specialty,Husband,White,Male,0.0,0.0,50,United-States,>50K
21,Private,207103.0,HS-grad,9,Never-married,Handlers-cleaners,Own-child,White,Male,0.0,0.0,40,United-States,<=50K
35,Private,240389.0,Some-college,10,Married-civ-spouse,Sales,Husband,White,Male,0.0,0.0,43,United-States,>50K
57,Private,299358.0,HS-grad,9,Widowed,Other-service,Other-relative,White,Female,0.0,1719.0,25,United-States,<=50K
26,Private,28856.0,Bachelors,13,Never-married,Tech-support,Not-in-family,White,Female,0.0,0.0,40,United-States,<=50K
21,Private,130534.0,10th,6,Never-married,Craft-repair,Not-in-family,White,Male,0.0,0.0,50,United-States,<=50K
43,Private,107584.0,Some-college,10,Married-civ-spouse,Sales,Husband,White,Male,0.0,0.0,55,United-States,<=50K
43,Self-emp-not-inc,325775.0,HS-grad,9,Married-civ-spouse,Adm-clerical,Wife,White,Female,0.0,0.0,15,United-States,<=50K
37,Private,126011.0,Assoc-voc,11,Divorced,Tech-support,Own-child,White,Male,0.0,0.0,40,United-States,<=50K
19,Private,196857.0,HS-grad,9,Never-married,Other-service,Not-in-family,White,Female,0.0,0.0,40,United-States,<=50K
45,Private,123844.0,HS-grad,9,Divorced,Other-service,Own-child,White,Female,0.0,0.0,60,United-States,<=50K
59,Private,158776.0,9th,5,Married-civ-spouse,Machine-op-inspct,Husband,White,Male,0.0,0.0,40,United-States,<=50K
31,Private,46807.0,Bachelors,13,Never-married,Tech-support,Not-in-family,White,Male,0.0,0.0,40,United-States,<=50K
34,Private,127651.0,HS-grad,9,Married-civ-spouse,Exec-managerial,Husband,White,Male,0.0,0.0,45,United-States,>50K
26,Private,256263.0,HS-grad,9,Never-married,Craft-repair,Not-in-family,White,Male,0.0,0.0,25,United-States,<=50K
22,Private,46645.0,Bachelors,13,Never-married,Prof-specialty,Not-in-family,White,Female,0.0,0.0,9,United-States,<=50K
22,Private,173004.0,HS-grad,9,Never-married,Machine-op-inspct,Other-relative,Black,Male,0.0,0.0,1,United-States,<=50K
33,Private,50276.0,Bachelors,13,Never-married,Exec-managerial,Not-in-family,White,Male,0.0,0.0,40,United-States,<=50K
17,Private,132859.0,10th,6,Never-married,Other-service,Other-relative,White,Male,0.0,0.0,35,United-States,<=50K
41,Private,288679.0,HS-grad,9,Married-civ-spouse,Craft-repair,Husband,White,Male,0.0,0.0,40,United-States,<=50K
62,Self-emp-inc,163234.0,Bachelors,13,Married-civ-spouse,Exec-managerial,Husband,White,Male,0.0,1902.0,55,United-States,>50K
29,Private,383402.0,Some-college,10,Divorced,Other-service,Not-in-family,White,Female,0.0,0.0,35,United-States,<=50K
24,Private,240063.0,Bachelors,13,Never-married,Prof-specialty,Not-in-family,White,Male,0.0,0.0,20,United-States,<=50K
29,Private,236992.0,HS-grad,9,Married-civ-spouse,Other-service,Husband,Black,Male,0.0,0.0,50,United-States,<=50K
23,Private,126945.0,Some-college,10,Never-married,Prof-specialty,Not-in-family,White,Male,0.0,0.0,25,United-States,<=50K
28,Private,66777.0,Assoc-voc,11,Married-civ-spouse,Other-service,Other-relative,White,Female,3137.0,0.0,40,United-States,<=50K
45,Local-gov,364563.0,HS-grad,9,Married-civ-spouse,Transport-moving,Husband,White,Male,0.0,0.0,40,United-States,>50K
40,Private,346847.0,Assoc-voc,11,Separated,Prof-specialty,Other-relative,White,Female,0.0,0.0,40,United-States,<=50K
31,Private,184570.0,HS-grad,9,Never-married,Adm-clerical,Not-in-family,White,Female,0.0,0.0,40,United-States,<=50K
40,Private,141657.0,HS-grad,9,Divorced,Adm-clerical,Unmarried,White,Female,0.0,0.0,40,United-States,<=50K
58,Private,158002.0,Some-college,10,Married-civ-spouse,Sales,Husband,Black,Male,0.0,0.0,40,United-States,<=50K
29,Private,184078.0,HS-grad,9,Never-married,Other-service,Other-relative,White,Female,0.0,0.0,40,United-States,<=50K
40,Self-emp-not-inc,192507.0,Assoc-acdm,12,Divorced,Prof-specialty,Not-in-family,White,Female,0.0,0.0,50,United-States,<=50K
21,Private,225823.0,Some-college,10,Never-married,Adm-clerical,Not-in-family,White,Female,0.0,0.0,40,United-States,<=50K
36,Private,58602.0,5th-6th,3,Never-married,Other-service,Not-in-family,White,Male,0.0,0.0,35,United-States,<=50K
51,Self-emp-not-inc,34067.0,HS-grad,9,Married-civ-spouse,Craft-repair,Husband,White,Male,0.0,0.0,40,United-States,<=50K
21,Private,434102.0,Some-college,10,Never-married,Adm-clerical,Not-in-family,White,Female,0.0,0.0,40,United-States,<=50K
33,Private,206609.0,Bachelors,13,Married-civ-spouse,Exec-managerial,Husband,White,Male,0.0,0.0,45,United-States,<=50K
19,Private,106306.0,Some-college,10,Divorced,Other-service,Own-child,White,Female,0.0,0.0,40,United-States,<=50K
36,Private,220511.0,Some-college,10,Married-civ-spouse,Craft-repair,Husband,White,Male,0.0,0.0,40,United-States,<=50K
18,Private,115725.0,11th,7,Never-married,Other-service,Own-child,White,Female,0.0,0.0,12,United-States,<=50K
31,Private,329172.0,Some-college,10,Divorced,Adm-clerical,Unmarried,White,Female,0.0,0.0,40,United-States,<=50K
33,Private,67072.0,HS-grad,9,Married-civ-spouse,Sales,Husband,White,Male,0.0,0.0,50,United-States,>50K
30,Private,685955.0,Bachelors,13,Never-married,Sales,Unmarried,Black,Male,0.0,0.0,50,United-States,<=50K
23,Private,42251.0,Bachelors,13,Never-married,Prof-specialty,Not-in-family,White,Female,0.0,0.0,40,United-States,<=50K
61,Private,181200.0,HS-grad,9,Divorced,Transport-moving,Not-in-family,White,Male,0.0,1564.0,40,United-States,>50K
34,Private,229731.0,HS-grad,9,Married-spouse-absent,Other-service,Not-in-family,White,Female,0.0,0.0,35,El-Salvador,<=50K
51,Private,289436.0,Bachelors,13,Married-civ-spouse,Exec-managerial,Husband,White,Male,0.0,0.0,60,United-States,>50K
49,Federal-gov,175428.0,Some-college,10,Married-civ-spouse,Adm-clerical,Husband,White,Male,0.0,0.0,40,United-States,>50K
55,Local-gov,190091.0,Masters,14,Married-civ-spouse,Prof-specialty,Husband,White,Male,0.0,0.0,50,United-States,>50K
38,Private,166988.0,Bachelors,13,Never-married,Adm-clerical,Own-child,White,Female,0.0,0.0,40,United-States,<=50K
31,Self-emp-not-inc,203181.0,10th,6,Married-civ-spouse,Craft-repair,Husband,White,Male,0.0,0.0,35,United-States,<=50K
39,Local-gov,143385.0,HS-grad,9,Married-civ-spouse,Craft-repair,Husband,White,Male,0.0,0.0,40,United-States,<=50K
23,Local-gov,287988.0,Bachelors,13,Never-married,Prof-specialty,Not-in-family,White,Male,0.0,0.0,40,United-States,<=50K
56,Local-gov,129762.0,Some-college,10,Divorced,Adm-clerical,Not-in-family,White,Female,0.0,0.0,35,United-States,<=50K
37,Private,335168.0,Some-college,10,Married-civ-spouse,Sales,Husband,White,Male,0.0,0.0,55,United-States,<=50K
21,Local-gov,166827.0,Some-college,10,Never-married,Other-service,Not-in-family,White,Female,0.0,0.0,32,United-States,<=50K
33,Private,133861.0,HS-grad,9,Married-civ-spouse,Craft-repair,Husband,White,Male,0.0,0.0,62,United-States,<=50K
30,Private,331419.0,Assoc-acdm,12,Never-married,Craft-repair,Not-in-family,White,Male,4787.0,0.0,50,United-States,>50K
36,Local-gov,285865.0,Bachelors,13,Never-married,Adm-clerical,Not-in-family,Black,Female,0.0,0.0,40,United-States,<=50K
32,Local-gov,223267.0,Masters,14,Married-civ-spouse,Prof-specialty,Husband,White,Male,0.0,0.0,48,United-States,<=50K
32,Private,329432.0,Masters,14,Never-married,Adm-clerical,Unmarried,White,Female,0.0,0.0,40,United-States,<=50K
32,Private,129020.0,Bachelors,13,Married-civ-spouse,Other-service,Husband,White,Male,0.0,0.0,40,United-States,<=50K
38,Private,34378.0,7th-8th,4,Married-civ-spouse,Craft-repair,Husband,White,Male,0.0,0.0,40,United-States,<=50K
36,Private,188834.0,HS-grad,9,Married-civ-spouse,Craft-repair,Husband,White,Male,0.0,0.0,40,United-States,<=50K
42,Self-emp-inc,120277.0,Masters,14,Married-civ-spouse,Exec-managerial,Husband,White,Male,0.0,0.0,40,United-States,>50K
27,Without-pay,35034.0,HS-grad,9,Never-married,Farming-fishing,Own-child,White,Female,0.0,0.0,40,United-States,<=50K
59,Self-emp-inc,155259.0,Some-college,10,Married-civ-spouse,Exec-managerial,Wife,White,Female,0.0,0.0,20,United-States,<=50K
28,Private,168901.0,Bachelors,13,Married-civ-spouse,Prof-specialty,Husband,Asian-Pac-Islander,Male,0.0,0.0,40,Taiwan,<=50K
40,Local-gov,34540.0,Masters,14,Divorced,Prof-specialty,Unmarried,White,Female,0.0,0.0,44,United-States,<=50K
35,Private,51700.0,HS-grad,9,Married-civ-spouse,Transport-moving,Husband,White,Male,0.0,0.0,40,United-States,<=50K
54,Private,165001.0,HS-grad,9,Married-civ-spouse,Exec-managerial,Husband,White,Male,0.0,0.0,48,United-States,>50K
33,Self-emp-not-inc,167476.0,11th,7,Divorced,Handlers-cleaners,Not-in-family,White,Male,0.0,0.0,7,United-States,<=50K
58,State-gov,136982.0,HS-grad,9,Married-spouse-absent,Other-service,Unmarried,Black,Female,0.0,0.0,40,Honduras,<=50K
54,Private,146325.0,Bachelors,13,Married-civ-spouse,Adm-clerical,Husband,White,Male,0.0,0.0,40,United-States,>50K
25,Private,211424.0,Bachelors,13,Never-married,Other-service,Own-child,White,Male,0.0,0.0,40,United-States,<=50K
58,Self-emp-inc,329793.0,Bachelors,13,Married-civ-spouse,Exec-managerial,Husband,White,Male,0.0,0.0,45,United-States,>50K
47,Private,120131.0,HS-grad,9,Married-civ-spouse,Craft-repair,Husband,White,Male,0.0,0.0,50,United-States,>50K
51,Private,306785.0,HS-grad,9,Divorced,Adm-clerical,Not-in-family,White,Female,0.0,0.0,40,United-States,<=50K
56,Private,92444.0,Some-college,10,Married-civ-spouse,Exec-managerial,Husband,Black,Male,0.0,0.0,50,United-States,>50K
55,Self-emp-not-inc,278228.0,10th,6,Married-civ-spouse,Sales,Husband,White,Male,0.0,0.0,35,United-States,<=50K
22,Private,190903.0,11th,7,Married-civ-spouse,Adm-clerical,Wife,White,Female,0.0,0.0,20,United-States,<=50K
41,Private,162140.0,HS-grad,9,Divorced,Craft-repair,Not-in-family,White,Male,0.0,2339.0,40,United-States,<=50K
24,Private,187229.0,HS-grad,9,Never-married,Handlers-cleaners,Own-child,Black,Female,0.0,0.0,40,United-States,<=50K
25,Private,430084.0,Some-college,10,Never-married,Transport-moving,Not-in-family,Black,Male,0.0,0.0,40,United-States,<=50K
48,Private,165484.0,Bachelors,13,Separated,Sales,Not-in-family,White,Male,0.0,0.0,65,United-States,>50K
26,Private,77661.0,Bachelors,13,Never-married,Prof-specialty,Not-in-family,White,Female,0.0,0.0,40,United-States,<=50K
30,Private,94145.0,HS-grad,9,Divorced,Adm-clerical,Unmarried,Black,Male,0.0,0.0,40,United-States,<=50K
48,Private,175958.0,Bachelors,13,Divorced,Prof-specialty,Not-in-family,White,Male,0.0,0.0,30,United-States,<=50K
79,Private,160758.0,7th-8th,4,Married-civ-spouse,Sales,Husband,White,Male,0.0,0.0,15,United-States,<=50K
45,Federal-gov,45891.0,Some-college,10,Divorced,Adm-clerical,Unmarried,White,Male,0.0,0.0,42,United-States,<=50K
35,Private,174571.0,HS-grad,9,Married-civ-spouse,Handlers-cleaners,Husband,Black,Male,0.0,0.0,40,United-States,<=50K
62,Private,77884.0,1st-4th,2,Married-civ-spouse,Other-service,Husband,Asian-Pac-Islander,Male,0.0,0.0,40,Philippines,<=50K
46,Private,174386.0,HS-grad,9,Never-married,Other-service,Unmarried,White,Female,0.0,0.0,24,United-States,<=50K
38,Private,32916.0,Some-college,10,Married-civ-spouse,Exec-managerial,Husband,White,Male,0.0,0.0,45,United-States,<=50K
31,Private,265706.0,HS-grad,9,Married-civ-spouse,Craft-repair,Husband,White,Male,7298.0,0.0,40,United-States,>50K
58,Federal-gov,129786.0,10th,6,Married-civ-spouse,Craft-repair,Husband,White,Male,0.0,0.0,40,United-States,<=50K
40,State-gov,377018.0,Bachelors,13,Married-civ-spouse,Prof-specialty,Husband,White,Male,0.0,0.0,60,United-States,>50K
53,Private,200576.0,11th,7,Divorced,Craft-repair,Other-relative,White,Female,0.0,0.0,40,United-States,<=50K
38,Local-gov,115634.0,Some-college,10,Married-civ-spouse,Exec-managerial,Husband,White,Male,0.0,0.0,40,United-States,<=50K
44,Self-emp-not-inc,247024.0,Bachelors,13,Married-civ-spouse,Sales,Husband,White,Male,0.0,0.0,50,United-States,<=50K
34,Private,117963.0,Prof-school,15,Married-civ-spouse,Prof-specialty,Husband,White,Male,0.0,0.0,50,United-States,>50K
30,Private,94235.0,Bachelors,13,Married-civ-spouse,Prof-specialty,Husband,White,Male,0.0,1977.0,50,United-States,>50K
46,Federal-gov,161337.0,Some-college,10,Divorced,Tech-support,Not-in-family,White,Male,0.0,0.0,40,United-States,<=50K
27,Private,263614.0,Assoc-acdm,12,Married-civ-spouse,Craft-repair,Husband,White,Male,0.0,0.0,45,United-States,>50K
41,Self-emp-not-inc,57924.0,Some-college,10,Married-civ-spouse,Farming-fishing,Husband,White,Male,7688.0,0.0,50,United-States,>50K
64,State-gov,417543.0,Doctorate,16,Widowed,Prof-specialty,Not-in-family,Black,Male,8614.0,0.0,50,United-States,>50K
41,Private,185267.0,Bachelors,13,Married-civ-spouse,Prof-specialty,Husband,White,Male,0.0,0.0,40,United-States,<=50K
32,Private,347623.0,HS-grad,9,Married-civ-spouse,Handlers-cleaners,Husband,White,Male,0.0,0.0,40,United-States,<=50K
19,Private,351757.0,10th,6,Never-married,Other-service,Unmarried,White,Male,0.0,0.0,30,El-Salvador,<=50K
49,Private,133669.0,Some-college,10,Married-civ-spouse,Adm-clerical,Husband,White,Male,0.0,0.0,40,United-States,>50K
53,Private,137428.0,7th-8th,4,Married-civ-spouse,Transport-moving,Husband,White,Male,0.0,0.0,60,United-States,>50K
53,Self-emp-not-inc,257940.0,7th-8th,4,Married-civ-spouse,Machine-op-inspct,Husband,White,Male,0.0,0.0,40,United-States,<=50K
68,Private,174895.0,HS-grad,9,Married-civ-spouse,Other-service,Husband,White,Male,0.0,0.0,40,United-States,<=50K
38,Private,213260.0,HS-grad,9,Separated,Protective-serv,Not-in-family,Black,Male,0.0,0.0,40,United-States,<=50K
25,Private,34402.0,Bachelors,13,Never-married,Exec-managerial,Not-in-family,White,Male,0.0,1590.0,60,United-States,<=50K
18,Private,50879.0,10th,6,Never-married,Other-service,Own-child,White,Male,0.0,0.0,6,United-States,<=50K
45,Private,166056.0,HS-grad,9,Divorced,Other-service,Unmarried,White,Female,0.0,0.0,40,United-States,<=50K
35,Private,129764.0,HS-grad,9,Married-civ-spouse,Transport-moving,Husband,White,Male,0.0,0.0,45,United-States,<=50K
36,Private,213277.0,Some-college,10,Married-civ-spouse,Craft-repair,Husband,White,Male,0.0,0.0,50,United-States,<=50K
56,Private,182062.0,Bachelors,13,Married-civ-spouse,Tech-support,Husband,White,Male,0.0,0.0,48,United-States,>50K
33,Private,69251.0,Assoc-voc,11,Never-married,Sales,Own-child,Asian-Pac-Islander,Male,0.0,0.0,40,Philippines,<=50K
47,Private,121124.0,Bachelors,13,Married-civ-spouse,Craft-repair,Husband,White,Male,15024.0,0.0,50,United-States,>50K
62,Self-emp-not-inc,215789.0,Masters,14,Married-civ-spouse,Exec-managerial,Husband,White,Male,0.0,1977.0,50,United-States,>50K
23,Private,340543.0,HS-grad,9,Separated,Adm-clerical,Not-in-family,White,Female,0.0,0.0,40,United-States,<=50K
31,Private,191001.0,HS-grad,9,Never-married,Sales,Not-in-family,White,Female,0.0,0.0,40,United-States,<=50K
49,Private,27614.0,HS-grad,9,Separated,Machine-op-inspct,Not-in-family,White,Female,0.0,0.0,40,United-States,<=50K
34,Private,378723.0,10th,6,Separated,Exec-managerial,Unmarried,White,Female,0.0,0.0,45,United-States,<=50K
42,Private,196626.0,7th-8th,4,Married-civ-spouse,Craft-repair,Husband,White,Male,0.0,0.0,40,United-States,<=50K
38,Private,255621.0,HS-grad,9,Married-civ-spouse,Other-service,Husband,White,Male,0.0,0.0,40,United-States,<=50K
40,Private,226388.0,HS-grad,9,Married-civ-spouse,Craft-repair,Husband,Black,Male,0.0,0.0,40,United-States,<=50K
24,Private,354351.0,HS-grad,9,Never-married,Craft-repair,Own-child,White,Male,0.0,0.0,40,United-States,<=50K
31,Private,173858.0,Prof-school,15,Married-civ-spouse,Tech-support,Husband,Asian-Pac-Islander,Male,0.0,0.0,40,India,<=50K
30,Private,277314.0,HS-grad,9,Separated,Machine-op-inspct,Not-in-family,Black,Male,0.0,0.0,40,United-States,<=50K
36,Private,174938.0,Bachelors,13,Divorced,Tech-support,Unmarried,White,Male,0.0,0.0,20,United-States,<=50K
23,Private,330571.0,Bachelors,13,Never-married,Adm-clerical,Own-child,White,Female,0.0,0.0,25,United-States,<=50K
41,Self-emp-not-inc,200574.0,Prof-school,15,Married-civ-spouse,Prof-specialty,Husband,White,Male,0.0,1977.0,60,United-States,>50K
28,Private,177955.0,11th,7,Married-civ-spouse,Adm-clerical,Wife,White,Female,0.0,0.0,40,Mexico,<=50K
20,Private,436253.0,Some-college,10,Never-married,Other-service,Own-child,White,Male,0.0,0.0,35,United-States,<=50K
33,Private,268147.0,9th,5,Never-married,Sales,Unmarried,White,Female,0.0,0.0,40,United-States,<=50K
17,Private,106733.0,11th,7,Never-married,Craft-repair,Own-child,White,Male,594.0,0.0,40,United-States,<=50K
39,Local-gov,98587.0,Some-college,10,Divorced,Prof-specialty,Own-child,White,Female,0.0,0.0,45,United-States,<=50K
39,Private,129597.0,Bachelors,13,Married-civ-spouse,Sales,Husband,White,Male,3464.0,0.0,40,United-States,<=50K
48,Private,75104.0,Bachelors,13,Married-civ-spouse,Prof-specialty,Husband,White,Male,0.0,0.0,50,United-States,<=50K
31,Private,176360.0,HS-grad,9,Never-married,Craft-repair,Own-child,Black,Male,0.0,0.0,40,United-States,<=50K
35,Private,172571.0,Bachelors,13,Married-civ-spouse,Prof-specialty,Husband,White,Male,0.0,0.0,50,United-States,<=50K
29,Private,169631.0,HS-grad,9,Married-spouse-absent,Adm-clerical,Own-child,White,Female,0.0,0.0,40,United-States,<=50K
22,Private,188779.0,Some-college,10,Never-married,Sales,Own-child,Black,Female,0.0,0.0,16,United-States,<=50K
65,Without-pay,172949.0,HS-grad,9,Married-civ-spouse,Transport-moving,Husband,White,Male,2414.0,0.0,20,United-States,<=50K
43,Private,248094.0,HS-grad,9,Married-civ-spouse,Machine-op-inspct,Husband,White,Male,0.0,0.0,44,United-States,>50K
37,Private,176357.0,Some-college,10,Divorced,Machine-op-inspct,Not-in-family,White,Male,0.0,0.0,40,United-States,<=50K
40,Self-emp-not-inc,93793.0,HS-grad,9,Married-civ-spouse,Craft-repair,Husband,White,Male,0.0,0.0,50,United-States,>50K
51,Local-gov,108435.0,HS-grad,9,Married-civ-spouse,Craft-repair,Husband,White,Male,0.0,0.0,40,United-States,<=50K
20,Private,344278.0,11th,7,Separated,Other-service,Own-child,White,Female,0.0,0.0,40,United-States,<=50K
33,Private,202046.0,Bachelors,13,Never-married,Handlers-cleaners,Not-in-family,White,Male,0.0,2001.0,40,United-States,<=50K
41,Private,221947.0,Some-college,10,Married-civ-spouse,Exec-managerial,Husband,White,Male,0.0,1887.0,50,United-States,>50K
64,Private,200517.0,HS-grad,9,Married-civ-spouse,Adm-clerical,Husband,White,Male,0.0,0.0,39,United-States,<=50K
51,Private,392668.0,Doctorate,16,Married-civ-spouse,Exec-managerial,Husband,White,Male,15024.0,0.0,84,United-States,>50K
45,Private,178319.0,Doctorate,16,Married-civ-spouse,Prof-specialty,Husband,White,Male,7688.0,0.0,50,United-States,>50K
40,State-gov,391736.0,Assoc-voc,11,Married-civ-spouse,Craft-repair,Husband,White,Male,0.0,0.0,40,United-States,<=50K
31,Private,42485.0,HS-grad,9,Married-civ-spouse,Machine-op-inspct,Husband,White,Male,0.0,0.0,55,United-States,<=50K
34,Private,410615.0,Assoc-acdm,12,Married-civ-spouse,Exec-managerial,Husband,White,Male,0.0,0.0,60,United-States,>50K
30,Private,143766.0,Some-college,10,Never-married,Craft-repair,Not-in-family,White,Male,0.0,0.0,40,United-States,<=50K
61,Private,111563.0,11th,7,Married-civ-spouse,Transport-moving,Husband,White,Male,0.0,0.0,27,United-States,<=50K
69,Self-emp-not-inc,165017.0,Prof-school,15,Married-civ-spouse,Prof-specialty,Husband,White,Male,0.0,0.0,40,United-States,>50K
23,Private,205865.0,Bachelors,13,Never-married,Exec-managerial,Own-child,White,Male,0.0,0.0,28,United-States,<=50K
27,Private,335015.0,Some-college,10,Married-civ-spouse,Tech-support,Husband,White,Male,0.0,0.0,65,United-States,<=50K
37,Private,29145.0,Assoc-voc,11,Never-married,Other-service,Not-in-family,White,Male,0.0,0.0,40,United-States,<=50K
48,Private,177211.0,11th,7,Married-civ-spouse,Machine-op-inspct,Husband,White,Male,0.0,0.0,40,United-States,<=50K
60,Self-emp-not-inc,224377.0,HS-grad,9,Married-civ-spouse,Sales,Husband,White,Male,0.0,0.0,40,United-States,<=50K
49,Private,34377.0,12th,8,Married-civ-spouse,Craft-repair,Husband,White,Male,0.0,0.0,40,United-States,>50K
33,Self-emp-inc,134737.0,HS-grad,9,Married-civ-spouse,Farming-fishing,Husband,White,Male,2829.0,0.0,70,United-States,<=50K
31,Private,172304.0,Some-college,10,Married-civ-spouse,Craft-repair,Husband,White,Male,0.0,0.0,50,United-States,>50K
56,Self-emp-not-inc,144351.0,HS-grad,9,Married-civ-spouse,Transport-moving,Husband,White,Male,0.0,0.0,90,United-States,<=50K
33,Private,405913.0,Some-college,10,Married-civ-spouse,Prof-specialty,Husband,White,Male,0.0,0.0,40,Peru,>50K
44,Private,106698.0,HS-grad,9,Divorced,Other-service,Unmarried,White,Female,0.0,0.0,40,United-States,<=50K
44,Self-emp-not-inc,325159.0,Some-college,10,Divorced,Farming-fishing,Unmarried,White,Male,0.0,0.0,40,United-States,<=50K
39,Self-emp-not-inc,139703.0,Some-college,10,Never-married,Prof-specialty,Not-in-family,Black,Female,0.0,0.0,48,United-States,>50K
51,Private,49017.0,HS-grad,9,Widowed,Other-service,Not-in-family,White,Female,0.0,0.0,24,United-States,<=50K
39,Self-emp-not-inc,176900.0,HS-grad,9,Married-civ-spouse,Other-service,Husband,White,Male,0.0,0.0,50,United-States,>50K
54,Private,179291.0,Some-college,10,Married-civ-spouse,Prof-specialty,Husband,Black,Male,0.0,0.0,56,Haiti,>50K
40,State-gov,150533.0,Bachelors,13,Married-civ-spouse,Prof-specialty,Other-relative,White,Male,0.0,0.0,40,United-States,<=50K
30,Private,169496.0,Masters,14,Married-civ-spouse,Other-service,Husband,White,Male,0.0,0.0,15,United-States,>50K
36,Private,251730.0,Some-college,10,Never-married,Sales,Not-in-family,White,Male,0.0,0.0,50,United-States,<=50K
43,State-gov,164790.0,Some-college,10,Divorced,Adm-clerical,Not-in-family,Black,Male,0.0,0.0,50,United-States,>50K
29,Private,187073.0,Bachelors,13,Never-married,Craft-repair,Not-in-family,White,Male,0.0,0.0,40,United-States,<=50K
33,Private,69727.0,7th-8th,4,Married-civ-spouse,Farming-fishing,Husband,White,Male,0.0,0.0,40,Mexico,<=50K
29,Private,273051.0,Bachelors,13,Married-civ-spouse,Exec-managerial,Husband,White,Male,0.0,0.0,52,Yugoslavia,>50K
50,Private,302372.0,Bachelors,13,Married-civ-spouse,Prof-specialty,Husband,White,Male,0.0,0.0,40,United-States,<=50K
21,State-gov,164922.0,Some-college,10,Never-married,Handlers-cleaners,Own-child,White,Male,0.0,0.0,40,United-States,<=50K
27,Private,96219.0,Bachelors,13,Never-married,Adm-clerical,Not-in-family,White,Female,0.0,0.0,45,United-States,<=50K
57,Private,81973.0,Bachelors,13,Married-civ-spouse,Sales,Husband,Asian-Pac-Islander,Male,15024.0,0.0,45,United-States,>50K
36,Self-emp-not-inc,219611.0,Bachelors,13,Never-married,Sales,Not-in-family,Black,Female,2174.0,0.0,50,United-States,<=50K
76,Private,124191.0,Masters,14,Married-civ-spouse,Exec-managerial,Husband,White,Male,0.0,0.0,40,United-States,>50K
54,Private,64421.0,Some-college,10,Widowed,Tech-support,Unmarried,White,Female,0.0,0.0,40,United-States,<=50K
48,State-gov,122066.0,HS-grad,9,Married-civ-spouse,Adm-clerical,Husband,White,Male,0.0,0.0,35,United-States,>50K
28,Self-emp-inc,37088.0,Bachelors,13,Never-married,Sales,Not-in-family,White,Male,0.0,0.0,50,United-States,<=50K
20,Private,194138.0,11th,7,Never-married,Craft-repair,Own-child,White,Male,0.0,0.0,20,United-States,<=50K
36,Private,29814.0,HS-grad,9,Never-married,Transport-moving,Other-relative,White,Male,0.0,0.0,50,United-States,<=50K
22,Private,268145.0,Bachelors,13,Never-married,Sales,Not-in-family,White,Female,0.0,0.0,40,United-States,<=50K
20,Private,151780.0,Assoc-voc,11,Never-married,Sales,Not-in-family,Black,Female,0.0,0.0,35,United-States,<=50K
26,Private,194352.0,Bachelors,13,Never-married,Prof-specialty,Own-child,White,Female,0.0,0.0,40,United-States,<=50K
26,Private,146343.0,Some-college,10,Married-civ-spouse,Sales,Wife,Black,Female,0.0,0.0,40,United-States,<=50K
32,Private,317809.0,Bachelors,13,Married-civ-spouse,Exec-managerial,Husband,White,Male,4064.0,0.0,50,United-States,<=50K
36,Private,398931.0,Bachelors,13,Married-civ-spouse,Sales,Husband,White,Male,0.0,1902.0,40,United-States,>50K
21,Local-gov,38771.0,Some-college,10,Never-married,Adm-clerical,Own-child,White,Male,0.0,0.0,40,United-States,<=50K
19,Private,238474.0,Some-college,10,Never-married,Sales,Own-child,White,Male,0.0,0.0,25,United-States,<=50K
47,Private,235431.0,Preschool,1,Never-married,Sales,Unmarried,Black,Female,0.0,0.0,40,Haiti,<=50K
55,Local-gov,61708.0,Bachelors,13,Married-civ-spouse,Exec-managerial,Husband,White,Male,0.0,0.0,40,United-States,>50K
27,Private,155038.0,Some-college,10,Never-married,Other-service,Own-child,Black,Male,0.0,0.0,40,United-States,<=50K
31,Private,102884.0,HS-grad,9,Married-civ-spouse,Machine-op-inspct,Husband,White,Male,0.0,0.0,50,United-States,<=50K
47,Private,97176.0,Some-college,10,Divorced,Exec-managerial,Unmarried,White,Female,0.0,0.0,40,United-States,<=50K
41,Self-emp-not-inc,145441.0,Assoc-voc,11,Married-civ-spouse,Craft-repair,Husband,White,Male,0.0,0.0,40,Yugoslavia,<=50K
25,Private,307643.0,Assoc-acdm,12,Married-civ-spouse,Craft-repair,Husband,White,Male,3103.0,0.0,45,United-States,>50K
21,Private,34506.0,HS-grad,9,Separated,Other-service,Own-child,White,Female,0.0,0.0,35,United-States,<=50K
90,Private,141758.0,9th,5,Never-married,Adm-clerical,Not-in-family,White,Female,0.0,0.0,40,United-States,<=50K
39,Self-emp-inc,163057.0,Some-college,10,Divorced,Craft-repair,Not-in-family,White,Male,0.0,0.0,99,United-States,<=50K
19,Private,150073.0,Some-college,10,Never-married,Handlers-cleaners,Other-relative,White,Male,0.0,0.0,25,United-States,<=50K
48,Private,99385.0,HS-grad,9,Separated,Adm-clerical,Not-in-family,White,Female,0.0,0.0,40,United-States,<=50K
45,Local-gov,181758.0,Masters,14,Never-married,Prof-specialty,Not-in-family,White,Female,0.0,0.0,40,United-States,<=50K
28,Private,478315.0,Bachelors,13,Never-married,Prof-specialty,Own-child,Black,Female,0.0,0.0,40,United-States,<=50K
48,Private,266764.0,Some-college,10,Married-civ-spouse,Craft-repair,Husband,White,Male,0.0,0.0,45,United-States,>50K
44,Self-emp-not-inc,157217.0,Bachelors,13,Never-married,Sales,Not-in-family,White,Male,0.0,0.0,42,United-States,<=50K
27,Private,420351.0,HS-grad,9,Never-married,Transport-moving,Own-child,White,Male,0.0,0.0,40,United-States,<=50K
18,Private,192022.0,Some-college,10,Never-married,Other-service,Own-child,White,Male,0.0,0.0,20,United-States,<=50K
29,Private,135791.0,Bachelors,13,Married-civ-spouse,Exec-managerial,Wife,White,Female,15024.0,0.0,50,Cuba,>50K
31,Private,236599.0,Bachelors,13,Married-civ-spouse,Exec-managerial,Husband,White,Male,0.0,0.0,45,United-States,>50K
36,Private,192939.0,Masters,14,Married-civ-spouse,Prof-specialty,Husband,White,Male,0.0,1977.0,60,United-States,>50K
30,Private,272432.0,HS-grad,9,Never-married,Tech-support,Unmarried,White,Female,0.0,0.0,40,United-States,<=50K
21,State-gov,129345.0,Some-college,10,Never-married,Protective-serv,Not-in-family,White,Male,0.0,0.0,40,United-States,<=50K
29,Private,100579.0,Assoc-voc,11,Divorced,Exec-managerial,Not-in-family,White,Female,0.0,0.0,40,United-States,<=50K
26,Private,29515.0,HS-grad,9,Divorced,Exec-managerial,Own-child,White,Male,0.0,0.0,40,United-States,<=50K
42,Self-emp-not-inc,200574.0,Prof-school,15,Never-married,Prof-specialty,Not-in-family,White,Male,0.0,0.0,38,United-States,<=50K
30,Private,633742.0,Some-college,10,Never-married,Craft-repair,Not-in-family,Black,Male,0.0,0.0,45,United-States,<=50K
17,Local-gov,236831.0,12th,8,Never-married,Adm-clerical,Own-child,Black,Female,0.0,0.0,15,United-States,<=50K
26,Private,414916.0,HS-grad,9,Never-married,Tech-support,Other-relative,White,Male,0.0,0.0,40,United-States,<=50K
42,State-gov,404573.0,Prof-school,15,Divorced,Prof-specialty,Unmarried,White,Female,0.0,0.0,40,United-States,<=50K
22,Private,212114.0,Bachelors,13,Never-married,Handlers-cleaners,Own-child,White,Female,0.0,0.0,15,United-States,<=50K
28,Private,89598.0,Bachelors,13,Never-married,Exec-managerial,Own-child,White,Female,0.0,0.0,45,United-States,<=50K
25,Private,193787.0,Some-college,10,Never-married,Tech-support,Own-child,White,Female,0.0,0.0,40,United-States,<=50K
19,Private,400356.0,Some-college,10,Married-spouse-absent,Adm-clerical,Own-child,White,Male,0.0,0.0,40,United-States,<=50K
22,Private,211361.0,Bachelors,13,Never-married,Exec-managerial,Not-in-family,White,Female,0.0,0.0,30,United-States,<=50K
66,Private,175558.0,7th-8th,4,Widowed,Other-service,Not-in-family,White,Female,0.0,0.0,20,Germany,<=50K
39,Private,188148.0,Some-college,10,Never-married,Handlers-cleaners,Unmarried,Black,Female,0.0,0.0,48,United-States,<=50K
21,Private,20728.0,HS-grad,9,Never-married,Sales,Own-child,White,Female,4101.0,0.0,40,United-States,<=50K
58,Private,117477.0,HS-grad,9,Divorced,Adm-clerical,Unmarried,Black,Female,0.0,0.0,36,United-States,<=50K
26,Private,342953.0,HS-grad,9,Separated,Adm-clerical,Unmarried,Black,Female,0.0,0.0,40,United-States,<=50K
40,Private,259757.0,Some-college,10,Married-civ-spouse,Sales,Husband,White,Male,0.0,0.0,50,United-States,<=50K
44,Private,205706.0,HS-grad,9,Never-married,Exec-managerial,Not-in-family,White,Female,0.0,0.0,40,United-States,<=50K
40,Private,103395.0,Some-college,10,Married-civ-spouse,Craft-repair,Husband,White,Male,0.0,0.0,45,United-States,>50K
33,Local-gov,156464.0,Masters,14,Married-civ-spouse,Exec-managerial,Husband,White,Male,0.0,0.0,40,United-States,<=50K
45,Private,204057.0,Bachelors,13,Divorced,Adm-clerical,Unmarried,White,Female,0.0,0.0,40,Germany,<=50K
35,Private,434114.0,HS-grad,9,Married-civ-spouse,Handlers-cleaners,Husband,White,Male,0.0,0.0,40,Mexico,<=50K
49,Self-emp-inc,235646.0,HS-grad,9,Never-married,Craft-repair,Not-in-family,White,Male,0.0,0.0,47,United-States,<=50K
46,Private,35961.0,Assoc-acdm,12,Divorced,Sales,Not-in-family,White,Female,0.0,0.0,25,Germany,<=50K
54,State-gov,93449.0,Masters,14,Married-civ-spouse,Prof-specialty,Husband,Asian-Pac-Islander,Male,0.0,0.0,40,India,>50K
35,Self-emp-inc,333636.0,HS-grad,9,Married-civ-spouse,Exec-managerial,Husband,Black,Male,0.0,0.0,75,United-States,<=50K
44,Local-gov,33068.0,12th,8,Married-civ-spouse,Craft-repair,Husband,White,Male,0.0,0.0,55,United-States,<=50K
41,Private,104892.0,Masters,14,Married-civ-spouse,Exec-managerial,Husband,White,Male,0.0,0.0,40,United-States,>50K
26,State-gov,109193.0,Some-college,10,Never-married,Craft-repair,Not-in-family,White,Female,0.0,0.0,40,United-States,<=50K
48,Private,186539.0,Some-college,10,Married-civ-spouse,Prof-specialty,Husband,White,Male,0.0,0.0,40,United-States,<=50K
28,Private,141350.0,Bachelors,13,Married-civ-spouse,Exec-managerial,Husband,White,Male,0.0,0.0,45,United-States,<=50K
36,Self-emp-not-inc,260454.0,HS-grad,9,Married-civ-spouse,Craft-repair,Husband,White,Male,0.0,0.0,30,United-States,<=50K
22,Private,195075.0,Some-college,10,Never-married,Other-service,Own-child,White,Female,0.0,0.0,38,United-States,<=50K
25,Private,333677.0,HS-grad,9,Never-married,Machine-op-inspct,Own-child,White,Male,0.0,0.0,36,United-States,<=50K
44,Private,183342.0,Prof-school,15,Married-civ-spouse,Exec-managerial,Husband,White,Male,0.0,0.0,55,United-States,>50K
45,State-gov,263982.0,Some-college,10,Divorced,Prof-specialty,Unmarried,White,Female,0.0,0.0,40,United-States,<=50K
47,Private,217750.0,HS-grad,9,Married-civ-spouse,Other-service,Wife,White,Female,0.0,0.0,35,United-States,<=50K
51,Private,29887.0,Bachelors,13,Divorced,Tech-support,Not-in-family,White,Male,0.0,1590.0,40,United-States,<=50K
24,Private,181820.0,Some-college,10,Never-married,Farming-fishing,Not-in-family,White,Male,0.0,0.0,45,United-States,<=50K
44,Self-emp-not-inc,55844.0,Bachelors,13,Married-civ-spouse,Sales,Husband,White,Male,0.0,0.0,45,United-States,>50K
44,Private,307468.0,Prof-school,15,Married-civ-spouse,Prof-specialty,Husband,White,Male,0.0,0.0,29,United-States,>50K
31,Private,75755.0,Bachelors,13,Never-married,Prof-specialty,Not-in-family,White,Male,0.0,0.0,50,United-States,>50K
61,Private,97128.0,Bachelors,13,Married-civ-spouse,Sales,Husband,White,Male,0.0,0.0,45,United-States,>50K
38,Local-gov,72338.0,HS-grad,9,Married-civ-spouse,Protective-serv,Husband,Asian-Pac-Islander,Male,0.0,0.0,54,United-States,>50K
22,Private,356567.0,Assoc-voc,11,Divorced,Tech-support,Not-in-family,White,Male,0.0,0.0,60,United-States,<=50K
38,Self-emp-inc,257250.0,HS-grad,9,Never-married,Farming-fishing,Not-in-family,White,Male,0.0,0.0,50,United-States,<=50K
42,Local-gov,222596.0,HS-grad,9,Married-civ-spouse,Craft-repair,Husband,White,Male,0.0,0.0,40,United-States,>50K
46,Private,138069.0,Some-college,10,Married-civ-spouse,Craft-repair,Husband,White,Male,0.0,0.0,40,United-States,>50K
23,Local-gov,442359.0,Bachelors,13,Never-married,Prof-specialty,Not-in-family,White,Female,0.0,1092.0,40,United-States,<=50K
23,Private,115458.0,Some-college,10,Married-civ-spouse,Sales,Husband,White,Male,0.0,0.0,40,United-States,<=50K
55,Private,368727.0,Some-college,10,Divorced,Craft-repair,Not-in-family,White,Male,0.0,0.0,40,United-States,<=50K
45,Self-emp-inc,181307.0,Prof-school,15,Married-civ-spouse,Prof-specialty,Husband,White,Male,15024.0,0.0,43,United-States,>50K
25,Private,242729.0,Bachelors,13,Never-married,Sales,Own-child,White,Female,0.0,0.0,20,United-States,<=50K
47,Private,145269.0,11th,7,Divorced,Craft-repair,Not-in-family,White,Female,0.0,0.0,45,United-States,<=50K
38,Private,33394.0,HS-grad,9,Married-civ-spouse,Sales,Husband,White,Male,0.0,0.0,75,United-States,>50K
53,Private,68898.0,Some-college,10,Married-civ-spouse,Tech-support,Husband,White,Male,0.0,0.0,40,United-States,<=50K
58,Private,105363.0,HS-grad,9,Married-civ-spouse,Machine-op-inspct,Husband,White,Male,0.0,0.0,40,Portugal,<=50K
39,Private,160728.0,HS-grad,9,Divorced,Machine-op-inspct,Unmarried,White,Male,2977.0,0.0,40,United-States,<=50K
24,Private,182117.0,Bachelors,13,Never-married,Adm-clerical,Own-child,White,Male,0.0,0.0,28,United-States,<=50K
30,Private,144949.0,Bachelors,13,Never-married,Adm-clerical,Own-child,White,Male,0.0,2559.0,40,United-States,>50K
60,Federal-gov,286253.0,HS-grad,9,Married-spouse-absent,Handlers-cleaners,Not-in-family,White,Male,0.0,0.0,40,United-States,<=50K
30,Local-gov,229716.0,Some-college,10,Separated,Adm-clerical,Unmarried,Black,Female,0.0,0.0,40,United-States,<=50K
44,Local-gov,197919.0,Some-college,10,Divorced,Other-service,Unmarried,White,Female,0.0,0.0,40,United-States,<=50K
45,Self-emp-not-inc,355978.0,Some-college,10,Married-civ-spouse,Sales,Husband,White,Male,0.0,0.0,60,United-States,>50K
23,State-gov,502316.0,Bachelors,13,Never-married,Prof-specialty,Not-in-family,White,Female,0.0,0.0,40,United-States,<=50K
37,Private,71592.0,HS-grad,9,Never-married,Other-service,Other-relative,Asian-Pac-Islander,Female,0.0,0.0,17,United-States,<=50K
38,Private,33397.0,HS-grad,9,Divorced,Sales,Unmarried,White,Female,0.0,0.0,40,United-States,<=50K
61,Federal-gov,60641.0,Some-college,10,Married-civ-spouse,Adm-clerical,Wife,White,Female,0.0,0.0,30,United-States,<=50K
35,Self-emp-not-inc,171968.0,HS-grad,9,Separated,Transport-moving,Not-in-family,White,Male,0.0,0.0,70,United-States,<=50K
22,Private,227994.0,Some-college,10,Married-spouse-absent,Adm-clerical,Own-child,Asian-Pac-Islander,Female,0.0,0.0,39,United-States,<=50K
52,Private,152373.0,HS-grad,9,Married-civ-spouse,Machine-op-inspct,Husband,White,Male,2105.0,0.0,40,United-States,<=50K
53,Self-emp-not-inc,385183.0,Some-college,10,Married-civ-spouse,Other-service,Husband,White,Male,0.0,0.0,60,United-States,<=50K
28,Self-emp-not-inc,107458.0,HS-grad,9,Never-married,Craft-repair,Own-child,White,Male,0.0,0.0,45,United-States,<=50K
36,Private,592930.0,HS-grad,9,Married-civ-spouse,Transport-moving,Husband,Black,Male,0.0,0.0,50,United-States,>50K
30,Private,103596.0,HS-grad,9,Never-married,Protective-serv,Not-in-family,White,Male,0.0,0.0,99,United-States,<=50K
30,Private,203488.0,Some-college,10,Married-civ-spouse,Machine-op-inspct,Husband,White,Male,0.0,0.0,40,United-States,>50K
31,Self-emp-inc,133861.0,Assoc-voc,11,Divorced,Sales,Not-in-family,White,Male,0.0,0.0,40,United-States,<=50K
32,Private,183356.0,HS-grad,9,Never-married,Craft-repair,Own-child,White,Male,0.0,0.0,40,United-States,<=50K
39,Private,553588.0,HS-grad,9,Married-civ-spouse,Craft-repair,Husband,White,Male,0.0,1848.0,40,United-States,>50K
44,Private,159911.0,7th-8th,4,Married-civ-spouse,Other-service,Wife,White,Female,0.0,0.0,55,United-States,<=50K
57,Self-emp-not-inc,190554.0,10th,6,Divorced,Exec-managerial,Own-child,White,Male,0.0,0.0,60,United-States,>50K
64,Self-emp-inc,213574.0,HS-grad,9,Married-civ-spouse,Craft-repair,Husband,White,Male,2635.0,0.0,10,United-States,<=50K
22,Private,117779.0,Bachelors,13,Never-married,Prof-specialty,Own-child,White,Male,0.0,0.0,40,United-States,<=50K
39,State-gov,152307.0,Bachelors,13,Married-civ-spouse,Prof-specialty,Husband,White,Male,0.0,0.0,40,United-States,<=50K
32,Private,46691.0,HS-grad,9,Never-married,Craft-repair,Not-in-family,White,Female,0.0,0.0,40,United-States,<=50K
58,Local-gov,310085.0,10th,6,Married-civ-spouse,Transport-moving,Husband,White,Male,0.0,0.0,40,United-States,<=50K
35,Self-emp-not-inc,95639.0,11th,7,Married-civ-spouse,Prof-specialty,Husband,Amer-Indian-Eskimo,Male,0.0,0.0,4,United-States,<=50K
19,Private,105460.0,Some-college,10,Never-married,Other-service,Own-child,White,Male,0.0,0.0,20,United-States,<=50K
34,Private,114639.0,Some-college,10,Never-married,Handlers-cleaners,Other-relative,White,Male,0.0,0.0,20,United-States,<=50K
20,Private,385077.0,12th,8,Never-married,Machine-op-inspct,Own-child,White,Male,0.0,0.0,40,United-States,<=50K
52,State-gov,254285.0,Bachelors,13,Married-civ-spouse,Prof-specialty,Husband,White,Male,0.0,0.0,40,United-States,<=50K
58,Private,292710.0,Assoc-acdm,12,Divorced,Prof-specialty,Not-in-family,White,Male,0.0,0.0,36,United-States,<=50K
47,Federal-gov,202560.0,Bachelors,13,Married-civ-spouse,Exec-managerial,Wife,White,Female,0.0,0.0,40,United-States,>50K
18,Private,229296.0,HS-grad,9,Never-married,Handlers-cleaners,Own-child,White,Male,0.0,0.0,35,United-States,<=50K
21,Private,222993.0,HS-grad,9,Never-married,Machine-op-inspct,Own-child,White,Male,0.0,0.0,40,United-States,<=50K
67,Self-emp-inc,73559.0,HS-grad,9,Married-civ-spouse,Exec-managerial,Husband,White,Male,9386.0,0.0,50,United-States,>50K
53,Local-gov,139671.0,Some-college,10,Married-civ-spouse,Exec-managerial,Husband,White,Male,0.0,0.0,50,United-States,<=50K
38,Private,446654.0,9th,5,Married-spouse-absent,Handlers-cleaners,Not-in-family,White,Male,0.0,0.0,40,Mexico,<=50K
29,Private,81057.0,Some-college,10,Never-married,Adm-clerical,Own-child,White,Female,0.0,0.0,40,United-States,<=50K
32,Private,193285.0,Bachelors,13,Married-civ-spouse,Exec-managerial,Husband,White,Male,0.0,0.0,45,United-States,>50K
49,Private,38563.0,Bachelors,13,Never-married,Exec-managerial,Not-in-family,White,Female,0.0,0.0,56,United-States,>50K
31,Private,159123.0,Bachelors,13,Married-civ-spouse,Prof-specialty,Husband,White,Male,0.0,0.0,60,United-States,>50K
20,Private,208908.0,Some-college,10,Never-married,Exec-managerial,Unmarried,White,Female,0.0,0.0,40,United-States,<=50K
52,Private,208570.0,Assoc-voc,11,Divorced,Tech-support,Not-in-family,White,Female,0.0,0.0,40,United-States,<=50K
24,Private,267945.0,Bachelors,13,Never-married,Adm-clerical,Own-child,White,Female,0.0,0.0,40,United-States,<=50K
31,Private,183778.0,Bachelors,13,Never-married,Tech-support,Not-in-family,White,Male,0.0,0.0,45,United-States,<=50K
24,Private,112706.0,Assoc-voc,11,Never-married,Tech-support,Own-child,White,Male,0.0,0.0,40,United-States,<=50K
53,Federal-gov,167410.0,Bachelors,13,Divorced,Tech-support,Not-in-family,Amer-Indian-Eskimo,Male,0.0,0.0,40,United-States,<=50K
44,Private,204314.0,HS-grad,9,Married-civ-spouse,Other-service,Wife,Black,Female,0.0,0.0,38,United-States,>50K
49,Self-emp-not-inc,32825.0,HS-grad,9,Divorced,Transport-moving,Not-in-family,White,Male,0.0,0.0,70,United-States,<=50K
29,Private,243660.0,HS-grad,9,Married-civ-spouse,Machine-op-inspct,Husband,White,Male,0.0,0.0,50,United-States,>50K
23,Private,112683.0,Some-college,10,Never-married,Sales,Own-child,White,Female,0.0,0.0,12,United-States,<=50K
32,Self-emp-not-inc,115066.0,HS-grad,9,Married-civ-spouse,Sales,Husband,White,Male,0.0,0.0,60,United-States,>50K
20,Private,162151.0,HS-grad,9,Never-married,Sales,Own-child,Black,Female,0.0,0.0,20,United-States,<=50K
24,Private,49218.0,HS-grad,9,Divorced,Machine-op-inspct,Not-in-family,White,Male,0.0,0.0,40,United-States,<=50K
52,Private,226084.0,HS-grad,9,Widowed,Priv-house-serv,Other-relative,White,Female,0.0,0.0,40,United-States,<=50K
32,Private,211239.0,Some-college,10,Married-AF-spouse,Exec-managerial,Wife,White,Female,0.0,0.0,40,United-States,>50K
32,Private,236543.0,12th,8,Married-civ-spouse,Craft-repair,Other-relative,White,Male,0.0,0.0,40,Mexico,<=50K
51,Private,257756.0,HS-grad,9,Married-civ-spouse,Prof-specialty,Wife,White,Female,0.0,0.0,50,United-States,>50K
50,Private,378747.0,HS-grad,9,Married-civ-spouse,Transport-moving,Husband,Black,Male,0.0,0.0,40,United-States,<=50K
25,Private,141876.0,Bachelors,13,Never-married,Prof-specialty,Own-child,White,Male,0.0,0.0,40,United-States,<=50K
46,Federal-gov,43206.0,Doctorate,16,Never-married,Prof-specialty,Not-in-family,White,Female,0.0,1564.0,50,United-States,>50K
19,Private,236396.0,11th,7,Never-married,Handlers-cleaners,Not-in-family,White,Male,0.0,0.0,40,United-States,<=50K
34,Private,228873.0,Bachelors,13,Never-married,Exec-managerial,Own-child,White,Male,0.0,0.0,40,United-States,<=50K
17,Private,566049.0,10th,6,Never-married,Other-service,Own-child,White,Male,0.0,0.0,8,United-States,<=50K
31,Private,137290.0,Bachelors,13,Married-civ-spouse,Exec-managerial,Husband,White,Male,0.0,0.0,55,United-States,>50K
47,Private,192984.0,Some-college,10,Widowed,Adm-clerical,Unmarried,White,Female,0.0,0.0,40,United-States,<=50K
31,Private,113364.0,HS-grad,9,Married-civ-spouse,Craft-repair,Husband,White,Male,0.0,0.0,40,United-States,>50K
51,Private,104651.0,Bachelors,13,Married-civ-spouse,Craft-repair,Husband,White,Male,0.0,0.0,50,United-States,<=50K
28,Self-emp-not-inc,112403.0,Bachelors,13,Never-married,Protective-serv,Own-child,White,Male,0.0,0.0,40,United-States,<=50K
25,Local-gov,190107.0,HS-grad,9,Never-married,Farming-fishing,Own-child,White,Male,0.0,1719.0,16,United-States,<=50K
28,State-gov,319027.0,HS-grad,9,Never-married,Prof-specialty,Not-in-family,Black,Female,0.0,0.0,40,United-States,<=50K
61,Private,93997.0,7th-8th,4,Married-civ-spouse,Machine-op-inspct,Husband,White,Male,0.0,0.0,40,Italy,<=50K
68,Private,152053.0,HS-grad,9,Widowed,Other-service,Not-in-family,White,Female,0.0,0.0,48,United-States,<=50K
23,Private,49296.0,HS-grad,9,Never-married,Handlers-cleaners,Other-relative,Black,Male,0.0,0.0,40,United-States,<=50K
40,Self-emp-not-inc,163512.0,5th-6th,3,Married-civ-spouse,Craft-repair,Husband,Other,Male,0.0,0.0,8,Guatemala,<=50K
27,Private,105598.0,HS-grad,9,Never-married,Adm-clerical,Not-in-family,White,Male,0.0,0.0,40,United-States,<=50K
49,Private,122493.0,HS-grad,9,Widowed,Tech-support,Unmarried,White,Male,0.0,0.0,40,United-States,<=50K
21,Private,226181.0,Bachelors,13,Never-married,Handlers-cleaners,Not-in-family,White,Male,0.0,0.0,40,United-States,<=50K
38,Private,296212.0,Bachelors,13,Married-civ-spouse,Craft-repair,Husband,White,Male,0.0,0.0,45,United-States,<=50K
35,Private,183898.0,Assoc-voc,11,Married-civ-spouse,Exec-managerial,Husband,White,Male,7298.0,0.0,50,United-States,>50K
62,Private,84756.0,9th,5,Married-civ-spouse,Other-service,Husband,White,Male,0.0,0.0,35,United-States,<=50K
27,Private,57092.0,HS-grad,9,Divorced,Craft-repair,Not-in-family,White,Male,0.0,0.0,45,United-States,<=50K
30,Private,163867.0,HS-grad,9,Married-civ-spouse,Craft-repair,Husband,White,Male,0.0,0.0,40,United-States,<=50K
26,Private,40915.0,Bachelors,13,Never-married,Other-service,Not-in-family,White,Female,0.0,0.0,25,United-States,<=50K
24,Private,249351.0,HS-grad,9,Married-civ-spouse,Machine-op-inspct,Wife,White,Female,0.0,0.0,40,United-States,<=50K
47,Private,102628.0,Masters,14,Married-civ-spouse,Exec-managerial,Husband,White,Male,15024.0,0.0,55,United-States,>50K
22,Private,199426.0,Some-college,10,Never-married,Sales,Not-in-family,White,Female,0.0,0.0,17,United-States,<=50K
58,Private,275859.0,HS-grad,9,Widowed,Craft-repair,Unmarried,White,Male,8614.0,0.0,52,Mexico,>50K
33,Private,119033.0,9th,5,Married-civ-spouse,Handlers-cleaners,Husband,White,Male,0.0,0.0,40,United-States,<=50K
32,Private,349365.0,Some-college,10,Married-civ-spouse,Sales,Husband,Black,Male,0.0,0.0,65,United-States,<=50K
41,State-gov,108945.0,HS-grad,9,Never-married,Transport-moving,Not-in-family,White,Female,14344.0,0.0,40,United-States,>50K
47,Local-gov,246891.0,Bachelors,13,Married-civ-spouse,Protective-serv,Husband,White,Male,0.0,0.0,40,United-States,<=50K
47,Private,63225.0,1st-4th,2,Divorced,Other-service,Not-in-family,White,Female,0.0,0.0,15,United-States,<=50K
41,Self-emp-inc,38876.0,Assoc-acdm,12,Married-civ-spouse,Farming-fishing,Husband,White,Male,0.0,1977.0,50,United-States,>50K
38,Private,99138.0,Bachelors,13,Never-married,Exec-managerial,Not-in-family,White,Female,0.0,0.0,38,United-States,<=50K
44,Private,367749.0,1st-4th,2,Never-married,Machine-op-inspct,Not-in-family,White,Female,0.0,0.0,40,El-Salvador,<=50K
38,Private,204527.0,HS-grad,9,Married-civ-spouse,Craft-repair,Husband,White,Male,0.0,0.0,50,United-States,<=50K
25,State-gov,108542.0,Some-college,10,Married-civ-spouse,Protective-serv,Husband,White,Male,0.0,0.0,40,United-States,<=50K
44,Self-emp-inc,178510.0,Some-college,10,Never-married,Sales,Not-in-family,White,Male,0.0,2258.0,60,United-States,<=50K
54,Private,104421.0,Some-college,10,Divorced,Adm-clerical,Not-in-family,White,Female,0.0,0.0,40,United-States,<=50K
26,Private,421561.0,11th,7,Married-civ-spouse,Other-service,Other-relative,White,Male,0.0,0.0,25,United-States,<=50K
46,Self-emp-not-inc,525848.0,11th,7,Married-civ-spouse,Transport-moving,Husband,Black,Male,0.0,0.0,48,United-States,<=50K
33,Private,250782.0,Some-college,10,Married-civ-spouse,Craft-repair,Husband,White,Male,0.0,0.0,40,United-States,<=50K
30,Private,176123.0,10th,6,Never-married,Machine-op-inspct,Other-relative,Asian-Pac-Islander,Male,0.0,0.0,40,Vietnam,<=50K
24,Private,215712.0,Some-college,10,Never-married,Other-service,Not-in-family,White,Male,0.0,0.0,35,United-States,<=50K
17,Private,73145.0,9th,5,Never-married,Craft-repair,Own-child,White,Female,0.0,0.0,16,United-States,<=50K
51,State-gov,231495.0,Doctorate,16,Married-civ-spouse,Exec-managerial,Husband,White,Male,7688.0,0.0,55,United-States,>50K
26,Self-emp-not-inc,227858.0,Some-college,10,Never-married,Other-service,Not-in-family,White,Female,0.0,0.0,48,United-States,<=50K
55,Private,202559.0,Bachelors,13,Married-civ-spouse,Other-service,Other-relative,Asian-Pac-Islander,Male,0.0,0.0,35,Philippines,<=50K
39,Private,77146.0,Some-college,10,Married-civ-spouse,Sales,Husband,White,Male,0.0,0.0,55,United-States,>50K
42,Private,201785.0,Masters,14,Married-civ-spouse,Sales,Husband,White,Male,0.0,0.0,50,United-States,>50K
25,Federal-gov,50053.0,Bachelors,13,Never-married,Tech-support,Not-in-family,White,Male,0.0,0.0,45,United-States,<=50K
26,Private,240842.0,HS-grad,9,Never-married,Machine-op-inspct,Unmarried,Black,Female,0.0,0.0,40,United-States,<=50K
32,Private,194740.0,Bachelors,13,Married-civ-spouse,Sales,Husband,White,Male,0.0,1902.0,40,United-States,>50K
49,Private,274200.0,HS-grad,9,Married-civ-spouse,Exec-managerial,Husband,White,Male,0.0,0.0,72,United-States,<=50K
40,Private,291300.0,11th,7,Married-civ-spouse,Machine-op-inspct,Husband,White,Male,0.0,0.0,40,Puerto-Rico,<=50K
26,Private,264300.0,Assoc-acdm,12,Never-married,Adm-clerical,Own-child,White,Female,0.0,0.0,40,United-States,<=50K
44,Local-gov,145522.0,Masters,14,Never-married,Prof-specialty,Not-in-family,White,Female,0.0,0.0,40,United-States,<=50K
39,Private,260084.0,Some-college,10,Divorced,Adm-clerical,Unmarried,White,Female,0.0,0.0,24,United-States,<=50K
41,Self-emp-inc,240124.0,Some-college,10,Married-civ-spouse,Farming-fishing,Husband,White,Male,0.0,0.0,50,United-States,<=50K
42,Private,36271.0,Bachelors,13,Married-civ-spouse,Sales,Husband,White,Male,0.0,0.0,40,United-States,>50K
64,Private,119506.0,HS-grad,9,Divorced,Other-service,Not-in-family,White,Female,0.0,0.0,15,United-States,<=50K
43,Local-gov,163434.0,Bachelors,13,Married-civ-spouse,Protective-serv,Husband,White,Male,0.0,0.0,55,United-States,>50K
43,Private,50356.0,Some-college,10,Married-civ-spouse,Craft-repair,Husband,White,Male,0.0,1485.0,50,United-States,<=50K
52,Private,35305.0,7th-8th,4,Never-married,Other-service,Own-child,White,Female,0.0,0.0,7,United-States,<=50K
17,Private,327434.0,10th,6,Never-married,Sales,Own-child,White,Male,0.0,0.0,20,United-States,<=50K
37,Private,197429.0,HS-grad,9,Married-civ-spouse,Handlers-cleaners,Husband,White,Male,0.0,0.0,45,United-States,>50K
45,Self-emp-not-inc,188694.0,HS-grad,9,Married-civ-spouse,Exec-managerial,Husband,White,Male,0.0,0.0,40,United-States,<=50K
46,Private,200734.0,Some-college,10,Divorced,Adm-clerical,Unmarried,Black,Female,0.0,0.0,35,Trinadad&Tobago,<=50K
18,Self-emp-not-inc,58700.0,9th,5,Never-married,Farming-fishing,Other-relative,Other,Female,0.0,0.0,40,Mexico,<=50K
38,Private,209609.0,Some-college,10,Married-civ-spouse,Tech-support,Husband,White,Male,0.0,0.0,40,United-States,>50K
22,Private,313730.0,Assoc-acdm,12,Never-married,Farming-fishing,Not-in-family,Black,Female,0.0,0.0,40,United-States,<=50K
51,State-gov,193720.0,HS-grad,9,Married-civ-spouse,Craft-repair,Husband,White,Male,0.0,0.0,56,United-States,>50K
22,Private,126613.0,Some-college,10,Never-married,Sales,Own-child,White,Female,0.0,0.0,20,United-States,<=50K
21,Private,203914.0,Some-college,10,Never-married,Other-service,Own-child,White,Female,0.0,0.0,10,United-States,<=50K
36,Private,263896.0,HS-grad,9,Divorced,Adm-clerical,Unmarried,Black,Female,0.0,0.0,40,United-States,<=50K
41,Private,302122.0,Assoc-voc,11,Divorced,Craft-repair,Not-in-family,White,Female,0.0,0.0,40,United-States,<=50K
26,Private,339423.0,Bachelors,13,Never-married,Exec-managerial,Not-in-family,White,Male,0.0,0.0,40,United-States,<=50K
47,Federal-gov,176917.0,Some-college,10,Married-civ-spouse,Adm-clerical,Husband,White,Male,0.0,0.0,48,United-States,>50K
46,Private,174224.0,Assoc-voc,11,Divorced,Protective-serv,Not-in-family,Black,Male,0.0,0.0,40,United-States,<=50K
35,Private,334291.0,Bachelors,13,Married-civ-spouse,Exec-managerial,Husband,White,Male,0.0,0.0,45,United-States,<=50K
46,Private,360096.0,Bachelors,13,Married-civ-spouse,Exec-managerial,Husband,White,Male,15024.0,0.0,60,United-States,>50K
44,Private,291566.0,HS-grad,9,Never-married,Craft-repair,Not-in-family,Black,Male,0.0,0.0,60,United-States,<=50K
32,Self-emp-inc,169152.0,Assoc-voc,11,Divorced,Exec-managerial,Not-in-family,White,Female,10520.0,0.0,80,Greece,>50K
30,Private,58597.0,HS-grad,9,Never-married,Machine-op-inspct,Own-child,White,Male,0.0,0.0,44,United-States,<=50K
50,Private,221495.0,Bachelors,13,Married-civ-spouse,Sales,Husband,White,Male,0.0,0.0,40,United-States,<=50K
28,Self-emp-not-inc,190391.0,Bachelors,13,Never-married,Sales,Not-in-family,White,Male,0.0,0.0,50,United-States,<=50K
55,Self-emp-inc,227856.0,Bachelors,13,Married-civ-spouse,Exec-managerial,Husband,White,Male,0.0,2415.0,50,United-States,>50K
32,Private,202729.0,HS-grad,9,Married-civ-spouse,Transport-moving,Own-child,White,Male,0.0,0.0,40,United-States,<=50K
32,Private,124420.0,HS-grad,9,Never-married,Machine-op-inspct,Not-in-family,White,Male,0.0,0.0,40,United-States,<=50K
27,Private,226441.0,Bachelors,13,Never-married,Prof-specialty,Other-relative,White,Female,0.0,0.0,40,United-States,<=50K
27,State-gov,230922.0,Masters,14,Never-married,Exec-managerial,Not-in-family,White,Male,0.0,0.0,40,Scotland,<=50K
44,Private,175485.0,Bachelors,13,Married-civ-spouse,Craft-repair,Husband,White,Male,0.0,0.0,12,United-States,<=50K
23,Private,45317.0,Some-college,10,Separated,Sales,Own-child,White,Female,0.0,0.0,40,United-States,<=50K
22,Private,205970.0,10th,6,Separated,Other-service,Unmarried,White,Female,0.0,0.0,35,United-States,<=50K
21,Private,96061.0,Some-college,10,Never-married,Other-service,Own-child,White,Female,0.0,0.0,10,United-States,<=50K
56,Private,41100.0,Masters,14,Divorced,Exec-managerial,Not-in-family,White,Female,0.0,0.0,40,United-States,>50K
22,State-gov,119838.0,Some-college,10,Never-married,Other-service,Own-child,White,Male,0.0,0.0,10,United-States,<=50K
25,Private,185942.0,Masters,14,Never-married,Prof-specialty,Own-child,White,Female,0.0,0.0,40,United-States,>50K
35,Private,155611.0,HS-grad,9,Never-married,Craft-repair,Unmarried,White,Female,114.0,0.0,40,United-States,<=50K
52,Private,152811.0,10th,6,Widowed,Other-service,Unmarried,White,Female,0.0,0.0,40,United-States,<=50K
43,Private,104196.0,Some-college,10,Married-civ-spouse,Adm-clerical,Husband,White,Male,0.0,0.0,40,United-States,<=50K
30,Local-gov,325658.0,HS-grad,9,Married-civ-spouse,Exec-managerial,Husband,White,Male,0.0,0.0,40,United-States,<=50K
22,Local-gov,195532.0,Some-college,10,Never-married,Protective-serv,Other-relative,White,Female,0.0,0.0,43,United-States,<=50K
44,Private,266135.0,Bachelors,13,Married-civ-spouse,Prof-specialty,Husband,White,Male,0.0,0.0,50,United-States,>50K
34,Private,849857.0,HS-grad,9,Married-civ-spouse,Craft-repair,Husband,White,Male,0.0,0.0,40,Nicaragua,<=50K
23,Private,60331.0,Some-college,10,Divorced,Exec-managerial,Not-in-family,White,Male,0.0,0.0,50,United-States,<=50K
19,Private,225775.0,Some-college,10,Never-married,Adm-clerical,Not-in-family,White,Male,0.0,0.0,40,United-States,<=50K
62,Self-emp-not-inc,243733.0,Masters,14,Married-civ-spouse,Prof-specialty,Husband,White,Male,7298.0,0.0,70,United-States,>50K
24,State-gov,147719.0,Masters,14,Never-married,Prof-specialty,Not-in-family,Asian-Pac-Islander,Male,0.0,0.0,20,India,<=50K
31,Private,136651.0,HS-grad,9,Married-civ-spouse,Craft-repair,Husband,White,Male,0.0,0.0,40,Mexico,<=50K
25,Private,150804.0,HS-grad,9,Never-married,Transport-moving,Not-in-family,Asian-Pac-Islander,Male,0.0,0.0,40,Vietnam,<=50K
41,Private,222504.0,Prof-school,15,Divorced,Prof-specialty,Unmarried,White,Female,0.0,0.0,38,United-States,<=50K
40,Private,355918.0,Bachelors,13,Married-civ-spouse,Craft-repair,Husband,White,Male,0.0,0.0,50,United-States,>50K
19,Private,198663.0,HS-grad,9,Never-married,Tech-support,Own-child,White,Male,0.0,0.0,40,United-States,<=50K
44,Private,222703.0,7th-8th,4,Married-civ-spouse,Machine-op-inspct,Husband,Other,Male,0.0,0.0,40,Nicaragua,<=50K
22,Private,376393.0,HS-grad,9,Married-civ-spouse,Adm-clerical,Wife,White,Female,0.0,0.0,30,United-States,<=50K
63,Self-emp-inc,110890.0,Masters,14,Divorced,Prof-specialty,Not-in-family,White,Male,0.0,0.0,70,United-States,>50K
51,Private,162238.0,Masters,14,Married-civ-spouse,Exec-managerial,Husband,White,Male,0.0,1887.0,47,United-States,>50K
27,Self-emp-not-inc,151382.0,HS-grad,9,Never-married,Farming-fishing,Own-child,White,Male,0.0,0.0,40,United-States,<=50K
59,State-gov,186308.0,Masters,14,Married-civ-spouse,Prof-specialty,Husband,White,Male,0.0,0.0,50,United-States,<=50K
30,Private,348618.0,9th,5,Married-civ-spouse,Craft-repair,Husband,Other,Male,0.0,0.0,40,Mexico,<=50K
21,Private,213041.0,HS-grad,9,Never-married,Adm-clerical,Own-child,White,Female,0.0,0.0,40,Cuba,<=50K
26,Private,291968.0,HS-grad,9,Married-civ-spouse,Transport-moving,Husband,White,Male,0.0,0.0,44,United-States,<=50K
38,Local-gov,227154.0,Bachelors,13,Married-civ-spouse,Craft-repair,Husband,Asian-Pac-Islander,Male,0.0,0.0,40,Philippines,<=50K
38,Private,117528.0,Bachelors,13,Never-married,Other-service,Other-relative,White,Female,0.0,0.0,45,United-States,<=50K
26,State-gov,239303.0,Bachelors,13,Married-civ-spouse,Adm-clerical,Husband,White,Male,3942.0,0.0,7,United-States,<=50K
35,Private,282461.0,HS-grad,9,Married-civ-spouse,Transport-moving,Husband,White,Male,0.0,0.0,50,United-States,<=50K
44,Private,197344.0,HS-grad,9,Never-married,Handlers-cleaners,Not-in-family,White,Male,0.0,0.0,50,United-States,<=50K
29,Private,225024.0,HS-grad,9,Divorced,Craft-repair,Not-in-family,White,Male,0.0,0.0,40,United-States,<=50K
33,Private,93056.0,7th-8th,4,Divorced,Handlers-cleaners,Own-child,White,Male,0.0,0.0,40,United-States,<=50K
26,Private,366889.0,HS-grad,9,Never-married,Transport-moving,Not-in-family,White,Male,0.0,0.0,40,United-States,<=50K
57,Private,161642.0,HS-grad,9,Married-civ-spouse,Exec-managerial,Husband,White,Male,0.0,0.0,45,United-States,>50K
35,Private,42044.0,HS-grad,9,Married-civ-spouse,Machine-op-inspct,Husband,White,Male,0.0,0.0,30,United-States,<=50K
38,Private,217349.0,Assoc-voc,11,Divorced,Prof-specialty,Not-in-family,White,Female,14344.0,0.0,40,United-States,>50K
28,Private,308995.0,Some-college,10,Never-married,Adm-clerical,Own-child,Black,Female,0.0,0.0,40,Jamaica,<=50K
21,Private,249150.0,HS-grad,9,Never-married,Sales,Own-child,White,Female,0.0,0.0,24,United-States,<=50K
29,Private,338270.0,HS-grad,9,Separated,Adm-clerical,Unmarried,White,Female,0.0,0.0,40,United-States,<=50K
34,Local-gov,429897.0,Bachelors,13,Married-civ-spouse,Prof-specialty,Husband,White,Male,0.0,0.0,45,Mexico,>50K
51,Private,179479.0,HS-grad,9,Widowed,Exec-managerial,Not-in-family,White,Female,3325.0,0.0,40,Yugoslavia,<=50K
21,Private,303187.0,Some-college,10,Never-married,Handlers-cleaners,Own-child,Asian-Pac-Islander,Male,0.0,0.0,40,Philippines,<=50K
24,Private,325596.0,Bachelors,13,Never-married,Adm-clerical,Own-child,White,Male,0.0,0.0,35,United-States,<=50K
42,Private,200610.0,HS-grad,9,Married-civ-spouse,Craft-repair,Husband,White,Male,0.0,1740.0,60,United-States,<=50K
20,Self-emp-not-inc,112137.0,Some-college,10,Never-married,Prof-specialty,Other-relative,Asian-Pac-Islander,Female,0.0,0.0,20,South,<=50K
59,Private,247187.0,HS-grad,9,Divorced,Adm-clerical,Not-in-family,White,Female,0.0,0.0,40,United-States,<=50K
65,Local-gov,146454.0,Masters,14,Married-civ-spouse,Prof-specialty,Husband,White,Male,0.0,1648.0,4,Greece,<=50K
40,Private,199599.0,10th,6,Married-civ-spouse,Exec-managerial,Husband,White,Male,0.0,0.0,40,United-States,>50K
43,State-gov,144811.0,Prof-school,15,Divorced,Prof-specialty,Not-in-family,White,Male,0.0,0.0,50,United-States,<=50K
25,Private,344804.0,5th-6th,3,Married-spouse-absent,Handlers-cleaners,Other-relative,White,Male,0.0,0.0,40,Mexico,<=50K
51,Private,144084.0,HS-grad,9,Never-married,Machine-op-inspct,Own-child,White,Female,0.0,0.0,40,United-States,<=50K
50,Private,185407.0,Assoc-voc,11,Married-civ-spouse,Tech-support,Husband,White,Male,0.0,0.0,38,United-States,>50K
46,Private,188861.0,Some-college,10,Married-civ-spouse,Transport-moving,Husband,White,Male,0.0,0.0,40,United-States,<=50K
44,Private,112656.0,HS-grad,9,Married-civ-spouse,Adm-clerical,Wife,White,Female,0.0,0.0,20,United-States,<=50K
31,Private,27494.0,Some-college,10,Married-civ-spouse,Sales,Husband,Asian-Pac-Islander,Male,0.0,0.0,50,Taiwan,<=50K
19,Private,202951.0,Some-college,10,Never-married,Handlers-cleaners,Own-child,White,Male,0.0,0.0,20,United-States,<=50K
22,Private,146540.0,11th,7,Never-married,Craft-repair,Not-in-family,White,Male,0.0,0.0,50,United-States,<=50K
54,Self-emp-not-inc,261207.0,7th-8th,4,Divorced,Transport-moving,Not-in-family,White,Male,0.0,0.0,45,Cuba,<=50K
29,Local-gov,187649.0,HS-grad,9,Separated,Protective-serv,Other-relative,White,Female,0.0,0.0,40,United-States,<=50K
19,Private,169853.0,HS-grad,9,Never-married,Machine-op-inspct,Own-child,White,Male,0.0,0.0,24,United-States,<=50K
40,Self-emp-inc,102576.0,Masters,14,Married-civ-spouse,Prof-specialty,Husband,Black,Male,0.0,0.0,55,Trinadad&Tobago,<=50K
25,Private,202033.0,Masters,14,Never-married,Exec-managerial,Not-in-family,White,Male,0.0,0.0,45,United-States,<=50K
38,Private,165579.0,HS-grad,9,Divorced,Tech-support,Not-in-family,White,Male,0.0,0.0,45,United-States,<=50K
48,Private,324655.0,Bachelors,13,Never-married,Prof-specialty,Not-in-family,White,Male,0.0,0.0,40,United-States,<=50K
33,Private,356015.0,HS-grad,9,Separated,Craft-repair,Not-in-family,Amer-Indian-Eskimo,Male,0.0,0.0,35,Hong,<=50K
37,Private,229647.0,HS-grad,9,Divorced,Machine-op-inspct,Not-in-family,White,Female,0.0,0.0,42,United-States,<=50K
41,Private,294270.0,9th,5,Married-civ-spouse,Transport-moving,Husband,White,Male,0.0,0.0,35,United-States,<=50K
51,Self-emp-not-inc,181179.0,Bachelors,13,Married-civ-spouse,Exec-managerial,Wife,White,Female,0.0,0.0,25,United-States,<=50K
33,Private,212980.0,HS-grad,9,Divorced,Adm-clerical,Unmarried,Black,Female,0.0,0.0,40,United-States,<=50K
28,Federal-gov,329426.0,Bachelors,13,Never-married,Exec-managerial,Not-in-family,White,Male,0.0,0.0,50,United-States,>50K
36,Private,140327.0,HS-grad,9,Married-civ-spouse,Sales,Wife,White,Female,7298.0,0.0,35,United-States,>50K
44,Private,147265.0,Masters,14,Married-civ-spouse,Prof-specialty,Husband,White,Male,0.0,0.0,40,United-States,>50K
25,Local-gov,334267.0,Some-college,10,Married-civ-spouse,Exec-managerial,Husband,White,Male,0.0,0.0,40,United-States,>50K
37,Private,190105.0,HS-grad,9,Never-married,Adm-clerical,Own-child,White,Female,0.0,0.0,55,United-States,<=50K
52,Private,317032.0,HS-grad,9,Married-civ-spouse,Craft-repair,Husband,White,Male,0.0,0.0,50,United-States,>50K
33,Private,393702.0,Assoc-voc,11,Divorced,Prof-specialty,Unmarried,White,Female,0.0,0.0,40,United-States,<=50K
40,Private,163455.0,Some-college,10,Married-civ-spouse,Tech-support,Husband,White,Male,0.0,0.0,55,United-States,>50K
34,Self-emp-inc,127651.0,Bachelors,13,Divorced,Farming-fishing,Not-in-family,White,Male,0.0,0.0,60,United-States,<=50K
25,Self-emp-not-inc,263300.0,HS-grad,9,Never-married,Farming-fishing,Not-in-family,White,Male,0.0,0.0,50,United-States,<=50K
36,Private,659504.0,Bachelors,13,Married-civ-spouse,Exec-managerial,Husband,Black,Male,0.0,0.0,45,United-States,>50K
36,Private,178322.0,HS-grad,9,Divorced,Transport-moving,Unmarried,White,Male,0.0,0.0,40,United-States,<=50K
56,Private,258579.0,Masters,14,Married-civ-spouse,Exec-managerial,Husband,White,Male,0.0,0.0,50,United-States,>50K
28,Private,136077.0,Assoc-voc,11,Married-civ-spouse,Craft-repair,Husband,White,Male,0.0,0.0,40,Poland,<=50K
51,Local-gov,123325.0,Prof-school,15,Widowed,Prof-specialty,Not-in-family,White,Female,0.0,0.0,40,United-States,<=50K
48,Local-gov,273402.0,7th-8th,4,Married-civ-spouse,Transport-moving,Husband,White,Male,0.0,1902.0,40,United-States,<=50K
38,Federal-gov,172571.0,Some-college,10,Divorced,Adm-clerical,Not-in-family,White,Male,0.0,0.0,40,United-States,>50K
46,Private,155659.0,11th,7,Married-civ-spouse,Craft-repair,Husband,White,Male,0.0,1902.0,40,United-States,>50K
43,Private,108945.0,Some-college,10,Divorced,Prof-specialty,Unmarried,White,Female,0.0,0.0,38,United-States,<=50K
41,Private,175883.0,HS-grad,9,Married-civ-spouse,Transport-moving,Husband,White,Male,0.0,0.0,60,United-States,<=50K
57,Self-emp-not-inc,25124.0,HS-grad,9,Married-civ-spouse,Other-service,Husband,White,Male,0.0,0.0,60,United-States,<=50K
34,Private,554206.0,HS-grad,9,Separated,Transport-moving,Not-in-family,Black,Male,0.0,0.0,20,United-States,<=50K
53,Private,177727.0,HS-grad,9,Married-civ-spouse,Machine-op-inspct,Husband,White,Male,0.0,0.0,40,United-States,>50K
51,Private,249449.0,Bachelors,13,Married-civ-spouse,Exec-managerial,Husband,White,Male,0.0,0.0,55,United-States,>50K
60,Self-emp-inc,181196.0,Some-college,10,Married-civ-spouse,Exec-managerial,Husband,White,Male,0.0,0.0,40,United-States,>50K
48,Private,194526.0,Some-college,10,Married-civ-spouse,Sales,Wife,White,Female,0.0,0.0,40,United-States,<=50K
34,Local-gov,169708.0,Bachelors,13,Married-civ-spouse,Prof-specialty,Wife,White,Female,0.0,0.0,40,United-States,>50K
19,State-gov,61710.0,Some-college,10,Never-married,Other-service,Own-child,White,Female,0.0,0.0,12,United-States,<=50K
38,Private,179488.0,Assoc-acdm,12,Divorced,Craft-repair,Not-in-family,White,Male,0.0,0.0,40,United-States,<=50K
59,Private,359292.0,1st-4th,2,Married-civ-spouse,Machine-op-inspct,Husband,White,Male,0.0,0.0,40,Mexico,<=50K
35,Private,61518.0,HS-grad,9,Married-civ-spouse,Exec-managerial,Husband,White,Male,0.0,0.0,35,United-States,<=50K
34,Self-emp-inc,79586.0,Bachelors,13,Never-married,Prof-specialty,Not-in-family,Other,Male,0.0,0.0,60,United-States,<=50K
23,Private,306309.0,10th,6,Married-civ-spouse,Farming-fishing,Husband,White,Male,0.0,0.0,40,United-States,<=50K
27,Local-gov,332249.0,HS-grad,9,Never-married,Farming-fishing,Own-child,White,Male,0.0,0.0,40,United-States,<=50K
43,Private,173321.0,HS-grad,9,Divorced,Adm-clerical,Not-in-family,White,Female,0.0,0.0,40,United-States,<=50K
47,Self-emp-not-inc,216657.0,HS-grad,9,Married-civ-spouse,Farming-fishing,Husband,White,Male,0.0,0.0,60,United-States,<=50K
18,Local-gov,55658.0,10th,6,Never-married,Other-service,Own-child,White,Male,0.0,0.0,25,United-States,<=50K
21,Private,143604.0,Some-college,10,Never-married,Sales,Own-child,White,Female,0.0,0.0,8,United-States,<=50K
23,Private,315065.0,10th,6,Never-married,Other-service,Unmarried,White,Male,0.0,0.0,60,Mexico,<=50K
34,Private,202498.0,12th,8,Married-civ-spouse,Other-service,Husband,White,Male,0.0,0.0,40,Dominican-Republic,<=50K
49,Private,80914.0,5th-6th,3,Never-married,Machine-op-inspct,Not-in-family,White,Male,0.0,0.0,45,United-States,<=50K
50,Private,193884.0,7th-8th,4,Married-civ-spouse,Craft-repair,Husband,White,Male,0.0,0.0,40,Ecuador,<=50K
42,Private,209392.0,HS-grad,9,Divorced,Protective-serv,Not-in-family,Black,Male,0.0,0.0,35,United-States,<=50K
19,Local-gov,268722.0,Some-college,10,Never-married,Sales,Other-relative,White,Female,0.0,0.0,20,United-States,<=50K
20,Private,214238.0,11th,7,Never-married,Sales,Other-relative,White,Female,0.0,0.0,32,Mexico,<=50K
21,Private,88373.0,HS-grad,9,Married-civ-spouse,Other-service,Other-relative,White,Female,0.0,0.0,16,United-States,<=50K
46,Private,272792.0,Bachelors,13,Divorced,Craft-repair,Not-in-family,Black,Female,0.0,0.0,40,United-States,<=50K
23,Private,205653.0,Bachelors,13,Never-married,Handlers-cleaners,Own-child,White,Male,0.0,0.0,30,United-States,<=50K
19,Private,136758.0,Some-college,10,Never-married,Tech-support,Own-child,White,Female,0.0,0.0,10,United-States,<=50K
31,Private,142921.0,Bachelors,13,Never-married,Tech-support,Not-in-family,White,Female,0.0,0.0,40,United-States,<=50K
30,State-gov,45737.0,Some-college,10,Never-married,Adm-clerical,Not-in-family,White,Female,0.0,0.0,40,United-States,<=50K
29,Private,200468.0,10th,6,Never-married,Prof-specialty,Not-in-family,White,Male,0.0,0.0,40,United-States,<=50K
25,Private,106491.0,HS-grad,9,Married-civ-spouse,Craft-repair,Husband,White,Male,0.0,0.0,48,United-States,<=50K
59,Private,104455.0,Some-college,10,Married-civ-spouse,Other-service,Husband,Asian-Pac-Islander,Male,0.0,0.0,40,Philippines,<=50K
38,Self-emp-inc,148287.0,Masters,14,Married-civ-spouse,Exec-managerial,Husband,White,Male,0.0,0.0,60,United-States,>50K
31,Private,361497.0,7th-8th,4,Never-married,Farming-fishing,Other-relative,White,Male,0.0,0.0,60,Portugal,<=50K
38,Private,368140.0,Bachelors,13,Married-civ-spouse,Exec-managerial,Husband,White,Male,0.0,0.0,50,United-States,>50K
44,Local-gov,231793.0,Doctorate,16,Married-spouse-absent,Prof-specialty,Unmarried,White,Female,0.0,0.0,38,United-States,<=50K
29,Private,176727.0,Some-college,10,Never-married,Craft-repair,Not-in-family,White,Male,0.0,0.0,38,United-States,<=50K
38,Private,234298.0,Bachelors,13,Divorced,Exec-managerial,Not-in-family,White,Male,6849.0,0.0,60,United-States,<=50K
56,Private,188856.0,Bachelors,13,Never-married,Exec-managerial,Not-in-family,White,Female,8614.0,0.0,55,United-States,>50K
26,State-gov,197156.0,HS-grad,9,Divorced,Adm-clerical,Own-child,White,Female,0.0,0.0,30,United-States,<=50K
25,Private,144478.0,Some-college,10,Never-married,Other-service,Own-child,White,Male,0.0,0.0,40,Poland,<=50K
45,Private,163174.0,11th,7,Married-civ-spouse,Machine-op-inspct,Husband,White,Male,4386.0,0.0,40,United-States,>50K
26,Private,51961.0,Bachelors,13,Never-married,Adm-clerical,Not-in-family,Black,Male,0.0,0.0,20,United-States,<=50K
36,Private,183612.0,HS-grad,9,Married-civ-spouse,Prof-specialty,Husband,White,Male,0.0,1977.0,40,United-States,>50K
50,Private,229318.0,HS-grad,9,Married-civ-spouse,Machine-op-inspct,Husband,Black,Male,0.0,0.0,50,Trinadad&Tobago,<=50K
60,Private,63296.0,Masters,14,Divorced,Prof-specialty,Other-relative,Black,Male,0.0,0.0,40,United-States,<=50K
41,Private,106900.0,Bachelors,13,Married-civ-spouse,Tech-support,Husband,White,Male,0.0,0.0,38,United-States,<=50K
31,Self-emp-not-inc,369648.0,Assoc-acdm,12,Married-civ-spouse,Craft-repair,Not-in-family,White,Male,0.0,0.0,50,United-States,>50K
31,Private,385959.0,Bachelors,13,Never-married,Adm-clerical,Not-in-family,White,Male,0.0,0.0,50,United-States,<=50K
49,Private,104542.0,HS-grad,9,Divorced,Adm-clerical,Not-in-family,White,Female,0.0,0.0,40,United-States,<=50K
50,Federal-gov,186272.0,Some-college,10,Married-civ-spouse,Exec-managerial,Husband,White,Male,0.0,0.0,40,United-States,<=50K
62,Private,162825.0,HS-grad,9,Married-civ-spouse,Machine-op-inspct,Husband,White,Male,0.0,0.0,40,United-States,>50K
40,Private,190044.0,Assoc-acdm,12,Married-civ-spouse,Other-service,Husband,White,Male,0.0,0.0,40,United-States,<=50K
26,Private,333677.0,Bachelors,13,Never-married,Exec-managerial,Own-child,White,Male,2463.0,0.0,35,United-States,<=50K
19,Private,231688.0,Some-college,10,Never-married,Machine-op-inspct,Own-child,White,Male,0.0,0.0,20,United-States,<=50K
68,Self-emp-not-inc,241174.0,7th-8th,4,Married-civ-spouse,Exec-managerial,Husband,White,Male,0.0,0.0,16,United-States,<=50K
32,Private,358655.0,Masters,14,Divorced,Sales,Not-in-family,White,Female,0.0,0.0,50,United-States,>50K
21,Private,184543.0,HS-grad,9,Never-married,Sales,Not-in-family,White,Female,0.0,0.0,40,United-States,<=50K
53,Federal-gov,172898.0,Prof-school,15,Married-civ-spouse,Prof-specialty,Husband,White,Male,0.0,0.0,60,United-States,>50K
24,Private,311376.0,Bachelors,13,Never-married,Prof-specialty,Not-in-family,White,Female,0.0,0.0,40,United-States,<=50K
39,Self-emp-not-inc,83242.0,Some-college,10,Married-civ-spouse,Farming-fishing,Husband,White,Male,0.0,0.0,60,United-States,<=50K
24,Private,222853.0,Some-college,10,Never-married,Craft-repair,Unmarried,White,Male,0.0,0.0,50,United-States,<=50K
24,Local-gov,117023.0,Bachelors,13,Never-married,Prof-specialty,Own-child,White,Female,0.0,0.0,40,United-States,<=50K
30,Private,109282.0,Some-college,10,Never-married,Sales,Own-child,White,Male,0.0,0.0,20,United-States,<=50K
47,Private,216414.0,Bachelors,13,Never-married,Exec-managerial,Not-in-family,White,Male,0.0,0.0,40,United-States,<=50K
24,State-gov,184216.0,Some-college,10,Never-married,Adm-clerical,Own-child,White,Female,0.0,0.0,40,United-States,<=50K
17,Private,28544.0,11th,7,Never-married,Sales,Not-in-family,White,Female,0.0,0.0,20,United-States,<=50K
38,Private,272017.0,HS-grad,9,Never-married,Machine-op-inspct,Not-in-family,White,Male,0.0,0.0,40,United-States,<=50K
29,Private,87905.0,HS-grad,9,Divorced,Other-service,Not-in-family,White,Male,10520.0,0.0,40,United-States,>50K
31,Private,78662.0,HS-grad,9,Separated,Sales,Unmarried,White,Female,0.0,0.0,40,Mexico,<=50K
19,Private,234725.0,12th,8,Never-married,Machine-op-inspct,Own-child,White,Male,0.0,0.0,40,United-States,<=50K
19,Private,104112.0,HS-grad,9,Never-married,Sales,Unmarried,Black,Male,0.0,0.0,30,Haiti,<=50K
19,Private,331556.0,10th,6,Never-married,Other-service,Not-in-family,White,Female,0.0,0.0,40,United-States,<=50K
21,Private,203894.0,Assoc-voc,11,Never-married,Adm-clerical,Own-child,White,Female,0.0,0.0,40,United-States,<=50K
37,Private,110713.0,HS-grad,9,Married-civ-spouse,Sales,Husband,White,Male,0.0,0.0,50,United-States,>50K
80,Self-emp-not-inc,184335.0,7th-8th,4,Married-civ-spouse,Farming-fishing,Husband,White,Male,0.0,0.0,30,United-States,<=50K
28,Self-emp-not-inc,149324.0,Some-college,10,Married-civ-spouse,Prof-specialty,Husband,White,Male,0.0,0.0,7,United-States,<=50K
23,Private,181557.0,HS-grad,9,Never-married,Other-service,Own-child,Black,Male,0.0,0.0,25,United-States,<=50K
21,Private,126613.0,Some-college,10,Never-married,Other-service,Own-child,White,Female,0.0,0.0,40,United-States,<=50K
44,Private,60722.0,HS-grad,9,Divorced,Sales,Not-in-family,Asian-Pac-Islander,Female,0.0,0.0,40,United-States,<=50K
32,Private,31714.0,Some-college,10,Divorced,Adm-clerical,Other-relative,White,Female,4865.0,0.0,40,United-States,<=50K
58,Private,159008.0,Bachelors,13,Married-civ-spouse,Prof-specialty,Husband,White,Male,0.0,1887.0,40,United-States,>50K
36,Private,91275.0,Some-college,10,Never-married,Adm-clerical,Unmarried,Asian-Pac-Islander,Female,0.0,0.0,40,United-States,<=50K
40,Private,349405.0,Assoc-voc,11,Married-civ-spouse,Prof-specialty,Wife,White,Female,0.0,0.0,36,United-States,<=50K
31,Private,119422.0,HS-grad,9,Married-civ-spouse,Sales,Husband,White,Male,0.0,0.0,40,United-States,<=50K
42,Self-emp-not-inc,248094.0,HS-grad,9,Married-civ-spouse,Farming-fishing,Husband,White,Male,0.0,0.0,50,United-States,<=50K
47,Federal-gov,27067.0,HS-grad,9,Divorced,Adm-clerical,Not-in-family,White,Female,0.0,0.0,40,United-States,<=50K
34,Private,169583.0,Masters,14,Never-married,Exec-managerial,Not-in-family,White,Female,0.0,0.0,50,United-States,>50K
24,Private,399449.0,Bachelors,13,Never-married,Sales,Own-child,White,Female,0.0,0.0,40,United-States,<=50K
60,Private,200047.0,Masters,14,Married-civ-spouse,Adm-clerical,Husband,White,Male,0.0,0.0,40,United-States,<=50K
21,Private,177711.0,HS-grad,9,Never-married,Transport-moving,Own-child,Black,Male,0.0,0.0,40,United-States,<=50K
21,Private,195248.0,Some-college,10,Never-married,Sales,Own-child,Other,Female,0.0,0.0,20,United-States,<=50K
34,Self-emp-inc,28984.0,Assoc-voc,11,Divorced,Sales,Unmarried,White,Female,0.0,0.0,40,United-States,<=50K
29,Local-gov,94064.0,Masters,14,Married-civ-spouse,Prof-specialty,Husband,White,Male,0.0,0.0,50,United-States,<=50K
30,Private,205152.0,Assoc-voc,11,Married-civ-spouse,Exec-managerial,Husband,White,Male,0.0,0.0,35,United-States,>50K
28,Self-emp-inc,215423.0,HS-grad,9,Never-married,Exec-managerial,Not-in-family,White,Female,0.0,0.0,70,United-States,<=50K
42,Private,183319.0,HS-grad,9,Divorced,Craft-repair,Not-in-family,White,Male,0.0,0.0,43,United-States,>50K
54,Private,175262.0,Preschool,1,Married-civ-spouse,Craft-repair,Husband,Asian-Pac-Islander,Male,0.0,0.0,40,China,<=50K
90,Local-gov,187749.0,Assoc-acdm,12,Married-civ-spouse,Adm-clerical,Husband,Asian-Pac-Islander,Male,0.0,0.0,20,Philippines,<=50K
25,Private,122756.0,11th,7,Separated,Machine-op-inspct,Not-in-family,Black,Male,0.0,0.0,35,United-States,<=50K
17,Private,219199.0,10th,6,Never-married,Other-service,Own-child,Black,Male,0.0,0.0,15,United-States,<=50K
37,Private,172232.0,HS-grad,9,Never-married,Other-service,Unmarried,Black,Female,0.0,0.0,30,United-States,<=50K
37,Local-gov,244341.0,Some-college,10,Never-married,Adm-clerical,Unmarried,Black,Female,0.0,0.0,40,United-States,<=50K
45,Private,192835.0,Bachelors,13,Married-civ-spouse,Exec-managerial,Husband,White,Male,0.0,1977.0,55,United-States,>50K
48,Local-gov,328610.0,Masters,14,Married-civ-spouse,Prof-specialty,Husband,White,Male,0.0,0.0,50,United-States,>50K
37,Private,123211.0,HS-grad,9,Married-civ-spouse,Other-service,Husband,White,Male,0.0,0.0,44,United-States,>50K
52,Self-emp-not-inc,313243.0,HS-grad,9,Married-civ-spouse,Craft-repair,Husband,White,Male,0.0,0.0,55,United-States,>50K
33,Private,188246.0,Masters,14,Married-civ-spouse,Exec-managerial,Husband,White,Male,7298.0,0.0,45,United-States,>50K
20,Federal-gov,244689.0,11th,7,Never-married,Other-service,Own-child,White,Female,0.0,0.0,10,United-States,<=50K
36,Private,272944.0,HS-grad,9,Never-married,Transport-moving,Not-in-family,White,Male,0.0,0.0,45,United-States,<=50K
37,Local-gov,34173.0,HS-grad,9,Married-civ-spouse,Other-service,Wife,White,Female,0.0,0.0,25,United-States,<=50K
58,Private,180980.0,Some-college,10,Divorced,Other-service,Unmarried,White,Female,0.0,0.0,42,France,<=50K
26,Private,173927.0,Assoc-voc,11,Never-married,Prof-specialty,Own-child,Other,Female,0.0,0.0,60,Jamaica,<=50K
53,Private,196278.0,Some-college,10,Widowed,Sales,Not-in-family,White,Female,0.0,0.0,40,United-States,<=50K
61,Self-emp-not-inc,392694.0,Some-college,10,Divorced,Exec-managerial,Not-in-family,White,Male,0.0,0.0,50,United-States,>50K
45,Private,236040.0,Some-college,10,Married-civ-spouse,Prof-specialty,Husband,White,Male,0.0,0.0,40,United-States,>50K
23,Private,249087.0,Bachelors,13,Never-married,Tech-support,Own-child,White,Female,0.0,0.0,40,United-States,<=50K
36,Self-emp-not-inc,135416.0,Some-college,10,Married-civ-spouse,Other-service,Wife,White,Female,0.0,0.0,50,United-States,<=50K
43,Private,146770.0,HS-grad,9,Married-spouse-absent,Adm-clerical,Unmarried,White,Female,0.0,0.0,40,United-States,<=50K
40,Private,254478.0,Some-college,10,Married-civ-spouse,Craft-repair,Husband,White,Male,7298.0,0.0,50,United-States,>50K
60,Self-emp-not-inc,95490.0,HS-grad,9,Married-civ-spouse,Sales,Husband,White,Male,0.0,0.0,45,United-States,<=50K
44,Local-gov,360884.0,Masters,14,Divorced,Prof-specialty,Unmarried,White,Female,0.0,0.0,40,United-States,<=50K
28,Private,306538.0,12th,8,Never-married,Prof-specialty,Unmarried,White,Female,0.0,0.0,40,United-States,<=50K
26,Private,214413.0,Some-college,10,Never-married,Craft-repair,Own-child,White,Male,0.0,0.0,40,United-States,<=50K
55,Private,115198.0,9th,5,Married-civ-spouse,Transport-moving,Wife,White,Female,0.0,0.0,48,United-States,<=50K
69,State-gov,50468.0,Prof-school,15,Married-civ-spouse,Adm-clerical,Husband,White,Male,0.0,0.0,34,United-States,>50K
31,Private,141288.0,Some-college,10,Never-married,Adm-clerical,Not-in-family,White,Female,0.0,0.0,40,United-States,<=50K
25,Private,222089.0,HS-grad,9,Never-married,Other-service,Unmarried,Black,Female,0.0,0.0,40,Thailand,<=50K
22,Private,192455.0,HS-grad,9,Never-married,Adm-clerical,Unmarried,White,Female,0.0,0.0,40,United-States,<=50K
62,Federal-gov,57629.0,Some-college,10,Divorced,Tech-support,Not-in-family,Black,Male,4650.0,0.0,40,United-States,<=50K
33,Private,236304.0,Bachelors,13,Married-civ-spouse,Exec-managerial,Husband,Black,Male,0.0,0.0,60,United-States,>50K
22,Local-gov,138575.0,HS-grad,9,Never-married,Protective-serv,Unmarried,White,Male,0.0,0.0,56,United-States,<=50K
59,Private,374924.0,HS-grad,9,Separated,Sales,Unmarried,Black,Female,0.0,0.0,40,United-States,<=50K
27,Private,372500.0,5th-6th,3,Married-civ-spouse,Handlers-cleaners,Husband,White,Male,0.0,0.0,45,Mexico,<=50K
34,Private,101510.0,Bachelors,13,Divorced,Sales,Not-in-family,White,Female,0.0,0.0,50,United-States,>50K
20,Private,342599.0,Some-college,10,Never-married,Handlers-cleaners,Own-child,White,Male,0.0,0.0,35,United-States,<=50K
31,Private,178841.0,HS-grad,9,Never-married,Adm-clerical,Not-in-family,White,Female,0.0,0.0,40,United-States,<=50K
30,Private,402539.0,HS-grad,9,Never-married,Adm-clerical,Unmarried,White,Female,0.0,0.0,40,United-States,<=50K
37,Private,103925.0,HS-grad,9,Widowed,Adm-clerical,Unmarried,White,Female,0.0,0.0,68,United-States,<=50K
32,Private,162160.0,Some-college,10,Married-civ-spouse,Exec-managerial,Husband,White,Male,0.0,0.0,40,United-States,<=50K
21,Private,198259.0,Some-college,10,Never-married,Adm-clerical,Own-child,White,Female,0.0,0.0,15,United-States,<=50K
30,Local-gov,364310.0,Bachelors,13,Never-married,Prof-specialty,Not-in-family,Black,Female,0.0,0.0,40,Germany,<=50K
25,Local-gov,348986.0,HS-grad,9,Never-married,Handlers-cleaners,Other-relative,Black,Male,0.0,0.0,40,United-States,<=50K
58,Private,132704.0,Bachelors,13,Divorced,Adm-clerical,Not-in-family,White,Male,3325.0,0.0,40,United-States,<=50K
46,Private,114328.0,Some-college,10,Divorced,Machine-op-inspct,Not-in-family,White,Male,0.0,0.0,40,United-States,<=50K
55,Self-emp-not-inc,126117.0,HS-grad,9,Widowed,Sales,Not-in-family,White,Male,0.0,0.0,40,United-States,<=50K
45,Private,102771.0,HS-grad,9,Married-civ-spouse,Exec-managerial,Husband,White,Male,0.0,0.0,40,United-States,>50K
26,Private,219815.0,Some-college,10,Married-spouse-absent,Adm-clerical,Unmarried,White,Female,0.0,0.0,40,United-States,<=50K
23,Private,97472.0,HS-grad,9,Married-civ-spouse,Craft-repair,Husband,White,Male,0.0,0.0,40,United-States,<=50K
60,Private,220729.0,7th-8th,4,Married-civ-spouse,Sales,Husband,White,Male,0.0,0.0,50,United-States,<=50K
24,Private,249957.0,Some-college,10,Never-married,Exec-managerial,Own-child,White,Male,0.0,0.0,40,United-States,<=50K
44,Private,303521.0,Some-college,10,Divorced,Craft-repair,Not-in-family,White,Male,0.0,0.0,40,United-States,<=50K
58,Private,252419.0,11th,7,Married-civ-spouse,Transport-moving,Husband,White,Male,0.0,0.0,50,United-States,<=50K
37,Private,130277.0,5th-6th,3,Separated,Other-service,Unmarried,White,Female,0.0,0.0,40,United-States,<=50K
31,Federal-gov,294870.0,Assoc-acdm,12,Married-civ-spouse,Craft-repair,Husband,White,Male,0.0,0.0,40,United-States,<=50K
54,Federal-gov,230387.0,HS-grad,9,Widowed,Adm-clerical,Unmarried,White,Female,0.0,0.0,35,United-States,<=50K
22,Private,203240.0,10th,6,Never-married,Adm-clerical,Not-in-family,White,Female,0.0,0.0,40,United-States,<=50K
33,State-gov,162705.0,Some-college,10,Divorced,Other-service,Unmarried,White,Female,0.0,0.0,99,United-States,>50K
42,Private,47012.0,Bachelors,13,Married-civ-spouse,Transport-moving,Husband,White,Male,0.0,0.0,40,United-States,<=50K
46,Private,148995.0,HS-grad,9,Married-civ-spouse,Sales,Husband,White,Male,0.0,0.0,40,United-States,>50K
46,State-gov,114396.0,Masters,14,Married-civ-spouse,Prof-specialty,Husband,White,Male,0.0,0.0,40,United-States,>50K
73,Private,173047.0,Bachelors,13,Married-civ-spouse,Prof-specialty,Husband,White,Male,0.0,0.0,15,United-States,<=50K
49,Private,196360.0,Some-college,10,Married-civ-spouse,Exec-managerial,Husband,White,Male,0.0,0.0,46,United-States,>50K
26,Private,289700.0,Some-college,10,Married-civ-spouse,Other-service,Husband,White,Male,0.0,0.0,25,United-States,<=50K
55,Private,82098.0,HS-grad,9,Married-civ-spouse,Exec-managerial,Husband,Asian-Pac-Islander,Male,0.0,0.0,55,United-States,<=50K
42,Federal-gov,198316.0,Masters,14,Married-civ-spouse,Exec-managerial,Husband,White,Male,0.0,0.0,40,United-States,>50K
25,Private,181772.0,Some-college,10,Married-civ-spouse,Craft-repair,Husband,White,Male,0.0,0.0,40,United-States,<=50K
52,Private,160703.0,HS-grad,9,Married-civ-spouse,Adm-clerical,Husband,White,Male,0.0,0.0,48,United-States,<=50K
24,Private,251603.0,HS-grad,9,Never-married,Adm-clerical,Own-child,White,Female,0.0,0.0,40,United-States,<=50K
38,Private,39606.0,Bachelors,13,Married-civ-spouse,Exec-managerial,Wife,White,Female,0.0,0.0,40,United-States,<=50K
24,Private,205865.0,HS-grad,9,Never-married,Sales,Unmarried,White,Male,0.0,0.0,45,United-States,<=50K
22,Private,228254.0,Some-college,10,Never-married,Adm-clerical,Unmarried,Black,Female,0.0,0.0,37,United-States,<=50K
38,Private,185053.0,Masters,14,Married-civ-spouse,Prof-specialty,Wife,White,Female,0.0,0.0,20,United-States,>50K
30,Private,169002.0,Bachelors,13,Married-civ-spouse,Tech-support,Husband,White,Male,0.0,0.0,40,United-States,>50K
44,Private,54310.0,Masters,14,Married-civ-spouse,Prof-specialty,Husband,White,Male,7298.0,0.0,40,United-States,>50K
23,Private,255252.0,HS-grad,9,Never-married,Craft-repair,Own-child,White,Male,0.0,0.0,40,United-States,<=50K
38,Private,96330.0,Assoc-voc,11,Divorced,Adm-clerical,Unmarried,Black,Female,0.0,0.0,40,United-States,<=50K
41,Private,239296.0,Masters,14,Married-civ-spouse,Prof-specialty,Husband,White,Male,0.0,2415.0,50,United-States,>50K
27,Private,604045.0,Bachelors,13,Never-married,Sales,Not-in-family,White,Male,0.0,0.0,40,United-States,<=50K
22,Private,122272.0,HS-grad,9,Never-married,Adm-clerical,Own-child,White,Female,0.0,0.0,40,United-States,<=50K
57,Private,169071.0,HS-grad,9,Divorced,Sales,Unmarried,White,Female,0.0,0.0,28,United-States,<=50K
31,Self-emp-inc,72744.0,HS-grad,9,Divorced,Other-service,Unmarried,White,Male,0.0,0.0,30,United-States,<=50K
61,Private,227468.0,HS-grad,9,Divorced,Adm-clerical,Unmarried,Black,Female,0.0,0.0,40,United-States,<=50K
51,Private,185283.0,Some-college,10,Married-civ-spouse,Exec-managerial,Husband,White,Male,0.0,0.0,45,United-States,>50K
48,Private,326048.0,Assoc-acdm,12,Divorced,Other-service,Not-in-family,White,Male,0.0,0.0,44,United-States,<=50K
51,Private,253357.0,HS-grad,9,Married-civ-spouse,Craft-repair,Husband,White,Male,0.0,0.0,40,United-States,<=50K
51,Private,245356.0,Some-college,10,Married-civ-spouse,Exec-managerial,Husband,White,Male,7298.0,0.0,55,United-States,>50K
41,Private,193882.0,HS-grad,9,Married-civ-spouse,Exec-managerial,Husband,White,Male,15024.0,0.0,65,United-States,>50K
36,State-gov,205555.0,Prof-school,15,Divorced,Prof-specialty,Own-child,Asian-Pac-Islander,Female,0.0,0.0,40,Philippines,<=50K
19,Private,186096.0,HS-grad,9,Never-married,Other-service,Own-child,Black,Male,0.0,0.0,30,United-States,<=50K
29,Private,234972.0,Some-college,10,Married-civ-spouse,Sales,Husband,White,Male,0.0,0.0,50,United-States,>50K
32,Self-emp-not-inc,203408.0,HS-grad,9,Married-civ-spouse,Craft-repair,Husband,White,Male,0.0,0.0,44,United-States,<=50K
35,Private,165767.0,Some-college,10,Married-civ-spouse,Machine-op-inspct,Husband,White,Male,0.0,0.0,40,United-States,<=50K
34,Private,152493.0,HS-grad,9,Divorced,Transport-moving,Unmarried,White,Male,0.0,0.0,60,United-States,<=50K
28,Private,108706.0,11th,7,Never-married,Handlers-cleaners,Own-child,White,Female,0.0,0.0,20,United-States,<=50K
58,Private,187060.0,HS-grad,9,Divorced,Adm-clerical,Not-in-family,White,Female,0.0,0.0,40,Canada,<=50K
58,Private,216941.0,HS-grad,9,Divorced,Exec-managerial,Unmarried,White,Female,0.0,0.0,40,United-States,<=50K
57,Private,122562.0,10th,6,Married-civ-spouse,Transport-moving,Husband,White,Male,0.0,0.0,60,United-States,>50K
45,Private,123681.0,HS-grad,9,Married-civ-spouse,Handlers-cleaners,Husband,White,Male,0.0,0.0,40,United-States,<=50K
38,State-gov,168223.0,Some-college,10,Divorced,Adm-clerical,Unmarried,White,Female,0.0,0.0,40,United-States,<=50K
46,Local-gov,199281.0,Bachelors,13,Separated,Prof-specialty,Unmarried,White,Male,0.0,0.0,40,United-States,<=50K
22,Local-gov,289982.0,Bachelors,13,Never-married,Prof-specialty,Own-child,White,Female,0.0,0.0,35,United-States,<=50K
54,Self-emp-inc,96460.0,HS-grad,9,Married-civ-spouse,Exec-managerial,Husband,White,Male,7688.0,0.0,60,United-States,>50K
32,Private,334744.0,HS-grad,9,Never-married,Tech-support,Not-in-family,White,Male,0.0,0.0,45,United-States,<=50K
20,Private,241951.0,HS-grad,9,Never-married,Handlers-cleaners,Not-in-family,White,Male,0.0,0.0,45,United-States,<=50K
55,Private,376548.0,HS-grad,9,Married-civ-spouse,Protective-serv,Husband,White,Male,0.0,0.0,40,United-States,<=50K
48,Private,195554.0,Some-college,10,Married-civ-spouse,Machine-op-inspct,Husband,White,Male,7298.0,0.0,40,United-States,>50K
22,Private,139190.0,HS-grad,9,Never-married,Craft-repair,Own-child,White,Male,0.0,0.0,50,United-States,<=50K
52,State-gov,149650.0,Doctorate,16,Married-civ-spouse,Prof-specialty,Husband,White,Male,0.0,0.0,40,Iran,>50K
66,Private,313255.0,Some-college,10,Married-civ-spouse,Sales,Husband,White,Male,0.0,0.0,24,United-States,<=50K
51,Private,138022.0,Masters,14,Married-civ-spouse,Exec-managerial,Husband,White,Male,0.0,0.0,60,United-States,>50K
19,Private,39026.0,HS-grad,9,Never-married,Adm-clerical,Own-child,White,Male,0.0,0.0,40,United-States,<=50K
52,Private,245275.0,10th,6,Married-civ-spouse,Other-service,Wife,White,Female,0.0,0.0,35,United-States,<=50K
44,Private,111502.0,HS-grad,9,Married-civ-spouse,Sales,Wife,White,Female,0.0,0.0,40,United-States,<=50K
65,Private,183544.0,9th,5,Widowed,Sales,Not-in-family,White,Female,0.0,0.0,38,United-States,<=50K
44,Private,96129.0,Bachelors,13,Married-civ-spouse,Exec-managerial,Husband,White,Male,0.0,0.0,40,United-States,>50K
21,Private,80680.0,HS-grad,9,Never-married,Other-service,Not-in-family,White,Female,0.0,0.0,64,United-States,<=50K
22,Private,535027.0,Some-college,10,Never-married,Transport-moving,Unmarried,Black,Male,0.0,0.0,15,United-States,<=50K
37,Private,182675.0,Some-college,10,Married-civ-spouse,Exec-managerial,Wife,White,Female,0.0,0.0,45,United-States,>50K
57,Private,56080.0,HS-grad,9,Married-civ-spouse,Other-service,Husband,White,Male,0.0,0.0,60,United-States,<=50K
62,Private,197286.0,12th,8,Married-civ-spouse,Farming-fishing,Husband,White,Male,0.0,0.0,48,Germany,<=50K
44,Private,151504.0,Some-college,10,Married-civ-spouse,Sales,Husband,White,Male,0.0,0.0,50,United-States,<=50K
41,Private,193494.0,HS-grad,9,Married-civ-spouse,Craft-repair,Husband,White,Male,0.0,0.0,44,United-States,<=50K
44,Private,228516.0,HS-grad,9,Never-married,Other-service,Unmarried,White,Male,0.0,0.0,20,Portugal,<=50K
20,Self-emp-inc,104443.0,Some-college,10,Never-married,Adm-clerical,Own-child,White,Female,0.0,0.0,20,United-States,<=50K
45,Private,182703.0,Masters,14,Divorced,Adm-clerical,Not-in-family,Amer-Indian-Eskimo,Female,0.0,0.0,36,United-States,<=50K
39,Private,139012.0,Bachelors,13,Married-civ-spouse,Adm-clerical,Husband,Asian-Pac-Islander,Male,0.0,0.0,40,Philippines,>50K
27,Private,206199.0,HS-grad,9,Never-married,Craft-repair,Not-in-family,Black,Male,0.0,0.0,40,United-States,<=50K
31,Private,130620.0,11th,7,Married-spouse-absent,Sales,Own-child,Asian-Pac-Islander,Female,0.0,0.0,40,India,<=50K
41,Self-emp-not-inc,37618.0,Assoc-acdm,12,Married-civ-spouse,Craft-repair,Husband,White,Male,0.0,0.0,60,United-States,>50K
54,Private,151580.0,Bachelors,13,Married-civ-spouse,Adm-clerical,Husband,White,Male,0.0,0.0,40,France,>50K
18,Private,188241.0,11th,7,Never-married,Other-service,Own-child,White,Male,0.0,0.0,16,United-States,<=50K
24,Private,88095.0,Some-college,10,Never-married,Machine-op-inspct,Not-in-family,White,Female,0.0,0.0,24,Mexico,<=50K
46,Private,128645.0,Some-college,10,Divorced,Prof-specialty,Not-in-family,White,Female,0.0,0.0,40,United-States,<=50K
46,Private,23545.0,HS-grad,9,Divorced,Protective-serv,Not-in-family,White,Male,0.0,0.0,40,United-States,<=50K
40,Private,321856.0,HS-grad,9,Divorced,Transport-moving,Not-in-family,White,Male,0.0,0.0,60,United-States,>50K
23,Private,73968.0,Some-college,10,Married-civ-spouse,Craft-repair,Husband,White,Male,0.0,0.0,50,United-States,<=50K
44,Private,210013.0,HS-grad,9,Married-civ-spouse,Transport-moving,Husband,White,Male,0.0,0.0,40,United-States,>50K
48,Private,117251.0,HS-grad,9,Widowed,Adm-clerical,Not-in-family,White,Female,0.0,0.0,32,United-States,<=50K
59,State-gov,159472.0,9th,5,Married-civ-spouse,Transport-moving,Husband,White,Male,0.0,0.0,40,United-States,<=50K
32,Self-emp-not-inc,70985.0,HS-grad,9,Married-civ-spouse,Farming-fishing,Husband,White,Male,4064.0,0.0,40,United-States,<=50K
30,Private,182714.0,Some-college,10,Never-married,Exec-managerial,Not-in-family,White,Female,0.0,0.0,40,England,<=50K
43,Private,174575.0,Some-college,10,Divorced,Adm-clerical,Not-in-family,White,Male,0.0,0.0,45,United-States,<=50K
18,Private,150817.0,12th,8,Never-married,Protective-serv,Own-child,White,Female,0.0,0.0,45,United-States,<=50K
56,Self-emp-inc,119891.0,Some-college,10,Married-civ-spouse,Exec-managerial,Husband,White,Male,0.0,1672.0,40,United-States,<=50K
41,Self-emp-not-inc,29762.0,Some-college,10,Married-civ-spouse,Farming-fishing,Husband,White,Male,5013.0,0.0,70,United-States,<=50K
20,Private,100188.0,Some-college,10,Never-married,Tech-support,Own-child,White,Female,0.0,0.0,24,United-States,<=50K
41,Private,149102.0,HS-grad,9,Married-spouse-absent,Craft-repair,Not-in-family,White,Male,0.0,0.0,40,Poland,<=50K
47,Private,154117.0,HS-grad,9,Separated,Craft-repair,Other-relative,White,Female,0.0,0.0,40,United-States,<=50K
36,Self-emp-not-inc,119272.0,HS-grad,9,Married-civ-spouse,Exec-managerial,Husband,White,Male,0.0,0.0,38,United-States,<=50K
39,Private,229647.0,Bachelors,13,Never-married,Tech-support,Not-in-family,White,Female,0.0,1669.0,40,United-States,<=50K
33,Private,201122.0,HS-grad,9,Separated,Tech-support,Not-in-family,White,Male,0.0,0.0,40,United-States,<=50K
27,Private,300783.0,Some-college,10,Married-civ-spouse,Sales,Wife,White,Female,0.0,0.0,42,United-States,>50K
58,Private,312131.0,Masters,14,Married-civ-spouse,Sales,Husband,White,Male,0.0,0.0,40,United-States,<=50K
41,Private,197093.0,Bachelors,13,Divorced,Prof-specialty,Not-in-family,Black,Male,0.0,0.0,40,United-States,<=50K
36,Private,292570.0,HS-grad,9,Never-married,Adm-clerical,Own-child,White,Female,3325.0,0.0,40,United-States,<=50K
64,Self-emp-not-inc,169604.0,HS-grad,9,Married-civ-spouse,Craft-repair,Husband,White,Male,0.0,0.0,30,United-States,>50K
47,Private,137354.0,Some-college,10,Married-civ-spouse,Craft-repair,Husband,Amer-Indian-Eskimo,Male,0.0,0.0,40,United-States,<=50K
21,Private,253190.0,Some-college,10,Never-married,Handlers-cleaners,Not-in-family,White,Male,0.0,0.0,48,United-States,<=50K
39,Private,118429.0,Some-college,10,Divorced,Sales,Not-in-family,White,Male,0.0,0.0,40,United-States,<=50K
47,Private,326857.0,Assoc-voc,11,Married-civ-spouse,Craft-repair,Husband,White,Male,5013.0,0.0,40,United-States,<=50K
43,Self-emp-not-inc,388725.0,Some-college,10,Married-civ-spouse,Farming-fishing,Husband,White,Male,0.0,0.0,60,United-States,>50K
37,Private,210945.0,HS-grad,9,Married-civ-spouse,Handlers-cleaners,Husband,White,Male,0.0,0.0,24,United-States,<=50K
64,Private,387669.0,1st-4th,2,Married-civ-spouse,Transport-moving,Husband,White,Male,0.0,0.0,40,United-States,<=50K
46,Self-emp-not-inc,198759.0,Bachelors,13,Married-civ-spouse,Sales,Husband,White,Male,0.0,0.0,50,United-States,>50K
61,Private,195595.0,7th-8th,4,Married-spouse-absent,Machine-op-inspct,Not-in-family,White,Male,0.0,0.0,40,Guatemala,<=50K
22,Private,197050.0,HS-grad,9,Never-married,Other-service,Own-child,White,Female,0.0,0.0,20,United-States,<=50K
27,Private,37088.0,Assoc-acdm,12,Never-married,Other-service,Not-in-family,White,Male,0.0,0.0,40,United-States,<=50K
33,Private,557805.0,Assoc-voc,11,Never-married,Sales,Other-relative,White,Female,0.0,0.0,40,El-Salvador,<=50K
47,Private,207207.0,HS-grad,9,Divorced,Sales,Unmarried,White,Female,0.0,0.0,45,United-States,<=50K
57,Self-emp-not-inc,291167.0,Some-college,10,Married-civ-spouse,Craft-repair,Husband,White,Male,0.0,0.0,40,United-States,<=50K
45,Private,114032.0,Prof-school,15,Married-civ-spouse,Prof-specialty,Husband,White,Male,0.0,0.0,60,United-States,>50K
61,Private,72442.0,HS-grad,9,Married-civ-spouse,Craft-repair,Husband,White,Male,0.0,0.0,40,United-States,>50K
19,Private,112432.0,HS-grad,9,Married-civ-spouse,Handlers-cleaners,Husband,White,Male,0.0,0.0,58,United-States,<=50K
21,Private,72593.0,HS-grad,9,Never-married,Other-service,Own-child,White,Male,0.0,0.0,40,United-States,<=50K
20,Private,324469.0,Some-college,10,Never-married,Machine-op-inspct,Not-in-family,White,Female,0.0,0.0,40,United-States,<=50K
60,Private,178050.0,HS-grad,9,Divorced,Other-service,Unmarried,Black,Female,0.0,0.0,38,United-States,<=50K
38,Local-gov,287658.0,Masters,14,Divorced,Prof-specialty,Not-in-family,Black,Male,0.0,0.0,40,Jamaica,<=50K
20,Private,119215.0,Some-college,10,Never-married,Transport-moving,Own-child,White,Male,0.0,0.0,40,United-States,<=50K
27,Private,228472.0,Bachelors,13,Married-civ-spouse,Craft-repair,Husband,White,Male,0.0,0.0,45,United-States,>50K
27,Private,262478.0,HS-grad,9,Never-married,Farming-fishing,Own-child,Black,Male,0.0,0.0,30,United-States,<=50K
44,Private,112262.0,Bachelors,13,Married-civ-spouse,Tech-support,Husband,White,Male,5178.0,0.0,40,United-States,>50K
45,Self-emp-not-inc,184285.0,Bachelors,13,Divorced,Prof-specialty,Not-in-family,White,Male,0.0,0.0,45,United-States,<=50K
34,Private,187203.0,Prof-school,15,Married-civ-spouse,Sales,Husband,White,Male,7688.0,0.0,40,United-States,>50K
43,Federal-gov,94937.0,Bachelors,13,Divorced,Adm-clerical,Unmarried,White,Female,0.0,0.0,40,United-States,<=50K
26,Self-emp-not-inc,34307.0,Assoc-voc,11,Never-married,Farming-fishing,Own-child,White,Male,0.0,0.0,65,United-States,<=50K
38,Private,78247.0,Some-college,10,Married-civ-spouse,Exec-managerial,Husband,White,Male,0.0,0.0,40,United-States,<=50K
25,Private,255647.0,HS-grad,9,Married-civ-spouse,Other-service,Wife,White,Female,0.0,0.0,25,Mexico,<=50K
58,Local-gov,217775.0,HS-grad,9,Married-civ-spouse,Exec-managerial,Husband,White,Male,7298.0,0.0,40,United-States,>50K
31,Local-gov,189269.0,HS-grad,9,Never-married,Protective-serv,Own-child,White,Male,0.0,0.0,40,United-States,<=50K
42,Private,188243.0,Bachelors,13,Divorced,Exec-managerial,Not-in-family,White,Female,0.0,0.0,50,United-States,>50K
39,Private,139906.0,HS-grad,9,Divorced,Other-service,Unmarried,White,Female,0.0,0.0,81,United-States,<=50K
38,Private,43311.0,5th-6th,3,Married-civ-spouse,Other-service,Wife,White,Female,0.0,0.0,40,El-Salvador,<=50K
64,Local-gov,181628.0,HS-grad,9,Married-civ-spouse,Prof-specialty,Wife,White,Female,0.0,0.0,20,United-States,<=50K
79,Private,172220.0,7th-8th,4,Widowed,Priv-house-serv,Not-in-family,White,Female,2964.0,0.0,30,United-States,<=50K
35,Private,165930.0,Some-college,10,Married-civ-spouse,Craft-repair,Husband,White,Male,0.0,0.0,40,United-States,<=50K
20,Private,121568.0,HS-grad,9,Married-civ-spouse,Handlers-cleaners,Husband,White,Male,0.0,0.0,50,United-States,<=50K
46,Local-gov,197988.0,1st-4th,2,Never-married,Other-service,Not-in-family,Amer-Indian-Eskimo,Female,0.0,0.0,20,United-States,<=50K
62,Private,148113.0,10th,6,Married-civ-spouse,Craft-repair,Husband,Black,Male,0.0,0.0,40,United-States,<=50K
38,Private,255941.0,Masters,14,Never-married,Exec-managerial,Not-in-family,White,Female,10520.0,0.0,50,United-States,>50K
31,Self-emp-not-inc,286282.0,Bachelors,13,Married-civ-spouse,Adm-clerical,Wife,White,Female,0.0,0.0,20,United-States,<=50K
36,Private,162358.0,Masters,14,Never-married,Prof-specialty,Not-in-family,White,Female,0.0,1408.0,40,United-States,<=50K
20,Private,236601.0,Some-college,10,Never-married,Sales,Not-in-family,White,Male,0.0,0.0,20,United-States,<=50K
37,Private,132702.0,Bachelors,13,Married-spouse-absent,Exec-managerial,Not-in-family,White,Female,0.0,0.0,40,United-States,<=50K
37,Private,254202.0,Bachelors,13,Married-civ-spouse,Sales,Husband,White,Male,0.0,0.0,50,United-States,<=50K
42,Private,29393.0,Some-college,10,Divorced,Machine-op-inspct,Not-in-family,White,Female,0.0,0.0,40,United-States,<=50K
64,Private,477697.0,HS-grad,9,Married-civ-spouse,Exec-managerial,Husband,White,Male,0.0,0.0,16,United-States,<=50K
24,Private,306779.0,Assoc-voc,11,Never-married,Exec-managerial,Own-child,White,Male,0.0,0.0,35,United-States,<=50K
38,Self-emp-inc,225860.0,HS-grad,9,Divorced,Exec-managerial,Unmarried,White,Male,0.0,0.0,40,United-States,<=50K
21,Private,379525.0,Some-college,10,Never-married,Adm-clerical,Own-child,White,Female,4416.0,0.0,24,United-States,<=50K
51,Self-emp-not-inc,88528.0,Assoc-acdm,12,Divorced,Exec-managerial,Unmarried,White,Female,0.0,0.0,99,United-States,<=50K
45,Self-emp-not-inc,246891.0,Masters,14,Divorced,Craft-repair,Not-in-family,White,Male,0.0,0.0,40,United-States,<=50K
20,Private,167424.0,Some-college,10,Never-married,Priv-house-serv,Own-child,White,Female,0.0,0.0,40,United-States,<=50K
30,Local-gov,38268.0,HS-grad,9,Separated,Other-service,Unmarried,White,Male,0.0,0.0,40,United-States,>50K
32,Private,39248.0,Bachelors,13,Never-married,Tech-support,Not-in-family,Other,Male,0.0,0.0,40,United-States,<=50K
27,Local-gov,191202.0,HS-grad,9,Never-married,Other-service,Own-child,White,Male,0.0,0.0,45,United-States,<=50K
30,Self-emp-not-inc,226535.0,7th-8th,4,Married-civ-spouse,Farming-fishing,Husband,White,Male,0.0,0.0,40,Mexico,<=50K
52,Private,169549.0,Some-college,10,Divorced,Exec-managerial,Unmarried,White,Female,0.0,0.0,40,United-States,<=50K
30,Private,156464.0,Masters,14,Never-married,Prof-specialty,Not-in-family,White,Male,0.0,0.0,45,United-States,>50K
25,State-gov,194954.0,Some-college,10,Married-civ-spouse,Other-service,Wife,White,Female,0.0,0.0,15,United-States,<=50K
52,Private,202930.0,Bachelors,13,Divorced,Exec-managerial,Not-in-family,White,Male,0.0,0.0,40,United-States,>50K
26,Private,106548.0,HS-grad,9,Married-civ-spouse,Craft-repair,Husband,White,Male,0.0,0.0,50,United-States,<=50K
38,Private,165472.0,Bachelors,13,Married-civ-spouse,Prof-specialty,Husband,White,Male,0.0,0.0,40,United-States,>50K
33,Private,311194.0,11th,7,Never-married,Sales,Unmarried,Black,Female,0.0,0.0,17,United-States,<=50K
60,Private,108969.0,10th,6,Married-civ-spouse,Craft-repair,Husband,White,Male,0.0,0.0,50,United-States,<=50K
55,Self-emp-not-inc,129786.0,HS-grad,9,Married-civ-spouse,Craft-repair,Husband,White,Male,0.0,0.0,55,United-States,<=50K
42,Private,154076.0,HS-grad,9,Married-civ-spouse,Prof-specialty,Husband,White,Male,7688.0,0.0,50,United-States,>50K
33,Self-emp-inc,128016.0,HS-grad,9,Widowed,Sales,Unmarried,White,Female,0.0,0.0,40,United-States,<=50K
23,Private,413345.0,Bachelors,13,Never-married,Adm-clerical,Not-in-family,White,Female,0.0,0.0,60,United-States,<=50K
56,Private,193130.0,Prof-school,15,Married-civ-spouse,Exec-managerial,Husband,White,Male,0.0,0.0,16,United-States,<=50K
42,Private,33895.0,Bachelors,13,Divorced,Adm-clerical,Not-in-family,White,Female,0.0,0.0,40,United-States,<=50K
56,Private,132026.0,Bachelors,13,Married-civ-spouse,Sales,Husband,Black,Male,7688.0,0.0,45,United-States,>50K
25,Private,163396.0,Some-college,10,Never-married,Tech-support,Not-in-family,Other,Female,0.0,0.0,40,United-States,<=50K
47,Private,152572.0,HS-grad,9,Never-married,Other-service,Unmarried,White,Female,0.0,0.0,40,Puerto-Rico,<=50K
38,Private,108140.0,Masters,14,Married-civ-spouse,Prof-specialty,Husband,White,Male,7298.0,0.0,50,United-States,>50K
46,Private,65353.0,Some-college,10,Divorced,Transport-moving,Own-child,White,Male,3325.0,0.0,55,United-States,<=50K
33,Private,170651.0,Bachelors,13,Married-civ-spouse,Exec-managerial,Wife,White,Female,0.0,1977.0,38,United-States,>50K
28,Private,328923.0,HS-grad,9,Never-married,Adm-clerical,Other-relative,White,Female,0.0,0.0,38,United-States,<=50K
18,Private,211683.0,12th,8,Never-married,Handlers-cleaners,Own-child,White,Male,0.0,0.0,20,United-States,<=50K
41,Self-emp-not-inc,49572.0,Some-college,10,Married-civ-spouse,Exec-managerial,Husband,White,Male,0.0,0.0,60,United-States,<=50K
35,Private,261241.0,HS-grad,9,Divorced,Transport-moving,Not-in-family,White,Male,0.0,1741.0,60,United-States,<=50K
46,Private,185291.0,11th,7,Married-civ-spouse,Handlers-cleaners,Husband,White,Male,0.0,0.0,45,United-States,>50K
51,State-gov,177487.0,HS-grad,9,Married-civ-spouse,Craft-repair,Husband,White,Male,0.0,0.0,45,United-States,<=50K
24,Self-emp-not-inc,34918.0,Assoc-voc,11,Never-married,Other-service,Unmarried,White,Female,0.0,0.0,38,United-States,<=50K
37,Private,486194.0,Some-college,10,Never-married,Exec-managerial,Not-in-family,White,Male,0.0,0.0,50,Guatemala,<=50K
41,Private,227968.0,Bachelors,13,Married-civ-spouse,Prof-specialty,Wife,Black,Female,0.0,0.0,35,Haiti,>50K
17,Private,65368.0,11th,7,Never-married,Sales,Own-child,White,Female,0.0,0.0,12,United-States,<=50K
50,Private,71417.0,HS-grad,9,Married-civ-spouse,Craft-repair,Husband,White,Male,3103.0,0.0,40,United-States,>50K
19,Private,184759.0,HS-grad,9,Never-married,Adm-clerical,Not-in-family,White,Female,0.0,0.0,26,United-States,<=50K
50,Self-emp-not-inc,57758.0,Assoc-voc,11,Married-civ-spouse,Sales,Husband,White,Male,0.0,0.0,60,United-States,>50K
37,Private,208358.0,Some-college,10,Married-civ-spouse,Craft-repair,Husband,White,Male,0.0,0.0,40,United-States,>50K
40,Private,374137.0,HS-grad,9,Divorced,Adm-clerical,Own-child,White,Male,0.0,0.0,40,United-States,<=50K
47,Local-gov,287320.0,Masters,14,Never-married,Prof-specialty,Not-in-family,White,Male,0.0,0.0,40,United-States,<=50K
54,Private,175594.0,HS-grad,9,Married-civ-spouse,Craft-repair,Husband,White,Male,0.0,0.0,40,United-States,<=50K
52,Private,254230.0,9th,5,Married-civ-spouse,Transport-moving,Husband,White,Male,0.0,0.0,45,United-States,>50K
25,Private,197130.0,HS-grad,9,Never-married,Sales,Own-child,White,Female,0.0,0.0,30,United-States,<=50K
42,Private,76487.0,HS-grad,9,Married-civ-spouse,Adm-clerical,Husband,White,Male,0.0,0.0,45,United-States,<=50K
26,Private,160445.0,HS-grad,9,Divorced,Craft-repair,Not-in-family,White,Male,0.0,0.0,40,United-States,<=50K
59,Private,70720.0,Bachelors,13,Divorced,Sales,Not-in-family,White,Male,0.0,0.0,55,United-States,>50K
34,Private,28053.0,Bachelors,13,Married-spouse-absent,Adm-clerical,Not-in-family,White,Female,0.0,0.0,25,United-States,<=50K
53,Private,286085.0,Some-college,10,Widowed,Sales,Not-in-family,White,Female,0.0,0.0,40,United-States,<=50K
64,Private,38274.0,7th-8th,4,Married-civ-spouse,Farming-fishing,Husband,White,Male,0.0,0.0,40,United-States,<=50K
25,Self-emp-not-inc,21472.0,Some-college,10,Never-married,Other-service,Not-in-family,White,Female,0.0,0.0,22,United-States,<=50K
60,Private,191446.0,HS-grad,9,Married-civ-spouse,Exec-managerial,Husband,White,Male,99999.0,0.0,40,United-States,>50K
43,Private,96421.0,Bachelors,13,Divorced,Prof-specialty,Unmarried,White,Female,0.0,0.0,24,Outlying-US(Guam-USVI-etc),<=50K
51,Private,153486.0,HS-grad,9,Married-civ-spouse,Machine-op-inspct,Husband,White,Male,0.0,0.0,45,United-States,>50K
31,Private,43819.0,Bachelors,13,Married-civ-spouse,Exec-managerial,Wife,White,Female,0.0,0.0,40,United-States,>50K
21,Private,109414.0,Some-college,10,Never-married,Prof-specialty,Own-child,Asian-Pac-Islander,Male,0.0,1974.0,40,United-States,<=50K
53,Private,227602.0,HS-grad,9,Divorced,Sales,Not-in-family,White,Female,0.0,0.0,37,Mexico,<=50K
34,Local-gov,229531.0,Assoc-acdm,12,Married-civ-spouse,Prof-specialty,Husband,White,Male,0.0,0.0,60,United-States,<=50K
28,Private,62535.0,HS-grad,9,Married-civ-spouse,Craft-repair,Husband,White,Male,0.0,0.0,43,United-States,<=50K
42,State-gov,184105.0,Assoc-voc,11,Married-civ-spouse,Other-service,Husband,White,Male,0.0,0.0,45,United-States,>50K
47,Private,329144.0,Some-college,10,Divorced,Prof-specialty,Not-in-family,White,Male,0.0,0.0,48,United-States,>50K
60,Local-gov,168381.0,Assoc-voc,11,Widowed,Adm-clerical,Not-in-family,Amer-Indian-Eskimo,Female,0.0,0.0,40,United-States,<=50K
35,Private,73471.0,HS-grad,9,Married-civ-spouse,Handlers-cleaners,Husband,White,Male,0.0,0.0,40,United-States,<=50K
45,Local-gov,375606.0,Bachelors,13,Married-civ-spouse,Exec-managerial,Husband,White,Male,0.0,0.0,40,United-States,>50K
72,Private,157593.0,Bachelors,13,Married-civ-spouse,Sales,Husband,White,Male,1455.0,0.0,6,United-States,<=50K
21,Private,175800.0,HS-grad,9,Never-married,Prof-specialty,Unmarried,White,Female,0.0,0.0,55,United-States,<=50K
29,Private,271466.0,Assoc-voc,11,Never-married,Prof-specialty,Not-in-family,White,Male,0.0,0.0,43,United-States,<=50K
47,Self-emp-not-inc,185673.0,HS-grad,9,Married-civ-spouse,Exec-managerial,Husband,White,Male,0.0,0.0,50,United-States,>50K
33,Private,119422.0,HS-grad,9,Married-civ-spouse,Exec-managerial,Husband,White,Male,0.0,0.0,40,United-States,<=50K
35,Private,30673.0,12th,8,Married-civ-spouse,Craft-repair,Husband,White,Male,0.0,0.0,84,United-States,<=50K
27,Private,194472.0,HS-grad,9,Never-married,Priv-house-serv,Not-in-family,White,Female,0.0,0.0,60,United-States,<=50K
24,Self-emp-not-inc,107452.0,Some-college,10,Married-civ-spouse,Sales,Husband,White,Male,0.0,0.0,40,United-States,<=50K
53,Local-gov,176059.0,Masters,14,Divorced,Prof-specialty,Unmarried,White,Female,0.0,0.0,50,United-States,<=50K
42,Private,198619.0,Assoc-voc,11,Married-civ-spouse,Machine-op-inspct,Husband,White,Male,0.0,0.0,40,United-States,<=50K
25,Private,196947.0,Bachelors,13,Never-married,Sales,Own-child,White,Female,0.0,0.0,40,United-States,<=50K
54,Self-emp-inc,159219.0,Prof-school,15,Married-civ-spouse,Prof-specialty,Husband,White,Male,99999.0,0.0,40,United-States,>50K
40,Private,219869.0,HS-grad,9,Married-civ-spouse,Farming-fishing,Husband,White,Male,99999.0,0.0,75,United-States,>50K
22,Private,123727.0,Some-college,10,Never-married,Handlers-cleaners,Not-in-family,White,Female,0.0,0.0,30,United-States,<=50K
31,Private,176244.0,HS-grad,9,Married-civ-spouse,Adm-clerical,Wife,White,Female,0.0,0.0,35,United-States,<=50K
47,Self-emp-inc,101926.0,Bachelors,13,Divorced,Exec-managerial,Not-in-family,White,Male,0.0,0.0,70,United-States,>50K
42,Private,202466.0,Assoc-acdm,12,Divorced,Prof-specialty,Unmarried,White,Female,0.0,0.0,45,United-States,<=50K
33,Private,209768.0,Bachelors,13,Married-civ-spouse,Prof-specialty,Husband,White,Male,0.0,0.0,40,United-States,>50K
45,Private,187563.0,HS-grad,9,Married-civ-spouse,Craft-repair,Husband,White,Male,5013.0,0.0,45,United-States,<=50K
55,Private,250149.0,Some-college,10,Married-civ-spouse,Prof-specialty,Husband,White,Male,0.0,0.0,40,United-States,>50K
21,Private,286824.0,Some-college,10,Never-married,Handlers-cleaners,Own-child,White,Male,0.0,0.0,12,United-States,<=50K
49,Local-gov,204377.0,11th,7,Divorced,Other-service,Own-child,White,Female,0.0,0.0,60,United-States,<=50K
49,Private,218676.0,Some-college,10,Married-civ-spouse,Machine-op-inspct,Husband,White,Male,0.0,0.0,43,United-States,<=50K
23,Private,347873.0,Assoc-acdm,12,Never-married,Prof-specialty,Not-in-family,Asian-Pac-Islander,Female,0.0,0.0,30,Vietnam,<=50K
29,Private,40295.0,HS-grad,9,Married-civ-spouse,Prof-specialty,Husband,White,Male,0.0,0.0,40,United-States,<=50K
64,State-gov,223830.0,9th,5,Never-married,Adm-clerical,Not-in-family,White,Female,0.0,0.0,38,United-States,<=50K
39,Private,191103.0,HS-grad,9,Never-married,Craft-repair,Not-in-family,White,Male,0.0,0.0,54,United-States,<=50K
35,Federal-gov,84848.0,Some-college,10,Never-married,Handlers-cleaners,Unmarried,White,Female,0.0,0.0,40,United-States,<=50K
36,Private,184659.0,HS-grad,9,Married-civ-spouse,Machine-op-inspct,Husband,White,Male,0.0,0.0,40,United-States,>50K
33,Private,194901.0,HS-grad,9,Married-civ-spouse,Craft-repair,Husband,White,Male,0.0,0.0,45,United-States,<=50K
52,State-gov,349795.0,Bachelors,13,Married-civ-spouse,Protective-serv,Husband,White,Male,0.0,0.0,40,United-States,<=50K
36,Federal-gov,212465.0,Bachelors,13,Married-civ-spouse,Adm-clerical,Husband,White,Male,0.0,0.0,40,United-States,<=50K
26,Private,313473.0,Some-college,10,Never-married,Other-service,Not-in-family,White,Male,0.0,0.0,30,United-States,<=50K
63,Self-emp-not-inc,388594.0,Prof-school,15,Married-civ-spouse,Prof-specialty,Husband,White,Male,15024.0,0.0,50,United-States,>50K
56,Local-gov,203250.0,Some-college,10,Married-civ-spouse,Protective-serv,Husband,White,Male,0.0,0.0,40,United-States,<=50K
30,Private,347166.0,Bachelors,13,Never-married,Prof-specialty,Not-in-family,White,Male,13550.0,0.0,45,United-States,>50K
34,Private,188246.0,HS-grad,9,Married-civ-spouse,Machine-op-inspct,Husband,White,Male,0.0,0.0,40,United-States,<=50K
19,Private,171306.0,HS-grad,9,Never-married,Sales,Own-child,White,Male,0.0,0.0,3,United-States,<=50K
39,Private,76417.0,Masters,14,Married-civ-spouse,Prof-specialty,Husband,White,Male,0.0,0.0,40,United-States,>50K
43,Private,160674.0,HS-grad,9,Divorced,Exec-managerial,Unmarried,White,Female,0.0,0.0,40,United-States,<=50K
45,Private,260543.0,Masters,14,Widowed,Machine-op-inspct,Other-relative,Asian-Pac-Islander,Female,0.0,0.0,40,China,<=50K
23,Private,52566.0,HS-grad,9,Never-married,Adm-clerical,Not-in-family,White,Female,0.0,0.0,40,United-States,<=50K
60,Private,184183.0,HS-grad,9,Divorced,Machine-op-inspct,Not-in-family,White,Male,4650.0,0.0,40,United-States,<=50K
46,Private,186172.0,Bachelors,13,Married-civ-spouse,Prof-specialty,Husband,White,Male,3103.0,0.0,40,United-States,>50K
38,Local-gov,134444.0,Some-college,10,Married-civ-spouse,Protective-serv,Husband,White,Male,0.0,0.0,72,United-States,<=50K
60,Private,194589.0,Bachelors,13,Married-civ-spouse,Prof-specialty,Husband,White,Male,7688.0,0.0,40,United-States,>50K
26,Private,196899.0,Assoc-acdm,12,Separated,Craft-repair,Not-in-family,Other,Female,0.0,0.0,40,United-States,<=50K
34,Self-emp-not-inc,108247.0,Prof-school,15,Married-civ-spouse,Prof-specialty,Husband,White,Male,0.0,0.0,55,United-States,>50K
27,Self-emp-not-inc,207948.0,Some-college,10,Never-married,Other-service,Not-in-family,Black,Male,0.0,0.0,40,United-States,<=50K
51,Private,95128.0,HS-grad,9,Divorced,Craft-repair,Not-in-family,White,Male,0.0,0.0,40,United-States,<=50K
23,Private,203139.0,Some-college,10,Never-married,Other-service,Other-relative,White,Female,0.0,0.0,40,United-States,<=50K
43,Self-emp-inc,286750.0,Prof-school,15,Married-civ-spouse,Prof-specialty,Husband,Black,Male,0.0,0.0,99,United-States,>50K
23,Private,105617.0,9th,5,Never-married,Transport-moving,Own-child,White,Male,0.0,0.0,40,United-States,<=50K
34,Self-emp-not-inc,41210.0,HS-grad,9,Married-civ-spouse,Farming-fishing,Husband,White,Male,0.0,0.0,60,United-States,<=50K
39,Private,236391.0,HS-grad,9,Married-civ-spouse,Craft-repair,Husband,White,Male,0.0,0.0,45,United-States,<=50K
53,Self-emp-inc,94214.0,Prof-school,15,Married-civ-spouse,Prof-specialty,Husband,Asian-Pac-Islander,Male,7298.0,0.0,50,Thailand,>50K
30,Private,177531.0,HS-grad,9,Never-married,Sales,Unmarried,Black,Female,0.0,0.0,25,United-States,<=50K
25,Private,356344.0,Bachelors,13,Never-married,Adm-clerical,Own-child,White,Female,0.0,0.0,40,United-States,<=50K
31,Local-gov,50442.0,Some-college,10,Never-married,Adm-clerical,Own-child,Amer-Indian-Eskimo,Female,0.0,0.0,25,United-States,<=50K
35,Private,210310.0,HS-grad,9,Married-civ-spouse,Sales,Husband,White,Male,0.0,0.0,55,United-States,>50K
40,Private,144928.0,Some-college,10,Married-civ-spouse,Handlers-cleaners,Husband,White,Male,7298.0,0.0,40,United-States,>50K
26,Private,222539.0,Some-college,10,Married-civ-spouse,Craft-repair,Husband,White,Male,0.0,0.0,40,United-States,>50K
60,Private,208915.0,HS-grad,9,Widowed,Craft-repair,Other-relative,Asian-Pac-Islander,Female,0.0,0.0,40,Cambodia,<=50K
30,Private,172748.0,HS-grad,9,Married-civ-spouse,Exec-managerial,Husband,White,Male,0.0,0.0,40,United-States,<=50K
31,Private,128591.0,9th,5,Divorced,Transport-moving,Not-in-family,White,Male,0.0,0.0,40,United-States,<=50K
53,Private,70387.0,Masters,14,Married-civ-spouse,Prof-specialty,Husband,Asian-Pac-Islander,Male,4386.0,0.0,40,India,>50K
30,Private,425627.0,Some-college,10,Never-married,Craft-repair,Other-relative,White,Male,0.0,0.0,40,Mexico,<=50K
22,Private,187703.0,Assoc-voc,11,Never-married,Other-service,Other-relative,White,Male,0.0,0.0,40,Guatemala,<=50K
61,Self-emp-not-inc,168654.0,HS-grad,9,Widowed,Adm-clerical,Unmarried,White,Female,0.0,0.0,20,United-States,<=50K
39,Private,167777.0,11th,7,Married-civ-spouse,Craft-repair,Husband,White,Male,0.0,0.0,35,United-States,<=50K
23,State-gov,368739.0,Bachelors,13,Never-married,Prof-specialty,Not-in-family,White,Female,0.0,0.0,40,United-States,<=50K
40,Private,105936.0,HS-grad,9,Married-civ-spouse,Sales,Wife,White,Female,5013.0,0.0,20,United-States,<=50K
35,Private,167691.0,HS-grad,9,Never-married,Handlers-cleaners,Own-child,White,Female,0.0,0.0,20,United-States,<=50K
57,Federal-gov,62020.0,Prof-school,15,Divorced,Exec-managerial,Not-in-family,Black,Male,0.0,0.0,55,United-States,>50K
32,Private,72967.0,Prof-school,15,Married-civ-spouse,Prof-specialty,Husband,White,Male,0.0,0.0,25,United-States,>50K
31,Private,198069.0,HS-grad,9,Never-married,Other-service,Own-child,White,Male,0.0,0.0,24,United-States,<=50K
34,Private,158040.0,Bachelors,13,Never-married,Exec-managerial,Not-in-family,White,Female,0.0,0.0,45,United-States,<=50K
50,Private,121038.0,Assoc-voc,11,Married-civ-spouse,Other-service,Wife,Black,Female,0.0,0.0,40,United-States,<=50K
53,Private,152810.0,Bachelors,13,Married-civ-spouse,Prof-specialty,Husband,White,Male,0.0,0.0,40,United-States,>50K
54,Self-emp-not-inc,205066.0,10th,6,Married-civ-spouse,Craft-repair,Husband,White,Male,0.0,0.0,36,United-States,<=50K
30,Private,227359.0,Some-college,10,Never-married,Craft-repair,Unmarried,White,Male,0.0,0.0,40,United-States,<=50K
34,Private,45114.0,Bachelors,13,Never-married,Sales,Own-child,Black,Female,0.0,0.0,40,United-States,<=50K
29,Private,99369.0,Bachelors,13,Never-married,Prof-specialty,Not-in-family,Other,Female,0.0,0.0,50,United-States,<=50K
43,Private,178976.0,HS-grad,9,Never-married,Adm-clerical,Unmarried,White,Female,0.0,0.0,40,United-States,<=50K
56,Self-emp-not-inc,249368.0,HS-grad,9,Married-spouse-absent,Exec-managerial,Not-in-family,White,Male,0.0,0.0,70,United-States,<=50K
23,Private,197613.0,Some-college,10,Never-married,Adm-clerical,Not-in-family,White,Female,0.0,0.0,40,United-States,<=50K
31,Private,37939.0,Some-college,10,Married-civ-spouse,Sales,Husband,White,Male,0.0,0.0,43,United-States,<=50K
30,Private,231620.0,Bachelors,13,Never-married,Sales,Not-in-family,White,Female,0.0,0.0,40,Mexico,<=50K
29,Local-gov,251854.0,HS-grad,9,Never-married,Protective-serv,Not-in-family,Black,Female,0.0,0.0,40,United-States,<=50K
43,Private,184378.0,Bachelors,13,Married-civ-spouse,Prof-specialty,Husband,White,Male,0.0,0.0,35,United-States,<=50K
24,Private,53942.0,Bachelors,13,Married-civ-spouse,Machine-op-inspct,Husband,White,Male,0.0,0.0,40,United-States,<=50K
31,Private,49398.0,Some-college,10,Married-civ-spouse,Tech-support,Husband,White,Male,0.0,0.0,40,United-States,<=50K
25,Private,121712.0,Bachelors,13,Divorced,Craft-repair,Not-in-family,White,Male,0.0,0.0,40,United-States,<=50K
28,Private,122540.0,10th,6,Divorced,Handlers-cleaners,Not-in-family,White,Male,0.0,0.0,40,United-States,<=50K
35,Private,106448.0,Assoc-voc,11,Married-civ-spouse,Other-service,Husband,White,Male,0.0,0.0,40,United-States,<=50K
44,Private,53470.0,Bachelors,13,Divorced,Other-service,Own-child,White,Female,0.0,0.0,40,United-States,<=50K
28,Private,407043.0,HS-grad,9,Married-civ-spouse,Adm-clerical,Husband,Black,Male,0.0,0.0,40,United-States,<=50K
36,Private,195385.0,HS-grad,9,Married-civ-spouse,Transport-moving,Husband,Amer-Indian-Eskimo,Male,0.0,0.0,40,United-States,<=50K
18,Private,174394.0,HS-grad,9,Never-married,Other-service,Own-child,White,Female,0.0,0.0,20,United-States,<=50K
28,Private,31801.0,HS-grad,9,Never-married,Handlers-cleaners,Other-relative,White,Male,0.0,0.0,60,United-States,<=50K
46,Self-emp-not-inc,199596.0,Some-college,10,Divorced,Exec-managerial,Unmarried,White,Female,0.0,0.0,50,United-States,<=50K
30,Private,49795.0,HS-grad,9,Never-married,Adm-clerical,Not-in-family,White,Male,0.0,0.0,40,United-States,<=50K
49,Private,236586.0,HS-grad,9,Married-civ-spouse,Adm-clerical,Husband,White,Male,0.0,0.0,40,United-States,>50K
31,State-gov,227864.0,HS-grad,9,Married-civ-spouse,Craft-repair,Husband,Black,Male,0.0,0.0,40,United-States,<=50K
49,Private,23776.0,Some-college,10,Married-civ-spouse,Adm-clerical,Husband,White,Male,0.0,0.0,40,United-States,<=50K
35,Local-gov,33975.0,Bachelors,13,Married-civ-spouse,Prof-specialty,Husband,White,Male,0.0,0.0,40,United-States,>50K
35,Private,97554.0,Assoc-acdm,12,Married-civ-spouse,Exec-managerial,Husband,White,Male,0.0,0.0,50,United-States,>50K
20,Private,105312.0,Some-college,10,Never-married,Sales,Own-child,White,Female,0.0,0.0,18,United-States,<=50K
34,Private,143582.0,Some-college,10,Never-married,Adm-clerical,Not-in-family,Asian-Pac-Islander,Female,0.0,0.0,35,Japan,<=50K
44,Private,116632.0,Assoc-acdm,12,Never-married,Farming-fishing,Own-child,White,Male,0.0,0.0,40,United-States,<=50K
50,Private,185354.0,Masters,14,Divorced,Exec-managerial,Not-in-family,White,Female,0.0,0.0,35,United-States,<=50K
20,Private,170091.0,Some-college,10,Never-married,Other-service,Own-child,White,Female,0.0,0.0,35,United-States,<=50K
34,Private,164190.0,Some-college,10,Married-civ-spouse,Prof-specialty,Husband,White,Male,0.0,1902.0,38,United-States,>50K
19,Private,357059.0,HS-grad,9,Never-married,Adm-clerical,Own-child,White,Female,0.0,0.0,35,United-States,<=50K
18,Private,186954.0,11th,7,Never-married,Other-service,Own-child,White,Female,0.0,0.0,20,United-States,<=50K
29,Private,108431.0,Assoc-voc,11,Married-civ-spouse,Exec-managerial,Husband,Black,Male,0.0,2415.0,40,United-States,>50K
64,State-gov,111795.0,Bachelors,13,Married-civ-spouse,Craft-repair,Husband,White,Male,0.0,0.0,45,United-States,>50K
30,Private,41493.0,Some-college,10,Divorced,Adm-clerical,Not-in-family,White,Female,0.0,0.0,35,Canada,<=50K
26,Private,189590.0,Some-college,10,Never-married,Adm-clerical,Not-in-family,White,Male,0.0,0.0,30,United-States,<=50K
45,Private,197731.0,HS-grad,9,Married-civ-spouse,Machine-op-inspct,Husband,White,Male,0.0,0.0,40,United-States,<=50K
47,Local-gov,37672.0,Bachelors,13,Married-civ-spouse,Prof-specialty,Wife,White,Female,0.0,0.0,45,United-States,<=50K
40,Private,144778.0,HS-grad,9,Never-married,Handlers-cleaners,Not-in-family,White,Male,0.0,0.0,40,United-States,<=50K
31,Private,254293.0,Some-college,10,Never-married,Prof-specialty,Not-in-family,White,Male,0.0,0.0,40,United-States,<=50K
58,Self-emp-not-inc,95763.0,Some-college,10,Married-civ-spouse,Farming-fishing,Husband,White,Male,0.0,0.0,60,United-States,<=50K
34,Private,294064.0,Masters,14,Married-civ-spouse,Exec-managerial,Husband,White,Male,0.0,0.0,50,France,<=50K
31,Private,159979.0,Some-college,10,Never-married,Sales,Not-in-family,Asian-Pac-Islander,Female,0.0,0.0,50,United-States,<=50K
28,Private,298696.0,Bachelors,13,Never-married,Adm-clerical,Own-child,White,Female,0.0,0.0,40,United-States,<=50K
28,Private,253814.0,HS-grad,9,Divorced,Other-service,Unmarried,White,Female,0.0,0.0,35,United-States,<=50K
22,Private,150175.0,Some-college,10,Never-married,Adm-clerical,Own-child,White,Female,0.0,0.0,20,United-States,<=50K
52,Private,134184.0,HS-grad,9,Divorced,Other-service,Not-in-family,White,Female,2597.0,0.0,36,United-States,<=50K
40,Private,308027.0,HS-grad,9,Widowed,Other-service,Unmarried,Black,Female,0.0,0.0,40,United-States,<=50K
19,Self-emp-not-inc,227310.0,Some-college,10,Never-married,Other-service,Own-child,White,Female,0.0,0.0,25,United-States,<=50K
17,Private,111332.0,11th,7,Never-married,Sales,Own-child,White,Female,0.0,0.0,20,United-States,<=50K
19,Private,130431.0,5th-6th,3,Never-married,Farming-fishing,Not-in-family,White,Male,0.0,0.0,36,Mexico,<=50K
27,Private,146764.0,Some-college,10,Married-civ-spouse,Exec-managerial,Wife,White,Female,0.0,0.0,40,United-States,>50K
46,Private,57914.0,HS-grad,9,Married-civ-spouse,Protective-serv,Husband,White,Male,0.0,0.0,40,United-States,<=50K
38,Private,374524.0,Bachelors,13,Married-civ-spouse,Prof-specialty,Husband,White,Male,0.0,0.0,40,United-States,>50K
45,Private,37987.0,Some-college,10,Married-civ-spouse,Sales,Husband,White,Male,0.0,0.0,45,United-States,<=50K
21,Private,176262.0,Some-college,10,Never-married,Exec-managerial,Own-child,White,Female,0.0,0.0,30,United-States,<=50K
47,Private,105449.0,Bachelors,13,Married-civ-spouse,Sales,Husband,White,Male,0.0,0.0,65,United-States,>50K
22,Private,50136.0,5th-6th,3,Married-civ-spouse,Other-service,Husband,White,Male,0.0,0.0,40,El-Salvador,<=50K
59,Self-emp-inc,170993.0,Prof-school,15,Divorced,Prof-specialty,Not-in-family,White,Male,13550.0,0.0,40,United-States,>50K
49,Private,187308.0,Some-college,10,Married-civ-spouse,Other-service,Other-relative,White,Male,0.0,0.0,35,United-States,<=50K
36,Private,181705.0,11th,7,Married-civ-spouse,Transport-moving,Husband,White,Male,0.0,0.0,40,United-States,<=50K
29,Self-emp-not-inc,125190.0,HS-grad,9,Married-civ-spouse,Craft-repair,Husband,White,Male,0.0,0.0,40,United-States,<=50K
29,Private,147340.0,Some-college,10,Never-married,Sales,Own-child,White,Female,0.0,0.0,40,United-States,<=50K
30,Private,165115.0,Assoc-voc,11,Divorced,Adm-clerical,Unmarried,White,Female,0.0,0.0,30,United-States,<=50K
38,Private,233717.0,Some-college,10,Divorced,Exec-managerial,Unmarried,Black,Male,0.0,0.0,60,United-States,<=50K
39,Private,224541.0,Assoc-acdm,12,Married-civ-spouse,Craft-repair,Husband,White,Male,0.0,0.0,40,United-States,>50K
27,Self-emp-inc,120126.0,9th,5,Never-married,Craft-repair,Own-child,White,Male,0.0,0.0,40,United-States,<=50K
34,Private,34572.0,HS-grad,9,Never-married,Handlers-cleaners,Not-in-family,White,Male,0.0,0.0,60,United-States,<=50K
28,Private,380390.0,Bachelors,13,Married-civ-spouse,Exec-managerial,Husband,White,Male,0.0,0.0,50,United-States,<=50K
41,Private,37869.0,HS-grad,9,Married-civ-spouse,Sales,Husband,White,Male,0.0,1902.0,40,United-States,>50K
36,Private,180150.0,12th,8,Divorced,Handlers-cleaners,Not-in-family,White,Male,0.0,0.0,40,United-States,<=50K
41,Self-emp-not-inc,138077.0,Masters,14,Married-civ-spouse,Exec-managerial,Wife,White,Female,0.0,0.0,10,United-States,>50K
19,Private,194905.0,Some-college,10,Never-married,Other-service,Own-child,White,Female,0.0,0.0,30,United-States,<=50K
79,Private,333230.0,HS-grad,9,Married-spouse-absent,Prof-specialty,Not-in-family,White,Male,0.0,0.0,6,United-States,<=50K
25,Private,321223.0,Some-college,10,Divorced,Other-service,Not-in-family,White,Female,0.0,0.0,20,United-States,<=50K
35,Private,110668.0,HS-grad,9,Married-civ-spouse,Machine-op-inspct,Wife,Black,Female,0.0,0.0,35,United-States,<=50K
58,Private,306233.0,Bachelors,13,Married-civ-spouse,Sales,Husband,White,Male,15024.0,0.0,40,United-States,>50K
31,Self-emp-inc,49923.0,HS-grad,9,Married-civ-spouse,Exec-managerial,Husband,White,Male,0.0,0.0,40,United-States,<=50K
33,Private,171216.0,Bachelors,13,Married-civ-spouse,Exec-managerial,Husband,White,Male,0.0,0.0,50,United-States,>50K
63,Private,180099.0,10th,6,Separated,Other-service,Unmarried,Black,Female,0.0,0.0,40,United-States,<=50K
44,Private,196545.0,Bachelors,13,Married-civ-spouse,Craft-repair,Husband,White,Male,7298.0,0.0,40,United-States,>50K
57,Private,142080.0,HS-grad,9,Married-civ-spouse,Adm-clerical,Wife,Black,Female,0.0,0.0,38,United-States,>50K
35,Private,35330.0,HS-grad,9,Married-civ-spouse,Craft-repair,Husband,White,Male,0.0,0.0,40,United-States,<=50K
31,Private,159187.0,Some-college,10,Married-civ-spouse,Craft-repair,Husband,White,Male,0.0,0.0,40,United-States,>50K
30,Private,170412.0,Some-college,10,Divorced,Craft-repair,Not-in-family,White,Male,0.0,0.0,40,United-States,<=50K
18,Private,118938.0,11th,7,Never-married,Sales,Own-child,White,Male,0.0,0.0,18,United-States,<=50K
47,Private,344157.0,11th,7,Divorced,Handlers-cleaners,Not-in-family,White,Male,0.0,0.0,40,United-States,<=50K
59,Self-emp-not-inc,195835.0,HS-grad,9,Married-civ-spouse,Sales,Husband,White,Male,0.0,0.0,60,United-States,<=50K
35,Self-emp-not-inc,140854.0,HS-grad,9,Married-civ-spouse,Craft-repair,Husband,White,Male,0.0,0.0,40,United-States,<=50K
22,Private,220426.0,Bachelors,13,Never-married,Adm-clerical,Own-child,White,Male,0.0,0.0,40,United-States,<=50K
37,Federal-gov,75073.0,Assoc-acdm,12,Never-married,Protective-serv,Not-in-family,Black,Male,0.0,0.0,42,United-States,<=50K
31,Private,217460.0,HS-grad,9,Divorced,Craft-repair,Not-in-family,White,Male,0.0,0.0,45,United-States,<=50K
22,Private,228452.0,10th,6,Never-married,Craft-repair,Not-in-family,White,Male,0.0,0.0,30,United-States,<=50K
39,Local-gov,183620.0,Some-college,10,Never-married,Protective-serv,Not-in-family,Black,Female,0.0,0.0,40,United-States,>50K
32,Private,265190.0,Bachelors,13,Married-civ-spouse,Sales,Husband,White,Male,0.0,0.0,40,United-States,<=50K
53,Private,126386.0,HS-grad,9,Divorced,Machine-op-inspct,Own-child,White,Male,0.0,0.0,40,United-States,<=50K
43,Self-emp-inc,35662.0,Doctorate,16,Married-civ-spouse,Prof-specialty,Wife,White,Female,0.0,0.0,70,United-States,>50K
90,Private,313749.0,HS-grad,9,Widowed,Adm-clerical,Unmarried,White,Female,0.0,0.0,25,United-States,<=50K
40,Private,173607.0,10th,6,Married-civ-spouse,Transport-moving,Husband,White,Male,0.0,0.0,40,United-States,<=50K
57,Private,111553.0,9th,5,Married-civ-spouse,Transport-moving,Husband,White,Male,0.0,0.0,50,United-States,<=50K
26,Private,160300.0,HS-grad,9,Never-married,Machine-op-inspct,Own-child,White,Male,0.0,0.0,40,United-States,<=50K
62,Private,159822.0,HS-grad,9,Married-civ-spouse,Exec-managerial,Husband,White,Male,0.0,0.0,50,United-States,<=50K
57,Private,43290.0,10th,6,Divorced,Other-service,Not-in-family,Amer-Indian-Eskimo,Female,0.0,0.0,20,United-States,<=50K
38,Private,167440.0,Bachelors,13,Married-civ-spouse,Transport-moving,Husband,White,Male,4508.0,0.0,40,United-States,<=50K
50,Self-emp-not-inc,165219.0,Prof-school,15,Married-civ-spouse,Prof-specialty,Wife,White,Female,0.0,0.0,35,United-States,>50K
33,Private,376483.0,Some-college,10,Divorced,Adm-clerical,Not-in-family,Black,Female,0.0,0.0,40,United-States,<=50K
36,Private,207853.0,Bachelors,13,Married-civ-spouse,Sales,Husband,White,Male,15024.0,0.0,65,United-States,>50K
32,Private,193260.0,Some-college,10,Married-civ-spouse,Machine-op-inspct,Husband,Asian-Pac-Islander,Male,0.0,0.0,40,Philippines,<=50K
54,Private,419712.0,HS-grad,9,Married-civ-spouse,Transport-moving,Husband,Black,Male,0.0,0.0,40,United-States,<=50K
35,Private,112160.0,HS-grad,9,Married-civ-spouse,Sales,Husband,White,Male,0.0,0.0,40,United-States,<=50K
29,Private,133937.0,Bachelors,13,Married-civ-spouse,Prof-specialty,Husband,White,Male,0.0,0.0,40,United-States,>50K
39,Private,175232.0,Some-college,10,Married-civ-spouse,Prof-specialty,Husband,White,Male,0.0,0.0,50,United-States,<=50K
63,Private,177063.0,HS-grad,9,Married-civ-spouse,Transport-moving,Husband,White,Male,0.0,0.0,40,United-States,<=50K
23,Local-gov,203353.0,Bachelors,13,Never-married,Exec-managerial,Own-child,White,Female,0.0,0.0,12,United-States,<=50K
32,Local-gov,29235.0,Some-college,10,Married-civ-spouse,Protective-serv,Wife,White,Female,0.0,0.0,40,France,>50K
28,Private,160510.0,Some-college,10,Married-civ-spouse,Adm-clerical,Husband,White,Male,0.0,0.0,50,United-States,>50K
29,Local-gov,177398.0,Masters,14,Married-civ-spouse,Prof-specialty,Wife,White,Female,0.0,0.0,40,United-States,>50K
64,Self-emp-not-inc,150121.0,Doctorate,16,Married-civ-spouse,Exec-managerial,Husband,White,Male,0.0,0.0,25,United-States,>50K
64,Local-gov,50442.0,9th,5,Never-married,Adm-clerical,Other-relative,White,Male,0.0,0.0,40,United-States,<=50K
37,Self-emp-not-inc,243587.0,Some-college,10,Separated,Other-service,Own-child,White,Female,0.0,0.0,40,Cuba,<=50K
37,Self-emp-not-inc,138940.0,11th,7,Never-married,Farming-fishing,Own-child,White,Male,0.0,0.0,37,United-States,<=50K
54,Local-gov,137691.0,HS-grad,9,Married-civ-spouse,Craft-repair,Husband,White,Male,0.0,0.0,40,United-States,>50K
58,Federal-gov,243929.0,Bachelors,13,Never-married,Prof-specialty,Not-in-family,White,Male,0.0,0.0,48,United-States,<=50K
40,Local-gov,141649.0,Assoc-voc,11,Married-civ-spouse,Protective-serv,Husband,White,Male,0.0,0.0,40,United-States,>50K
28,Private,221215.0,10th,6,Never-married,Handlers-cleaners,Other-relative,White,Male,0.0,0.0,40,Mexico,<=50K
44,Self-emp-not-inc,231348.0,Some-college,10,Married-civ-spouse,Other-service,Husband,White,Male,0.0,0.0,40,United-States,>50K
23,Local-gov,324637.0,Some-college,10,Never-married,Adm-clerical,Not-in-family,White,Male,0.0,0.0,30,United-States,<=50K
36,Private,28572.0,Some-college,10,Married-civ-spouse,Craft-repair,Husband,White,Male,0.0,0.0,50,United-States,<=50K
30,Private,171483.0,HS-grad,9,Never-married,Craft-repair,Own-child,White,Male,0.0,0.0,38,United-States,<=50K
37,State-gov,111275.0,HS-grad,9,Married-civ-spouse,Transport-moving,Husband,White,Male,0.0,0.0,40,United-States,<=50K
17,Private,108085.0,12th,8,Never-married,Other-service,Own-child,White,Female,0.0,0.0,24,United-States,<=50K
21,Private,221418.0,HS-grad,9,Never-married,Other-service,Own-child,White,Female,0.0,0.0,40,United-States,<=50K
42,Private,198422.0,Some-college,10,Divorced,Adm-clerical,Own-child,White,Female,0.0,0.0,40,United-States,<=50K
49,Private,40000.0,Bachelors,13,Married-civ-spouse,Sales,Husband,White,Male,4064.0,0.0,44,United-States,<=50K
35,Private,199288.0,11th,7,Separated,Transport-moving,Not-in-family,White,Male,0.0,0.0,90,United-States,<=50K
19,Private,311974.0,HS-grad,9,Never-married,Machine-op-inspct,Own-child,White,Male,0.0,0.0,40,Mexico,<=50K
37,Private,163199.0,Some-college,10,Divorced,Tech-support,Not-in-family,Amer-Indian-Eskimo,Female,0.0,0.0,40,United-States,<=50K
33,Private,348152.0,HS-grad,9,Married-civ-spouse,Craft-repair,Husband,White,Male,0.0,0.0,40,United-States,<=50K
24,Private,208503.0,Some-college,10,Never-married,Machine-op-inspct,Not-in-family,White,Male,0.0,0.0,42,United-States,<=50K
50,Self-emp-not-inc,98180.0,Some-college,10,Married-civ-spouse,Sales,Husband,White,Male,99999.0,0.0,45,United-States,>50K
48,Federal-gov,55377.0,HS-grad,9,Married-civ-spouse,Transport-moving,Husband,Black,Male,0.0,0.0,55,Jamaica,>50K
37,Self-emp-inc,257295.0,Some-college,10,Married-civ-spouse,Exec-managerial,Husband,Asian-Pac-Islander,Male,0.0,0.0,75,Thailand,>50K
32,Private,169955.0,Some-college,10,Married-civ-spouse,Other-service,Wife,White,Female,0.0,0.0,36,Puerto-Rico,<=50K
22,Private,181313.0,Assoc-voc,11,Never-married,Other-service,Not-in-family,White,Female,0.0,0.0,30,United-States,<=50K
45,Private,200471.0,HS-grad,9,Married-civ-spouse,Adm-clerical,Husband,White,Male,0.0,0.0,35,United-States,<=50K
36,Private,112264.0,HS-grad,9,Married-civ-spouse,Transport-moving,Husband,White,Male,0.0,0.0,50,United-States,<=50K
35,Self-emp-not-inc,98360.0,Bachelors,13,Married-civ-spouse,Prof-specialty,Husband,White,Male,0.0,0.0,40,United-States,<=50K
41,Federal-gov,36651.0,Masters,14,Married-civ-spouse,Exec-managerial,Husband,White,Male,0.0,1848.0,40,United-States,>50K
40,Private,257364.0,Some-college,10,Divorced,Other-service,Not-in-family,White,Male,0.0,0.0,45,United-States,<=50K
45,Self-emp-inc,142719.0,HS-grad,9,Married-civ-spouse,Sales,Husband,White,Male,0.0,0.0,40,United-States,<=50K
48,Local-gov,100818.0,Bachelors,13,Separated,Prof-specialty,Unmarried,White,Female,7443.0,0.0,45,United-States,<=50K
22,Private,177526.0,HS-grad,9,Never-married,Craft-repair,Own-child,White,Male,2907.0,0.0,30,United-States,<=50K
44,State-gov,193524.0,Masters,14,Married-civ-spouse,Exec-managerial,Husband,White,Male,0.0,1902.0,40,United-States,>50K
39,Private,186183.0,HS-grad,9,Married-civ-spouse,Craft-repair,Husband,White,Male,0.0,0.0,40,United-States,>50K
29,Private,444304.0,Bachelors,13,Married-civ-spouse,Prof-specialty,Husband,White,Male,0.0,0.0,40,United-States,>50K
40,Private,146520.0,Masters,14,Married-civ-spouse,Exec-managerial,Husband,White,Male,0.0,0.0,40,United-States,>50K
55,Private,249072.0,HS-grad,9,Married-civ-spouse,Transport-moving,Husband,White,Male,0.0,0.0,60,United-States,<=50K
23,Private,203240.0,Some-college,10,Never-married,Other-service,Not-in-family,White,Female,0.0,0.0,40,United-States,<=50K
48,Private,65584.0,Some-college,10,Separated,Adm-clerical,Unmarried,White,Female,0.0,0.0,40,United-States,<=50K
41,Private,175674.0,Some-college,10,Married-civ-spouse,Sales,Husband,White,Male,0.0,0.0,40,United-States,>50K
35,Private,189382.0,HS-grad,9,Divorced,Craft-repair,Not-in-family,White,Male,0.0,0.0,40,United-States,<=50K
37,Private,231491.0,HS-grad,9,Married-civ-spouse,Craft-repair,Husband,White,Male,0.0,0.0,35,United-States,<=50K
39,Private,333305.0,Some-college,10,Married-civ-spouse,Sales,Wife,White,Female,0.0,0.0,45,United-States,>50K
40,State-gov,456110.0,11th,7,Divorced,Transport-moving,Unmarried,White,Female,0.0,0.0,52,United-States,<=50K
30,Private,171889.0,Prof-school,15,Never-married,Tech-support,Own-child,White,Female,0.0,0.0,24,United-States,<=50K
52,Private,163948.0,9th,5,Married-civ-spouse,Farming-fishing,Husband,White,Male,0.0,0.0,60,United-States,>50K
45,Federal-gov,230685.0,Doctorate,16,Married-civ-spouse,Prof-specialty,Husband,White,Male,0.0,0.0,40,United-States,>50K
35,Private,67083.0,HS-grad,9,Married-civ-spouse,Other-service,Husband,Asian-Pac-Islander,Male,0.0,0.0,40,China,<=50K
42,Private,78765.0,Some-college,10,Married-civ-spouse,Craft-repair,Husband,White,Male,3103.0,0.0,45,United-States,>50K
50,Private,237868.0,HS-grad,9,Married-civ-spouse,Sales,Husband,White,Male,0.0,1887.0,55,United-States,>50K
18,Private,37315.0,Some-college,10,Never-married,Adm-clerical,Own-child,White,Male,0.0,0.0,50,United-States,<=50K
45,Private,28035.0,Some-college,10,Never-married,Farming-fishing,Other-relative,White,Male,0.0,0.0,50,United-States,<=50K
45,Private,167159.0,Bachelors,13,Married-civ-spouse,Craft-repair,Husband,White,Male,0.0,0.0,40,United-States,<=50K
45,Private,180309.0,Some-college,10,Divorced,Machine-op-inspct,Unmarried,White,Female,0.0,0.0,40,United-States,<=50K
18,Private,301867.0,HS-grad,9,Never-married,Sales,Own-child,Amer-Indian-Eskimo,Female,0.0,0.0,20,United-States,<=50K
54,Private,28518.0,HS-grad,9,Married-civ-spouse,Sales,Husband,White,Male,0.0,0.0,50,United-States,>50K
51,Local-gov,156003.0,HS-grad,9,Divorced,Protective-serv,Not-in-family,White,Male,0.0,0.0,40,United-States,<=50K
45,Private,100651.0,HS-grad,9,Divorced,Other-service,Not-in-family,White,Male,0.0,1980.0,40,United-States,<=50K
49,Private,173115.0,10th,6,Separated,Exec-managerial,Not-in-family,Black,Male,4416.0,0.0,99,United-States,<=50K
20,Private,200421.0,HS-grad,9,Never-married,Craft-repair,Not-in-family,White,Male,0.0,0.0,35,United-States,<=50K
40,Private,256202.0,Assoc-voc,11,Married-civ-spouse,Handlers-cleaners,Husband,Black,Male,0.0,0.0,40,United-States,<=50K
24,Private,269799.0,Assoc-voc,11,Never-married,Exec-managerial,Not-in-family,White,Male,0.0,0.0,40,United-States,<=50K
32,Private,248754.0,Some-college,10,Married-civ-spouse,Machine-op-inspct,Husband,White,Male,0.0,0.0,40,United-States,<=50K
39,Private,189404.0,Bachelors,13,Married-civ-spouse,Tech-support,Husband,White,Male,0.0,0.0,40,United-States,>50K
30,Local-gov,115040.0,HS-grad,9,Married-civ-spouse,Handlers-cleaners,Other-relative,White,Male,0.0,0.0,25,United-States,<=50K
34,Private,127195.0,Some-college,10,Married-civ-spouse,Exec-managerial,Husband,White,Male,0.0,0.0,40,United-States,<=50K
42,Private,162003.0,Doctorate,16,Never-married,Prof-specialty,Not-in-family,White,Male,0.0,0.0,36,United-States,>50K
29,Private,190777.0,Bachelors,13,Married-civ-spouse,Sales,Husband,White,Male,0.0,0.0,55,United-States,<=50K
54,Private,175339.0,HS-grad,9,Married-civ-spouse,Sales,Husband,White,Male,0.0,0.0,50,United-States,<=50K
25,Private,243786.0,Bachelors,13,Never-married,Other-service,Not-in-family,White,Female,0.0,0.0,37,United-States,<=50K
48,Private,105138.0,HS-grad,9,Divorced,Exec-managerial,Unmarried,Asian-Pac-Islander,Female,0.0,0.0,40,United-States,<=50K
23,Self-emp-not-inc,448026.0,Assoc-voc,11,Never-married,Craft-repair,Not-in-family,White,Male,0.0,0.0,45,United-States,<=50K
44,Private,138077.0,Bachelors,13,Divorced,Adm-clerical,Unmarried,White,Female,0.0,0.0,32,United-States,<=50K
31,Private,87891.0,Some-college,10,Married-civ-spouse,Adm-clerical,Husband,White,Male,0.0,0.0,40,United-States,<=50K
33,Private,133278.0,HS-grad,9,Never-married,Adm-clerical,Own-child,Black,Female,0.0,0.0,40,United-States,<=50K
36,Private,278576.0,HS-grad,9,Married-civ-spouse,Transport-moving,Husband,White,Male,0.0,0.0,50,United-States,<=50K
40,Local-gov,180123.0,HS-grad,9,Married-spouse-absent,Farming-fishing,Own-child,Black,Male,0.0,0.0,40,United-States,<=50K
42,Private,318947.0,HS-grad,9,Divorced,Machine-op-inspct,Not-in-family,White,Female,0.0,0.0,40,United-States,<=50K
34,Private,226385.0,Masters,14,Divorced,Exec-managerial,Unmarried,Black,Female,0.0,0.0,40,United-States,<=50K
61,Private,411652.0,12th,8,Married-civ-spouse,Craft-repair,Husband,White,Male,0.0,0.0,40,Mexico,<=50K
28,Private,194200.0,HS-grad,9,Married-civ-spouse,Exec-managerial,Husband,White,Male,0.0,0.0,70,United-States,<=50K
55,Private,314592.0,HS-grad,9,Married-civ-spouse,Craft-repair,Husband,White,Male,0.0,0.0,40,United-States,>50K
51,Private,128272.0,9th,5,Married-civ-spouse,Machine-op-inspct,Husband,White,Male,0.0,0.0,45,United-States,<=50K
39,Private,200598.0,Bachelors,13,Married-civ-spouse,Exec-managerial,Husband,White,Male,0.0,0.0,55,United-States,<=50K
49,Self-emp-not-inc,51620.0,Doctorate,16,Married-civ-spouse,Prof-specialty,Husband,White,Male,0.0,0.0,60,United-States,<=50K
17,Private,140117.0,11th,7,Never-married,Sales,Own-child,White,Female,0.0,0.0,14,United-States,<=50K
50,Private,421561.0,Some-college,10,Divorced,Exec-managerial,Not-in-family,White,Male,0.0,0.0,40,United-States,<=50K
57,Local-gov,261584.0,Some-college,10,Separated,Other-service,Not-in-family,Black,Female,0.0,0.0,40,United-States,<=50K
39,Private,76767.0,Some-college,10,Divorced,Adm-clerical,Not-in-family,White,Female,0.0,0.0,60,United-States,<=50K
40,Self-emp-inc,344060.0,Prof-school,15,Married-civ-spouse,Prof-specialty,Husband,White,Male,0.0,0.0,50,United-States,>50K
18,Private,39222.0,11th,7,Never-married,Handlers-cleaners,Own-child,White,Male,0.0,0.0,30,United-States,<=50K
42,Self-emp-not-inc,151809.0,HS-grad,9,Divorced,Farming-fishing,Unmarried,White,Male,0.0,0.0,50,United-States,<=50K
44,Private,101563.0,Masters,14,Divorced,Exec-managerial,Unmarried,White,Male,7430.0,0.0,45,United-States,>50K
40,Private,79488.0,HS-grad,9,Separated,Other-service,Not-in-family,White,Female,0.0,0.0,40,United-States,<=50K
45,Self-emp-inc,142719.0,Bachelors,13,Married-civ-spouse,Exec-managerial,Husband,White,Male,0.0,0.0,40,United-States,>50K
52,Self-emp-not-inc,121038.0,HS-grad,9,Widowed,Other-service,Unmarried,Black,Female,0.0,0.0,43,United-States,<=50K
66,Private,98837.0,HS-grad,9,Widowed,Adm-clerical,Not-in-family,White,Female,0.0,0.0,40,United-States,<=50K
34,Private,154874.0,Assoc-voc,11,Married-civ-spouse,Sales,Husband,White,Male,0.0,0.0,40,United-States,<=50K
19,Private,83930.0,HS-grad,9,Never-married,Other-service,Own-child,White,Female,0.0,0.0,20,United-States,<=50K
57,Self-emp-not-inc,98466.0,HS-grad,9,Married-civ-spouse,Adm-clerical,Wife,White,Female,0.0,0.0,16,United-States,<=50K
57,Private,222477.0,Some-college,10,Married-civ-spouse,Prof-specialty,Wife,White,Female,15024.0,0.0,8,United-States,>50K
28,Private,153475.0,Bachelors,13,Never-married,Adm-clerical,Own-child,White,Female,0.0,0.0,16,El-Salvador,<=50K
27,Private,538193.0,11th,7,Never-married,Prof-specialty,Not-in-family,Asian-Pac-Islander,Female,0.0,0.0,50,United-States,<=50K
52,Self-emp-not-inc,128378.0,11th,7,Married-civ-spouse,Craft-repair,Husband,White,Male,0.0,0.0,40,United-States,<=50K
30,Private,204704.0,Bachelors,13,Never-married,Exec-managerial,Unmarried,White,Female,0.0,0.0,45,United-States,>50K
49,Local-gov,202467.0,HS-grad,9,Married-civ-spouse,Protective-serv,Husband,White,Male,0.0,0.0,40,United-States,>50K
51,Private,194995.0,HS-grad,9,Married-civ-spouse,Sales,Husband,White,Male,0.0,0.0,50,United-States,<=50K
58,Local-gov,248739.0,HS-grad,9,Never-married,Other-service,Not-in-family,White,Male,0.0,0.0,40,United-States,<=50K
27,Private,197905.0,Some-college,10,Married-civ-spouse,Other-service,Husband,White,Male,0.0,0.0,40,United-States,<=50K
32,Private,37380.0,Some-college,10,Divorced,Adm-clerical,Unmarried,White,Female,0.0,0.0,38,United-States,<=50K
29,Federal-gov,204796.0,10th,6,Separated,Exec-managerial,Not-in-family,White,Female,0.0,0.0,40,United-States,<=50K
50,Self-emp-inc,288630.0,Masters,14,Married-civ-spouse,Exec-managerial,Husband,White,Male,0.0,0.0,50,United-States,>50K
34,Self-emp-not-inc,151733.0,Assoc-voc,11,Married-civ-spouse,Exec-managerial,Husband,White,Male,0.0,0.0,55,United-States,<=50K
33,Private,235847.0,Prof-school,15,Married-civ-spouse,Exec-managerial,Wife,White,Female,0.0,0.0,40,United-States,>50K
50,Private,121411.0,12th,8,Divorced,Transport-moving,Not-in-family,White,Male,0.0,0.0,40,United-States,<=50K
48,Local-gov,328610.0,Prof-school,15,Married-civ-spouse,Prof-specialty,Husband,White,Male,0.0,0.0,45,United-States,>50K
45,Federal-gov,201127.0,Some-college,10,Married-civ-spouse,Prof-specialty,Husband,White,Male,0.0,0.0,56,United-States,>50K
41,Private,219591.0,HS-grad,9,Never-married,Adm-clerical,Own-child,White,Male,0.0,0.0,40,United-States,<=50K
75,Private,185603.0,10th,6,Widowed,Tech-support,Not-in-family,White,Female,0.0,0.0,32,United-States,<=50K
23,Private,176178.0,HS-grad,9,Never-married,Tech-support,Own-child,White,Female,0.0,0.0,40,United-States,<=50K
21,Private,203715.0,HS-grad,9,Never-married,Transport-moving,Own-child,White,Male,0.0,0.0,40,United-States,<=50K
44,Private,216116.0,HS-grad,9,Married-spouse-absent,Other-service,Not-in-family,Black,Female,0.0,0.0,40,Jamaica,<=50K
48,Private,199058.0,Masters,14,Married-civ-spouse,Exec-managerial,Husband,White,Male,0.0,0.0,40,United-States,>50K
32,State-gov,159537.0,Assoc-acdm,12,Married-civ-spouse,Craft-repair,Husband,White,Male,0.0,0.0,40,United-States,<=50K
41,Local-gov,22155.0,Masters,14,Divorced,Prof-specialty,Unmarried,White,Female,0.0,0.0,60,United-States,<=50K
50,Private,151580.0,Assoc-acdm,12,Married-civ-spouse,Craft-repair,Husband,White,Male,0.0,0.0,45,United-States,<=50K
40,Self-emp-not-inc,27242.0,HS-grad,9,Married-civ-spouse,Farming-fishing,Husband,White,Male,0.0,0.0,84,United-States,<=50K
41,Private,322980.0,HS-grad,9,Separated,Adm-clerical,Not-in-family,Black,Male,2354.0,0.0,40,United-States,<=50K
55,Local-gov,293104.0,Some-college,10,Married-civ-spouse,Prof-specialty,Husband,White,Male,0.0,0.0,40,United-States,<=50K
36,Local-gov,206951.0,Some-college,10,Married-civ-spouse,Protective-serv,Husband,White,Male,0.0,0.0,40,United-States,<=50K
26,Private,137658.0,Bachelors,13,Never-married,Exec-managerial,Not-in-family,White,Female,0.0,0.0,45,United-States,<=50K
21,Private,296158.0,HS-grad,9,Never-married,Craft-repair,Own-child,White,Male,0.0,0.0,35,United-States,<=50K
20,Private,177896.0,HS-grad,9,Never-married,Handlers-cleaners,Other-relative,Black,Male,0.0,0.0,40,United-States,<=50K
39,Private,216149.0,Prof-school,15,Divorced,Prof-specialty,Not-in-family,White,Male,0.0,0.0,70,United-States,>50K
20,Self-emp-not-inc,115085.0,Some-college,10,Never-married,Farming-fishing,Own-child,White,Male,0.0,0.0,40,United-States,<=50K
25,Private,479765.0,7th-8th,4,Never-married,Sales,Other-relative,White,Male,0.0,0.0,45,Guatemala,<=50K
32,Private,152940.0,Some-college,10,Married-civ-spouse,Sales,Husband,White,Male,0.0,0.0,40,United-States,>50K
36,Self-emp-not-inc,143385.0,HS-grad,9,Married-civ-spouse,Farming-fishing,Husband,White,Male,0.0,0.0,60,United-States,<=50K
48,Private,145041.0,HS-grad,9,Never-married,Machine-op-inspct,Other-relative,White,Male,0.0,0.0,40,Dominican-Republic,<=50K
56,Private,124566.0,5th-6th,3,Divorced,Machine-op-inspct,Not-in-family,White,Female,0.0,0.0,40,United-States,<=50K
35,Private,70447.0,Some-college,10,Never-married,Prof-specialty,Unmarried,Asian-Pac-Islander,Male,4650.0,0.0,20,United-States,<=50K
60,State-gov,165792.0,Masters,14,Married-civ-spouse,Prof-specialty,Wife,White,Female,0.0,0.0,8,United-States,<=50K
48,Private,146268.0,Bachelors,13,Married-civ-spouse,Adm-clerical,Husband,White,Male,7688.0,0.0,40,United-States,>50K
68,Self-emp-not-inc,211584.0,Some-college,10,Married-civ-spouse,Sales,Husband,White,Male,0.0,0.0,40,United-States,>50K
38,State-gov,187119.0,Masters,14,Divorced,Exec-managerial,Not-in-family,White,Female,0.0,0.0,50,United-States,>50K
33,Self-emp-not-inc,235271.0,Bachelors,13,Divorced,Sales,Not-in-family,White,Male,0.0,0.0,50,United-States,>50K
25,Private,352806.0,HS-grad,9,Divorced,Other-service,Not-in-family,White,Female,0.0,0.0,40,Mexico,<=50K
68,Private,223851.0,HS-grad,9,Married-civ-spouse,Adm-clerical,Husband,White,Male,0.0,0.0,24,United-States,<=50K
40,Private,79372.0,HS-grad,9,Divorced,Sales,Not-in-family,White,Female,0.0,0.0,40,United-States,<=50K
45,Private,200559.0,Assoc-voc,11,Married-civ-spouse,Farming-fishing,Husband,White,Male,0.0,0.0,70,United-States,<=50K
35,Private,105821.0,HS-grad,9,Married-civ-spouse,Exec-managerial,Husband,White,Male,5178.0,0.0,40,United-States,>50K
47,Local-gov,47270.0,Assoc-acdm,12,Separated,Adm-clerical,Unmarried,Black,Female,0.0,0.0,40,United-States,<=50K
46,Local-gov,274200.0,Some-college,10,Married-civ-spouse,Prof-specialty,Husband,White,Male,0.0,0.0,40,United-States,>50K
35,Private,140752.0,HS-grad,9,Never-married,Sales,Not-in-family,White,Male,0.0,0.0,25,United-States,<=50K
41,Self-emp-inc,289636.0,Assoc-voc,11,Never-married,Exec-managerial,Not-in-family,White,Male,0.0,0.0,48,United-States,<=50K
24,Private,48343.0,11th,7,Never-married,Other-service,Not-in-family,Black,Female,0.0,0.0,40,United-States,<=50K
21,Private,132320.0,11th,7,Never-married,Craft-repair,Not-in-family,White,Male,0.0,0.0,35,United-States,<=50K
37,Private,216149.0,11th,7,Married-civ-spouse,Craft-repair,Husband,White,Male,0.0,0.0,45,United-States,<=50K
22,Private,199915.0,Some-college,10,Never-married,Other-service,Own-child,White,Female,0.0,0.0,10,United-States,<=50K
17,Private,143331.0,11th,7,Never-married,Sales,Own-child,White,Male,0.0,0.0,20,United-States,<=50K
45,Local-gov,93663.0,Some-college,10,Divorced,Adm-clerical,Unmarried,White,Female,0.0,0.0,35,United-States,<=50K
40,Private,154374.0,Prof-school,15,Married-civ-spouse,Prof-specialty,Husband,White,Male,0.0,0.0,60,United-States,>50K
22,Private,380899.0,Some-college,10,Never-married,Craft-repair,Own-child,White,Male,0.0,0.0,40,United-States,<=50K
72,Private,171181.0,HS-grad,9,Widowed,Adm-clerical,Unmarried,White,Female,2329.0,0.0,20,United-States,<=50K
31,Private,145377.0,Bachelors,13,Married-civ-spouse,Sales,Husband,White,Male,0.0,0.0,60,United-States,<=50K
39,Local-gov,287031.0,Masters,14,Married-civ-spouse,Prof-specialty,Husband,White,Male,0.0,0.0,45,United-States,>50K
47,Private,148995.0,Masters,14,Married-civ-spouse,Exec-managerial,Husband,White,Male,0.0,0.0,65,United-States,>50K
36,Federal-gov,223749.0,Bachelors,13,Married-civ-spouse,Prof-specialty,Husband,White,Male,0.0,0.0,40,United-States,>50K
25,Private,233994.0,HS-grad,9,Married-civ-spouse,Machine-op-inspct,Husband,White,Male,0.0,0.0,50,United-States,<=50K
48,Private,109832.0,Masters,14,Married-civ-spouse,Prof-specialty,Husband,White,Male,0.0,1902.0,40,United-States,>50K
19,Private,168601.0,11th,7,Never-married,Other-service,Other-relative,White,Male,0.0,0.0,30,United-States,<=50K
52,Private,165998.0,Some-college,10,Married-civ-spouse,Machine-op-inspct,Husband,White,Male,0.0,0.0,40,United-States,<=50K
47,Self-emp-inc,123075.0,Masters,14,Married-civ-spouse,Sales,Husband,White,Male,0.0,0.0,50,United-States,>50K
42,Private,511068.0,Bachelors,13,Married-civ-spouse,Prof-specialty,Husband,White,Male,7688.0,0.0,40,United-States,>50K
33,Private,188246.0,Bachelors,13,Married-civ-spouse,Exec-managerial,Husband,White,Male,0.0,0.0,65,United-States,>50K
35,Self-emp-inc,187693.0,Assoc-acdm,12,Married-civ-spouse,Craft-repair,Husband,White,Male,0.0,0.0,80,United-States,>50K
28,Private,66434.0,10th,6,Never-married,Other-service,Unmarried,White,Female,0.0,0.0,15,United-States,<=50K
38,Private,114591.0,Bachelors,13,Married-civ-spouse,Prof-specialty,Wife,White,Female,15024.0,0.0,40,United-States,>50K
57,Self-emp-not-inc,110417.0,Some-college,10,Married-civ-spouse,Farming-fishing,Husband,White,Male,0.0,0.0,75,United-States,<=50K
20,Private,123007.0,HS-grad,9,Never-married,Adm-clerical,Other-relative,White,Male,0.0,2001.0,30,United-States,<=50K
46,Local-gov,148995.0,Bachelors,13,Never-married,Prof-specialty,Own-child,White,Male,4787.0,0.0,45,United-States,>50K
33,Private,160634.0,HS-grad,9,Married-civ-spouse,Machine-op-inspct,Husband,White,Male,0.0,0.0,50,United-States,>50K
45,Private,46406.0,Masters,14,Married-civ-spouse,Prof-specialty,Husband,White,Male,0.0,0.0,36,England,>50K
45,Private,129371.0,9th,5,Separated,Other-service,Unmarried,Other,Female,0.0,0.0,40,Trinadad&Tobago,<=50K
31,Local-gov,446358.0,Doctorate,16,Never-married,Prof-specialty,Not-in-family,White,Male,0.0,0.0,50,Mexico,>50K
17,Private,58037.0,10th,6,Never-married,Other-service,Own-child,White,Male,0.0,0.0,40,United-States,<=50K
38,Private,293475.0,HS-grad,9,Divorced,Other-service,Not-in-family,White,Female,0.0,0.0,40,United-States,<=50K
44,Self-emp-inc,240900.0,Bachelors,13,Married-civ-spouse,Sales,Husband,White,Male,0.0,0.0,40,United-States,>50K
52,Private,306108.0,HS-grad,9,Married-civ-spouse,Machine-op-inspct,Husband,White,Male,0.0,0.0,40,United-States,<=50K
58,Private,113398.0,HS-grad,9,Never-married,Other-service,Other-relative,White,Male,0.0,0.0,25,United-States,<=50K
23,Private,224059.0,HS-grad,9,Married-civ-spouse,Machine-op-inspct,Husband,White,Male,0.0,0.0,40,United-States,<=50K
39,Private,189344.0,HS-grad,9,Married-civ-spouse,Machine-op-inspct,Husband,White,Male,0.0,0.0,40,Mexico,<=50K
48,Local-gov,238959.0,Masters,14,Divorced,Exec-managerial,Unmarried,Black,Female,9562.0,0.0,40,United-States,>50K
47,Private,181307.0,Some-college,10,Married-civ-spouse,Sales,Husband,White,Male,99999.0,0.0,60,United-States,>50K
23,Private,283796.0,12th,8,Never-married,Machine-op-inspct,Other-relative,White,Male,0.0,0.0,30,Mexico,<=50K
39,Private,129764.0,HS-grad,9,Married-civ-spouse,Craft-repair,Husband,White,Male,0.0,0.0,40,United-States,<=50K
58,Private,204021.0,HS-grad,9,Never-married,Transport-moving,Own-child,White,Male,0.0,0.0,40,Canada,<=50K
67,Private,120900.0,7th-8th,4,Widowed,Other-service,Not-in-family,White,Female,0.0,0.0,12,United-States,<=50K
47,Private,199832.0,HS-grad,9,Married-civ-spouse,Craft-repair,Husband,White,Male,0.0,0.0,40,United-States,<=50K
42,State-gov,99185.0,HS-grad,9,Never-married,Adm-clerical,Not-in-family,White,Female,0.0,0.0,38,United-States,<=50K
73,Local-gov,143437.0,HS-grad,9,Married-civ-spouse,Exec-managerial,Husband,White,Male,0.0,0.0,20,United-States,<=50K
35,Private,211494.0,Bachelors,13,Never-married,Exec-managerial,Not-in-family,White,Male,0.0,1876.0,55,United-States,<=50K
18,Private,161245.0,11th,7,Never-married,Other-service,Own-child,White,Male,0.0,0.0,15,United-States,<=50K
43,Private,271807.0,Some-college,10,Divorced,Craft-repair,Not-in-family,White,Male,0.0,0.0,40,United-States,<=50K
23,Private,345577.0,Some-college,10,Divorced,Priv-house-serv,Not-in-family,White,Female,0.0,0.0,26,United-States,<=50K
29,Private,159768.0,HS-grad,9,Never-married,Machine-op-inspct,Not-in-family,White,Male,3325.0,0.0,40,Ecuador,<=50K
52,Private,138944.0,11th,7,Married-civ-spouse,Craft-repair,Husband,White,Male,0.0,0.0,40,United-States,>50K
45,Self-emp-not-inc,319122.0,Bachelors,13,Never-married,Sales,Not-in-family,White,Male,14084.0,0.0,45,United-States,>50K
38,Private,141550.0,10th,6,Divorced,Craft-repair,Not-in-family,White,Male,0.0,0.0,40,United-States,<=50K
29,Private,29361.0,HS-grad,9,Never-married,Other-service,Not-in-family,White,Female,0.0,0.0,38,United-States,<=50K
25,Private,60726.0,HS-grad,9,Married-civ-spouse,Transport-moving,Husband,Black,Male,0.0,0.0,30,United-States,<=50K
39,Private,176279.0,Bachelors,13,Divorced,Sales,Not-in-family,White,Female,0.0,0.0,40,United-States,<=50K
49,Private,117095.0,HS-grad,9,Separated,Machine-op-inspct,Unmarried,White,Female,0.0,0.0,40,United-States,<=50K
31,Private,113364.0,HS-grad,9,Married-civ-spouse,Transport-moving,Husband,White,Male,0.0,0.0,40,United-States,>50K
28,Private,133625.0,HS-grad,9,Married-civ-spouse,Transport-moving,Husband,Black,Male,0.0,0.0,40,United-States,<=50K
22,Private,138504.0,Some-college,10,Never-married,Adm-clerical,Unmarried,Black,Female,0.0,0.0,30,United-States,<=50K
20,Private,161708.0,Some-college,10,Never-married,Sales,Own-child,White,Female,0.0,0.0,35,United-States,<=50K
32,Self-emp-not-inc,292465.0,Some-college,10,Married-civ-spouse,Exec-managerial,Husband,White,Male,0.0,0.0,35,United-States,>50K
52,Private,146567.0,HS-grad,9,Divorced,Machine-op-inspct,Not-in-family,Black,Male,14344.0,0.0,40,United-States,>50K
29,Self-emp-not-inc,58744.0,Assoc-acdm,12,Never-married,Other-service,Own-child,White,Male,0.0,0.0,60,United-States,<=50K
20,Private,157541.0,Some-college,10,Never-married,Craft-repair,Own-child,White,Male,0.0,0.0,40,United-States,<=50K
40,Self-emp-not-inc,182516.0,Assoc-acdm,12,Married-civ-spouse,Adm-clerical,Wife,White,Female,0.0,0.0,40,United-States,<=50K
42,Private,282062.0,9th,5,Married-civ-spouse,Transport-moving,Husband,White,Male,0.0,0.0,40,United-States,<=50K
48,Private,249935.0,HS-grad,9,Married-civ-spouse,Transport-moving,Husband,White,Male,0.0,0.0,44,United-States,<=50K
29,Federal-gov,196912.0,Bachelors,13,Never-married,Prof-specialty,Not-in-family,Black,Male,0.0,0.0,40,United-States,<=50K
23,Private,419394.0,Some-college,10,Never-married,Sales,Own-child,Black,Male,0.0,0.0,9,United-States,<=50K
47,State-gov,80914.0,Masters,14,Married-civ-spouse,Exec-managerial,Husband,White,Male,0.0,0.0,47,United-States,>50K
19,State-gov,136848.0,Some-college,10,Never-married,Adm-clerical,Own-child,White,Female,0.0,0.0,8,United-States,<=50K
32,Private,144949.0,HS-grad,9,Married-civ-spouse,Sales,Husband,White,Male,0.0,0.0,40,United-States,>50K
27,Private,153475.0,Assoc-acdm,12,Divorced,Exec-managerial,Not-in-family,White,Female,0.0,0.0,45,United-States,<=50K
39,Private,270557.0,Masters,14,Divorced,Other-service,Not-in-family,White,Female,0.0,0.0,50,United-States,>50K
31,Private,50753.0,Some-college,10,Married-civ-spouse,Craft-repair,Husband,White,Male,0.0,0.0,70,United-States,<=50K
49,Private,102737.0,Assoc-voc,11,Divorced,Craft-repair,Not-in-family,White,Male,0.0,0.0,40,United-States,<=50K
28,Private,203776.0,10th,6,Married-civ-spouse,Craft-repair,Husband,White,Male,0.0,0.0,50,United-States,<=50K
43,Federal-gov,144778.0,Bachelors,13,Never-married,Exec-managerial,Not-in-family,White,Male,0.0,0.0,40,United-States,>50K
19,Private,225775.0,Some-college,10,Never-married,Craft-repair,Not-in-family,White,Male,0.0,0.0,45,Mexico,<=50K
23,Private,308498.0,Some-college,10,Never-married,Craft-repair,Own-child,White,Male,0.0,0.0,15,United-States,<=50K
31,Private,213307.0,7th-8th,4,Never-married,Machine-op-inspct,Other-relative,White,Female,0.0,0.0,20,Mexico,<=50K
24,Private,278130.0,Assoc-acdm,12,Never-married,Adm-clerical,Not-in-family,White,Male,0.0,0.0,40,United-States,<=50K
56,State-gov,222745.0,Doctorate,16,Married-civ-spouse,Transport-moving,Husband,White,Male,0.0,0.0,56,United-States,<=50K
24,Private,211527.0,Bachelors,13,Never-married,Adm-clerical,Not-in-family,White,Male,0.0,0.0,30,United-States,<=50K
48,Self-emp-not-inc,296066.0,Some-college,10,Married-civ-spouse,Transport-moving,Husband,White,Male,0.0,0.0,50,United-States,>50K
23,Private,176486.0,Assoc-voc,11,Never-married,Adm-clerical,Own-child,White,Female,0.0,0.0,36,United-States,<=50K
64,Private,186731.0,HS-grad,9,Widowed,Adm-clerical,Unmarried,White,Female,0.0,0.0,40,United-States,<=50K
30,Private,378723.0,Some-college,10,Divorced,Adm-clerical,Own-child,White,Female,0.0,0.0,55,United-States,<=50K
38,Private,304651.0,HS-grad,9,Married-civ-spouse,Adm-clerical,Husband,White,Male,0.0,0.0,45,United-States,>50K
37,Private,66686.0,HS-grad,9,Married-civ-spouse,Transport-moving,Husband,White,Male,0.0,0.0,40,United-States,>50K
24,Private,90934.0,Bachelors,13,Never-married,Sales,Own-child,Asian-Pac-Islander,Male,0.0,0.0,55,United-States,<=50K
44,Self-emp-not-inc,277783.0,Masters,14,Never-married,Farming-fishing,Own-child,White,Male,0.0,0.0,99,United-States,<=50K
22,Private,215395.0,HS-grad,9,Never-married,Transport-moving,Not-in-family,White,Male,0.0,0.0,37,United-States,<=50K
21,Private,175121.0,Some-college,10,Never-married,Farming-fishing,Own-child,White,Male,0.0,0.0,40,United-States,<=50K
51,Private,192386.0,Assoc-voc,11,Divorced,Craft-repair,Not-in-family,White,Male,6849.0,0.0,40,United-States,<=50K
28,Private,209205.0,Masters,14,Married-civ-spouse,Prof-specialty,Husband,White,Male,0.0,0.0,45,United-States,>50K
29,Private,204516.0,Bachelors,13,Divorced,Prof-specialty,Not-in-family,White,Male,0.0,0.0,52,United-States,<=50K
38,Private,186531.0,HS-grad,9,Never-married,Machine-op-inspct,Not-in-family,White,Male,0.0,0.0,40,United-States,<=50K
27,Private,168107.0,Bachelors,13,Married-civ-spouse,Craft-repair,Husband,White,Male,0.0,0.0,40,United-States,<=50K
50,Local-gov,96062.0,HS-grad,9,Married-civ-spouse,Protective-serv,Husband,White,Male,0.0,0.0,40,United-States,<=50K
19,Private,218956.0,12th,8,Never-married,Machine-op-inspct,Other-relative,White,Male,0.0,0.0,40,United-States,<=50K
36,Private,111387.0,10th,6,Divorced,Sales,Own-child,White,Male,0.0,0.0,40,United-States,<=50K
31,Local-gov,275369.0,Some-college,10,Never-married,Protective-serv,Not-in-family,Black,Male,0.0,0.0,40,United-States,<=50K
31,Private,226443.0,Bachelors,13,Never-married,Prof-specialty,Not-in-family,White,Male,0.0,0.0,40,United-States,<=50K
41,State-gov,52131.0,HS-grad,9,Divorced,Prof-specialty,Own-child,White,Male,0.0,0.0,40,United-States,<=50K
40,Self-emp-inc,57233.0,HS-grad,9,Married-civ-spouse,Exec-managerial,Husband,White,Male,0.0,0.0,60,United-States,>50K
59,Private,184553.0,HS-grad,9,Married-civ-spouse,Handlers-cleaners,Husband,White,Male,0.0,0.0,45,United-States,<=50K
37,Private,86308.0,Bachelors,13,Married-civ-spouse,Prof-specialty,Wife,Asian-Pac-Islander,Female,0.0,0.0,40,Philippines,>50K
36,Private,76878.0,HS-grad,9,Married-civ-spouse,Machine-op-inspct,Husband,White,Male,5178.0,0.0,40,United-States,>50K
47,State-gov,287547.0,Bachelors,13,Married-civ-spouse,Prof-specialty,Wife,White,Female,0.0,0.0,40,United-States,<=50K
32,Federal-gov,249409.0,HS-grad,9,Never-married,Other-service,Own-child,Black,Male,0.0,0.0,40,United-States,<=50K
41,Private,199018.0,Prof-school,15,Married-civ-spouse,Exec-managerial,Husband,White,Male,0.0,0.0,40,United-States,>50K
37,Private,52630.0,Some-college,10,Married-civ-spouse,Craft-repair,Husband,White,Male,0.0,0.0,40,United-States,<=50K
54,State-gov,137815.0,12th,8,Never-married,Other-service,Own-child,White,Male,4101.0,0.0,40,United-States,<=50K
39,Private,303677.0,Some-college,10,Divorced,Exec-managerial,Unmarried,White,Female,0.0,0.0,15,United-States,<=50K
63,Self-emp-not-inc,179981.0,Some-college,10,Married-civ-spouse,Exec-managerial,Husband,White,Male,0.0,0.0,60,United-States,>50K
35,Private,38948.0,Some-college,10,Married-civ-spouse,Prof-specialty,Husband,White,Male,0.0,0.0,40,United-States,>50K
35,Private,129597.0,Some-college,10,Married-civ-spouse,Sales,Husband,White,Male,0.0,0.0,46,United-States,<=50K
21,Private,147655.0,HS-grad,9,Never-married,Other-service,Own-child,White,Female,0.0,0.0,35,United-States,<=50K
28,Private,370675.0,Bachelors,13,Never-married,Prof-specialty,Not-in-family,White,Female,0.0,1408.0,50,Hong,<=50K
56,Private,146554.0,HS-grad,9,Separated,Adm-clerical,Other-relative,Black,Female,0.0,0.0,40,United-States,<=50K
19,Private,213644.0,HS-grad,9,Never-married,Machine-op-inspct,Not-in-family,White,Male,0.0,0.0,40,United-States,<=50K
20,Private,104981.0,HS-grad,9,Never-married,Sales,Not-in-family,White,Male,0.0,0.0,40,United-States,<=50K
29,Private,179008.0,HS-grad,9,Married-civ-spouse,Farming-fishing,Husband,White,Male,0.0,0.0,55,United-States,<=50K
21,Private,203003.0,10th,6,Married-civ-spouse,Craft-repair,Husband,White,Male,0.0,0.0,40,United-States,<=50K
29,Private,247445.0,HS-grad,9,Divorced,Sales,Not-in-family,White,Male,0.0,0.0,45,United-States,<=50K
39,Self-emp-not-inc,188571.0,11th,7,Married-civ-spouse,Transport-moving,Husband,White,Male,0.0,0.0,40,United-States,<=50K
51,Private,320513.0,7th-8th,4,Married-spouse-absent,Craft-repair,Not-in-family,Black,Male,0.0,0.0,50,Dominican-Republic,<=50K
27,Private,107218.0,HS-grad,9,Never-married,Other-service,Own-child,Asian-Pac-Islander,Male,0.0,0.0,40,United-States,<=50K
65,Private,180807.0,HS-grad,9,Separated,Protective-serv,Not-in-family,White,Male,991.0,0.0,20,United-States,<=50K
52,Private,231865.0,HS-grad,9,Married-civ-spouse,Adm-clerical,Husband,White,Male,0.0,0.0,46,United-States,<=50K
30,Private,180574.0,Some-college,10,Never-married,Adm-clerical,Other-relative,White,Female,0.0,0.0,40,United-States,<=50K
58,Private,152874.0,Some-college,10,Widowed,Other-service,Not-in-family,Black,Female,0.0,0.0,40,United-States,<=50K
21,State-gov,99199.0,Masters,14,Never-married,Transport-moving,Own-child,White,Male,0.0,0.0,15,United-States,<=50K
44,Local-gov,207685.0,Masters,14,Never-married,Prof-specialty,Not-in-family,White,Male,8614.0,0.0,33,United-States,>50K
27,Federal-gov,214385.0,HS-grad,9,Never-married,Adm-clerical,Not-in-family,Black,Female,0.0,0.0,40,United-States,<=50K
37,Local-gov,221740.0,Bachelors,13,Married-civ-spouse,Prof-specialty,Wife,White,Female,0.0,0.0,30,United-States,>50K
24,Private,137589.0,HS-grad,9,Never-married,Adm-clerical,Own-child,White,Female,0.0,0.0,30,United-States,<=50K
17,Private,115551.0,11th,7,Never-married,Other-service,Own-child,White,Female,0.0,0.0,20,United-States,<=50K
27,Private,587310.0,7th-8th,4,Never-married,Other-service,Other-relative,White,Male,0.0,0.0,35,Guatemala,<=50K
62,Self-emp-not-inc,265007.0,HS-grad,9,Married-civ-spouse,Exec-managerial,Husband,White,Male,0.0,0.0,60,Ecuador,<=50K
56,Private,174351.0,12th,8,Married-civ-spouse,Craft-repair,Husband,White,Male,0.0,0.0,40,Italy,<=50K
22,Private,147397.0,Some-college,10,Never-married,Sales,Not-in-family,White,Male,0.0,0.0,44,United-States,<=50K
41,Private,184105.0,HS-grad,9,Married-civ-spouse,Exec-managerial,Husband,White,Male,0.0,0.0,55,United-States,>50K
32,Private,240763.0,11th,7,Divorced,Transport-moving,Own-child,Black,Male,0.0,0.0,45,United-States,<=50K
22,Private,324922.0,HS-grad,9,Never-married,Machine-op-inspct,Not-in-family,White,Male,0.0,0.0,50,United-States,<=50K
30,Private,166961.0,Bachelors,13,Never-married,Prof-specialty,Own-child,White,Female,0.0,0.0,37,United-States,<=50K
51,Self-emp-inc,124963.0,Masters,14,Married-civ-spouse,Sales,Husband,White,Male,0.0,0.0,40,United-States,>50K
49,Private,149218.0,HS-grad,9,Divorced,Craft-repair,Unmarried,White,Male,0.0,0.0,50,United-States,<=50K
31,Private,55104.0,HS-grad,9,Divorced,Adm-clerical,Not-in-family,White,Female,0.0,0.0,25,United-States,<=50K
32,Private,137076.0,Some-college,10,Married-civ-spouse,Exec-managerial,Husband,White,Male,15024.0,0.0,60,United-States,>50K
46,Private,295566.0,Doctorate,16,Divorced,Prof-specialty,Unmarried,White,Female,25236.0,0.0,65,United-States,>50K
49,Private,237920.0,Doctorate,16,Married-civ-spouse,Sales,Husband,White,Male,0.0,0.0,60,United-States,<=50K
18,Self-emp-inc,38307.0,11th,7,Never-married,Farming-fishing,Own-child,White,Male,0.0,0.0,30,United-States,<=50K
29,Local-gov,205262.0,Some-college,10,Never-married,Adm-clerical,Not-in-family,Other,Male,0.0,0.0,40,Ecuador,<=50K
41,Private,112181.0,Bachelors,13,Married-civ-spouse,Sales,Wife,White,Female,0.0,0.0,12,United-States,>50K
46,Private,164733.0,Masters,14,Married-civ-spouse,Prof-specialty,Husband,White,Male,0.0,0.0,41,United-States,<=50K
32,Private,136480.0,Bachelors,13,Married-civ-spouse,Sales,Husband,White,Male,0.0,0.0,60,United-States,>50K
49,Private,193366.0,HS-grad,9,Married-civ-spouse,Craft-repair,Husband,White,Male,0.0,0.0,40,United-States,<=50K
46,Private,72896.0,Some-college,10,Married-civ-spouse,Exec-managerial,Husband,White,Male,0.0,0.0,50,United-States,<=50K
17,Private,175465.0,10th,6,Never-married,Other-service,Own-child,White,Female,0.0,0.0,14,United-States,<=50K
37,Private,218490.0,Masters,14,Married-civ-spouse,Exec-managerial,Husband,White,Male,0.0,0.0,55,El-Salvador,>50K
23,Private,180497.0,Bachelors,13,Never-married,Tech-support,Own-child,Black,Female,0.0,0.0,32,United-States,<=50K
19,Private,243941.0,Some-college,10,Never-married,Sales,Own-child,Amer-Indian-Eskimo,Female,0.0,1721.0,25,United-States,<=50K
38,Private,179262.0,Some-college,10,Divorced,Adm-clerical,Unmarried,White,Female,0.0,0.0,30,United-States,<=50K
18,State-gov,268520.0,HS-grad,9,Never-married,Adm-clerical,Own-child,White,Female,0.0,0.0,40,United-States,<=50K
47,Private,185041.0,Some-college,10,Married-civ-spouse,Craft-repair,Husband,White,Male,7298.0,0.0,40,United-States,>50K
24,Private,254767.0,7th-8th,4,Married-civ-spouse,Farming-fishing,Husband,White,Male,2105.0,0.0,50,United-States,<=50K
49,Private,79436.0,HS-grad,9,Married-civ-spouse,Handlers-cleaners,Husband,White,Male,0.0,0.0,48,United-States,<=50K
42,Private,112607.0,HS-grad,9,Married-civ-spouse,Craft-repair,Husband,White,Male,0.0,0.0,50,United-States,<=50K
60,Federal-gov,237317.0,Assoc-voc,11,Divorced,Prof-specialty,Unmarried,White,Male,4934.0,0.0,40,United-States,>50K
23,Private,220993.0,Some-college,10,Never-married,Other-service,Own-child,White,Male,0.0,0.0,35,United-States,<=50K
21,Private,246207.0,Some-college,10,Never-married,Adm-clerical,Own-child,Black,Female,0.0,0.0,20,United-States,<=50K
39,Self-emp-not-inc,230329.0,Some-college,10,Never-married,Prof-specialty,Not-in-family,White,Male,0.0,1564.0,12,United-States,>50K
34,State-gov,366198.0,Doctorate,16,Married-civ-spouse,Prof-specialty,Husband,White,Male,0.0,0.0,45,Germany,>50K
47,Private,287480.0,Some-college,10,Married-civ-spouse,Craft-repair,Husband,White,Male,0.0,0.0,40,United-States,<=50K
24,Private,72887.0,HS-grad,9,Never-married,Other-service,Not-in-family,Asian-Pac-Islander,Male,0.0,0.0,40,United-States,<=50K
54,Local-gov,184620.0,Masters,14,Divorced,Prof-specialty,Not-in-family,White,Female,0.0,0.0,40,United-States,<=50K
27,Private,185647.0,HS-grad,9,Married-civ-spouse,Machine-op-inspct,Husband,White,Male,0.0,0.0,50,United-States,>50K
34,Private,263908.0,Some-college,10,Married-civ-spouse,Sales,Husband,White,Male,0.0,0.0,50,United-States,<=50K
28,Private,204600.0,HS-grad,9,Separated,Protective-serv,Other-relative,White,Male,0.0,0.0,40,United-States,<=50K
38,Private,165302.0,Some-college,10,Divorced,Adm-clerical,Unmarried,Other,Female,0.0,0.0,40,United-States,<=50K
25,Private,252803.0,HS-grad,9,Never-married,Other-service,Unmarried,Black,Female,0.0,0.0,40,United-States,<=50K
42,Private,190786.0,Assoc-voc,11,Married-civ-spouse,Craft-repair,Husband,White,Male,0.0,0.0,40,United-States,<=50K
19,State-gov,156294.0,Some-college,10,Never-married,Prof-specialty,Own-child,White,Male,0.0,0.0,25,United-States,<=50K
41,Private,213351.0,HS-grad,9,Married-civ-spouse,Exec-managerial,Husband,White,Male,0.0,0.0,40,United-States,<=50K
50,Private,258819.0,HS-grad,9,Divorced,Craft-repair,Not-in-family,White,Male,0.0,0.0,40,United-States,>50K
19,Private,232368.0,Some-college,10,Never-married,Other-service,Own-child,White,Female,0.0,0.0,35,United-States,<=50K
52,Private,170562.0,12th,8,Married-civ-spouse,Craft-repair,Husband,White,Male,0.0,0.0,40,United-States,<=50K
36,Private,246449.0,Some-college,10,Married-civ-spouse,Exec-managerial,Husband,White,Male,0.0,0.0,60,United-States,>50K
19,Private,439779.0,Some-college,10,Never-married,Sales,Own-child,White,Male,0.0,0.0,15,United-States,<=50K
56,Private,116878.0,5th-6th,3,Married-civ-spouse,Machine-op-inspct,Husband,White,Male,0.0,0.0,40,Portugal,>50K
48,State-gov,212954.0,Masters,14,Married-civ-spouse,Prof-specialty,Husband,White,Male,15024.0,0.0,40,United-States,>50K
48,Private,25468.0,Masters,14,Divorced,Exec-managerial,Not-in-family,White,Male,99999.0,0.0,50,United-States,>50K
30,Private,246439.0,Assoc-acdm,12,Married-civ-spouse,Prof-specialty,Husband,White,Male,0.0,0.0,60,United-States,<=50K
33,Private,213813.0,Some-college,10,Divorced,Tech-support,Unmarried,White,Female,0.0,0.0,40,United-States,<=50K
47,Self-emp-not-inc,60087.0,Some-college,10,Married-spouse-absent,Exec-managerial,Not-in-family,White,Female,0.0,0.0,60,United-States,<=50K
21,Private,37482.0,Some-college,10,Never-married,Other-service,Own-child,White,Female,0.0,0.0,20,United-States,<=50K
42,Private,155972.0,HS-grad,9,Married-civ-spouse,Handlers-cleaners,Husband,White,Male,0.0,0.0,40,United-States,>50K
58,Private,142924.0,Masters,14,Never-married,Adm-clerical,Not-in-family,White,Female,0.0,0.0,24,United-States,>50K
49,Private,723746.0,HS-grad,9,Married-civ-spouse,Craft-repair,Husband,White,Male,0.0,0.0,43,United-States,<=50K
59,Private,98361.0,Some-college,10,Married-civ-spouse,Craft-repair,Husband,White,Male,0.0,0.0,40,United-States,>50K
17,Private,93511.0,11th,7,Never-married,Sales,Own-child,White,Female,0.0,0.0,15,United-States,<=50K
83,Private,195507.0,HS-grad,9,Widowed,Protective-serv,Not-in-family,White,Male,0.0,0.0,55,United-States,<=50K
53,Private,283743.0,HS-grad,9,Married-civ-spouse,Transport-moving,Husband,White,Male,0.0,2002.0,40,United-States,<=50K
35,Private,23892.0,HS-grad,9,Married-civ-spouse,Exec-managerial,Wife,White,Female,0.0,0.0,40,United-States,>50K
29,Private,31935.0,HS-grad,9,Divorced,Prof-specialty,Not-in-family,White,Female,0.0,0.0,40,United-States,<=50K
46,Private,155509.0,Bachelors,13,Separated,Prof-specialty,Unmarried,Black,Female,0.0,0.0,32,Jamaica,<=50K
43,Private,221550.0,Bachelors,13,Separated,Adm-clerical,Unmarried,White,Female,0.0,0.0,35,United-States,<=50K
40,Private,275446.0,HS-grad,9,Never-married,Sales,Own-child,Black,Male,0.0,0.0,40,United-States,<=50K
46,Private,167882.0,HS-grad,9,Divorced,Tech-support,Not-in-family,White,Female,0.0,0.0,43,United-States,<=50K
42,Private,111483.0,Bachelors,13,Married-civ-spouse,Tech-support,Husband,White,Male,0.0,0.0,50,United-States,>50K
74,Private,211075.0,HS-grad,9,Married-civ-spouse,Exec-managerial,Husband,White,Male,0.0,0.0,40,United-States,>50K
31,Self-emp-not-inc,80145.0,Some-college,10,Married-civ-spouse,Craft-repair,Husband,White,Male,0.0,0.0,40,United-States,<=50K
36,Private,204527.0,HS-grad,9,Never-married,Craft-repair,Unmarried,White,Male,1506.0,0.0,40,United-States,<=50K
60,Private,166386.0,11th,7,Married-civ-spouse,Machine-op-inspct,Wife,Asian-Pac-Islander,Female,0.0,0.0,30,Hong,<=50K
31,Private,207537.0,HS-grad,9,Divorced,Craft-repair,Own-child,White,Male,0.0,1669.0,50,United-States,<=50K
48,Private,156926.0,Bachelors,13,Divorced,Adm-clerical,Not-in-family,White,Male,0.0,0.0,40,United-States,<=50K
62,Local-gov,164518.0,HS-grad,9,Widowed,Adm-clerical,Not-in-family,White,Female,0.0,0.0,38,United-States,<=50K
35,Private,272338.0,Assoc-voc,11,Divorced,Prof-specialty,Unmarried,White,Female,0.0,0.0,40,United-States,<=50K
27,Private,215423.0,Bachelors,13,Divorced,Adm-clerical,Unmarried,White,Female,0.0,0.0,16,United-States,<=50K
53,Private,290688.0,HS-grad,9,Married-civ-spouse,Craft-repair,Husband,White,Male,0.0,0.0,52,United-States,>50K
35,Private,98948.0,Bachelors,13,Married-civ-spouse,Other-service,Wife,White,Female,0.0,0.0,32,United-States,<=50K
35,Private,107164.0,Bachelors,13,Married-civ-spouse,Exec-managerial,Husband,White,Male,0.0,0.0,50,United-States,>50K
49,Private,277946.0,Some-college,10,Married-civ-spouse,Exec-managerial,Husband,White,Male,0.0,0.0,50,United-States,>50K
24,Private,204172.0,HS-grad,9,Never-married,Handlers-cleaners,Own-child,White,Female,0.0,0.0,48,United-States,<=50K
34,Private,140092.0,HS-grad,9,Never-married,Tech-support,Not-in-family,White,Male,0.0,0.0,40,United-States,<=50K
29,Self-emp-inc,206903.0,Prof-school,15,Married-civ-spouse,Prof-specialty,Husband,White,Male,0.0,0.0,55,United-States,>50K
36,Private,156400.0,Some-college,10,Divorced,Adm-clerical,Unmarried,White,Female,0.0,0.0,40,United-States,<=50K
37,Self-emp-not-inc,410919.0,HS-grad,9,Never-married,Craft-repair,Own-child,White,Male,0.0,0.0,35,United-States,<=50K
52,Private,155496.0,HS-grad,9,Never-married,Adm-clerical,Other-relative,White,Female,0.0,0.0,40,United-States,<=50K
42,Private,65372.0,Some-college,10,Never-married,Adm-clerical,Own-child,White,Female,0.0,0.0,40,United-States,<=50K
59,State-gov,132717.0,10th,6,Married-civ-spouse,Farming-fishing,Husband,White,Male,0.0,0.0,40,United-States,<=50K
32,Private,100154.0,9th,5,Married-civ-spouse,Other-service,Husband,White,Male,0.0,0.0,40,El-Salvador,<=50K
42,Private,147110.0,Bachelors,13,Married-civ-spouse,Other-service,Husband,White,Male,0.0,0.0,40,United-States,<=50K
26,Private,298225.0,HS-grad,9,Married-civ-spouse,Adm-clerical,Husband,White,Male,0.0,0.0,45,United-States,<=50K
36,Private,224566.0,Bachelors,13,Never-married,Prof-specialty,Not-in-family,White,Male,99999.0,0.0,45,United-States,>50K
24,Private,182812.0,Some-college,10,Never-married,Adm-clerical,Own-child,White,Female,3325.0,0.0,52,Dominican-Republic,<=50K
50,Local-gov,133963.0,Bachelors,13,Never-married,Prof-specialty,Own-child,White,Female,0.0,0.0,40,United-States,>50K
25,Private,154941.0,Bachelors,13,Married-civ-spouse,Sales,Husband,White,Male,0.0,0.0,40,United-States,>50K
29,Private,126399.0,HS-grad,9,Divorced,Sales,Unmarried,White,Female,0.0,0.0,32,United-States,<=50K
33,Private,231826.0,7th-8th,4,Married-civ-spouse,Machine-op-inspct,Husband,White,Male,0.0,0.0,40,Mexico,<=50K
26,State-gov,208122.0,Bachelors,13,Never-married,Prof-specialty,Not-in-family,White,Male,0.0,0.0,15,United-States,<=50K
52,Self-emp-inc,311259.0,HS-grad,9,Married-civ-spouse,Sales,Husband,White,Male,0.0,0.0,40,United-States,>50K
30,Private,185177.0,11th,7,Never-married,Handlers-cleaners,Own-child,White,Male,0.0,0.0,49,United-States,<=50K
40,Local-gov,99666.0,HS-grad,9,Married-civ-spouse,Transport-moving,Husband,White,Male,0.0,0.0,55,United-States,<=50K
32,Private,170017.0,HS-grad,9,Married-civ-spouse,Craft-repair,Husband,White,Male,0.0,0.0,50,United-States,<=50K
39,Private,172425.0,Assoc-voc,11,Married-civ-spouse,Adm-clerical,Wife,White,Female,0.0,0.0,20,United-States,>50K
66,Self-emp-inc,115880.0,Some-college,10,Married-civ-spouse,Prof-specialty,Husband,White,Male,0.0,0.0,40,United-States,<=50K
29,Private,115549.0,HS-grad,9,Married-civ-spouse,Transport-moving,Husband,White,Male,2635.0,0.0,40,United-States,<=50K
23,Private,215395.0,Some-college,10,Never-married,Craft-repair,Not-in-family,White,Male,0.0,0.0,40,United-States,<=50K
68,Private,144056.0,HS-grad,9,Married-civ-spouse,Adm-clerical,Husband,White,Male,3818.0,0.0,40,United-States,<=50K
18,Private,151747.0,11th,7,Never-married,Other-service,Own-child,White,Male,0.0,0.0,40,United-States,<=50K
46,Private,158656.0,Assoc-acdm,12,Never-married,Prof-specialty,Unmarried,White,Female,0.0,0.0,36,United-States,<=50K
36,Private,169037.0,HS-grad,9,Never-married,Adm-clerical,Not-in-family,White,Female,0.0,0.0,40,United-States,<=50K
80,Private,227210.0,Bachelors,13,Married-civ-spouse,Exec-managerial,Husband,White,Male,9386.0,0.0,40,United-States,>50K
29,Private,209301.0,Bachelors,13,Married-civ-spouse,Craft-repair,Husband,White,Male,0.0,0.0,40,Canada,<=50K
42,Private,367049.0,Masters,14,Never-married,Exec-managerial,Not-in-family,White,Female,4650.0,0.0,40,United-States,<=50K
41,Private,257758.0,12th,8,Married-civ-spouse,Craft-repair,Husband,White,Male,0.0,0.0,40,United-States,>50K
52,Private,182907.0,HS-grad,9,Married-civ-spouse,Transport-moving,Husband,White,Male,0.0,0.0,55,United-States,<=50K
62,Private,143312.0,Some-college,10,Divorced,Other-service,Not-in-family,White,Female,0.0,0.0,60,United-States,<=50K
39,Private,317434.0,HS-grad,9,Married-civ-spouse,Craft-repair,Husband,White,Male,0.0,0.0,40,United-States,<=50K
37,Private,201247.0,HS-grad,9,Never-married,Handlers-cleaners,Not-in-family,White,Male,0.0,0.0,40,United-States,<=50K
36,Private,105138.0,HS-grad,9,Divorced,Transport-moving,Not-in-family,White,Male,0.0,0.0,50,United-States,<=50K
27,Private,131712.0,Bachelors,13,Married-civ-spouse,Exec-managerial,Husband,White,Male,0.0,1485.0,50,United-States,>50K
30,Federal-gov,355789.0,HS-grad,9,Never-married,Adm-clerical,Not-in-family,Black,Female,0.0,0.0,50,United-States,<=50K
35,Private,454843.0,Some-college,10,Married-civ-spouse,Craft-repair,Husband,White,Male,0.0,0.0,40,United-States,>50K
29,Self-emp-inc,138597.0,Assoc-acdm,12,Never-married,Prof-specialty,Other-relative,Black,Female,0.0,0.0,40,United-States,<=50K
32,Private,64658.0,HS-grad,9,Divorced,Craft-repair,Not-in-family,White,Male,0.0,0.0,40,United-States,<=50K
27,Private,209891.0,Some-college,10,Never-married,Handlers-cleaners,Not-in-family,Black,Male,0.0,0.0,50,United-States,<=50K
53,Private,124993.0,HS-grad,9,Married-civ-spouse,Prof-specialty,Husband,White,Male,0.0,0.0,43,United-States,>50K
41,Private,227065.0,HS-grad,9,Never-married,Other-service,Own-child,White,Male,0.0,0.0,40,United-States,<=50K
28,Private,173110.0,HS-grad,9,Never-married,Exec-managerial,Not-in-family,White,Female,0.0,0.0,40,United-States,<=50K
59,Private,316027.0,HS-grad,9,Married-civ-spouse,Other-service,Husband,White,Male,0.0,0.0,45,Cuba,<=50K
46,Private,172695.0,11th,7,Widowed,Other-service,Not-in-family,White,Female,0.0,0.0,27,El-Salvador,<=50K
42,Local-gov,298885.0,HS-grad,9,Divorced,Exec-managerial,Unmarried,White,Male,0.0,0.0,40,United-States,<=50K
45,State-gov,53768.0,Masters,14,Divorced,Exec-managerial,Not-in-family,White,Female,0.0,0.0,70,United-States,<=50K
25,Private,179255.0,Some-college,10,Never-married,Adm-clerical,Own-child,White,Female,0.0,0.0,25,United-States,<=50K
20,Private,171156.0,Some-college,10,Never-married,Other-service,Own-child,White,Female,0.0,0.0,25,United-States,<=50K
40,Private,252392.0,5th-6th,3,Married-civ-spouse,Other-service,Husband,White,Male,0.0,0.0,40,Mexico,<=50K
29,Private,197288.0,HS-grad,9,Married-civ-spouse,Adm-clerical,Wife,Black,Female,0.0,0.0,40,United-States,<=50K
29,Local-gov,190525.0,Bachelors,13,Married-civ-spouse,Prof-specialty,Husband,White,Male,0.0,1848.0,60,Germany,>50K
40,Private,217826.0,HS-grad,9,Married-civ-spouse,Machine-op-inspct,Husband,Black,Male,0.0,0.0,40,Haiti,<=50K
28,Private,23324.0,Some-college,10,Never-married,Handlers-cleaners,Not-in-family,White,Male,0.0,0.0,40,United-States,<=50K
48,Private,205424.0,Bachelors,13,Divorced,Sales,Unmarried,White,Male,0.0,0.0,40,United-States,>50K
29,Private,336167.0,HS-grad,9,Never-married,Machine-op-inspct,Unmarried,Black,Female,0.0,0.0,30,United-States,<=50K
34,Self-emp-not-inc,24961.0,HS-grad,9,Married-civ-spouse,Farming-fishing,Husband,White,Male,0.0,0.0,80,United-States,<=50K
50,Private,176240.0,Some-college,10,Married-civ-spouse,Sales,Husband,White,Male,0.0,0.0,50,United-States,>50K
25,Private,302465.0,12th,8,Never-married,Machine-op-inspct,Not-in-family,White,Male,0.0,1741.0,40,United-States,<=50K
23,Private,99408.0,Some-college,10,Divorced,Adm-clerical,Own-child,White,Female,0.0,0.0,40,United-States,<=50K
25,Private,419658.0,HS-grad,9,Never-married,Other-service,Own-child,White,Female,0.0,0.0,8,United-States,<=50K
33,Self-emp-not-inc,202729.0,Bachelors,13,Married-civ-spouse,Craft-repair,Husband,White,Male,0.0,0.0,40,United-States,>50K
43,Private,162108.0,Bachelors,13,Never-married,Adm-clerical,Not-in-family,White,Female,0.0,0.0,40,United-States,<=50K
25,Private,362826.0,HS-grad,9,Never-married,Handlers-cleaners,Other-relative,White,Male,0.0,0.0,45,United-States,<=50K
34,State-gov,32174.0,HS-grad,9,Separated,Other-service,Not-in-family,White,Female,0.0,0.0,40,United-States,<=50K
32,Private,113688.0,Assoc-voc,11,Divorced,Exec-managerial,Not-in-family,White,Female,0.0,0.0,50,United-States,<=50K
52,Private,199688.0,10th,6,Married-civ-spouse,Handlers-cleaners,Husband,White,Male,0.0,0.0,45,United-States,<=50K
31,Private,113667.0,HS-grad,9,Never-married,Sales,Unmarried,Black,Female,0.0,0.0,25,United-States,<=50K
51,Private,108435.0,Bachelors,13,Married-civ-spouse,Other-service,Husband,White,Male,0.0,0.0,40,United-States,>50K
35,Private,322171.0,Some-college,10,Married-civ-spouse,Other-service,Wife,White,Female,0.0,0.0,40,United-States,>50K
60,Local-gov,232618.0,HS-grad,9,Married-civ-spouse,Other-service,Husband,White,Male,0.0,0.0,40,United-States,<=50K
23,Private,163870.0,Some-college,10,Never-married,Craft-repair,Own-child,White,Male,0.0,0.0,40,United-States,<=50K
48,Private,431513.0,10th,6,Married-civ-spouse,Craft-repair,Husband,White,Male,0.0,0.0,65,United-States,>50K
48,Local-gov,67229.0,Masters,14,Separated,Adm-clerical,Unmarried,Black,Female,0.0,0.0,40,United-States,<=50K
30,Private,209768.0,Assoc-voc,11,Married-civ-spouse,Machine-op-inspct,Husband,White,Male,0.0,0.0,40,United-States,>50K
21,Private,280081.0,Some-college,10,Never-married,Sales,Own-child,White,Female,0.0,0.0,40,United-States,<=50K
54,Local-gov,188446.0,HS-grad,9,Married-civ-spouse,Other-service,Husband,White,Male,0.0,0.0,40,United-States,<=50K
47,Private,164423.0,HS-grad,9,Divorced,Exec-managerial,Unmarried,White,Female,0.0,0.0,43,United-States,<=50K
30,Private,111567.0,HS-grad,9,Married-civ-spouse,Tech-support,Husband,White,Male,0.0,0.0,40,United-States,<=50K
29,Private,197565.0,Assoc-voc,11,Never-married,Adm-clerical,Own-child,White,Female,0.0,0.0,35,United-States,<=50K
18,Private,200290.0,HS-grad,9,Never-married,Sales,Own-child,White,Male,0.0,0.0,35,United-States,<=50K
53,Private,162951.0,9th,5,Married-civ-spouse,Handlers-cleaners,Husband,White,Male,0.0,0.0,41,United-States,>50K
51,Federal-gov,282680.0,Doctorate,16,Never-married,Prof-specialty,Not-in-family,White,Female,0.0,1564.0,70,United-States,>50K
55,Private,174478.0,10th,6,Never-married,Other-service,Not-in-family,White,Male,0.0,0.0,29,United-States,<=50K
28,Private,300915.0,Bachelors,13,Married-civ-spouse,Prof-specialty,Husband,White,Male,0.0,1902.0,43,United-States,>50K
55,Private,377113.0,Bachelors,13,Married-civ-spouse,Transport-moving,Husband,White,Male,15024.0,0.0,60,United-States,>50K
52,Self-emp-not-inc,89028.0,HS-grad,9,Married-civ-spouse,Craft-repair,Husband,Asian-Pac-Islander,Male,0.0,0.0,40,United-States,<=50K
48,Private,212954.0,Some-college,10,Married-civ-spouse,Craft-repair,Husband,White,Male,0.0,0.0,60,United-States,>50K
38,Private,249039.0,Assoc-acdm,12,Married-civ-spouse,Tech-support,Husband,White,Male,3103.0,0.0,40,United-States,>50K
55,Private,197114.0,Some-college,10,Married-civ-spouse,Transport-moving,Husband,White,Male,0.0,0.0,6,United-States,>50K
31,Private,47151.0,HS-grad,9,Never-married,Other-service,Not-in-family,White,Female,0.0,0.0,56,United-States,<=50K
29,Local-gov,107411.0,Prof-school,15,Never-married,Prof-specialty,Not-in-family,White,Female,0.0,0.0,70,United-States,<=50K
25,Private,362912.0,Some-college,10,Never-married,Craft-repair,Own-child,White,Female,0.0,0.0,50,United-States,<=50K
31,Private,94413.0,HS-grad,9,Divorced,Craft-repair,Other-relative,White,Male,3325.0,0.0,40,United-States,<=50K
65,Private,155261.0,HS-grad,9,Married-civ-spouse,Exec-managerial,Husband,White,Male,0.0,0.0,40,United-States,>50K
56,Private,357939.0,HS-grad,9,Married-civ-spouse,Machine-op-inspct,Husband,White,Male,0.0,0.0,40,United-States,<=50K
65,Self-emp-not-inc,28367.0,HS-grad,9,Married-civ-spouse,Sales,Husband,White,Male,0.0,0.0,55,United-States,<=50K
48,State-gov,185859.0,Bachelors,13,Married-civ-spouse,Exec-managerial,Husband,White,Male,0.0,0.0,38,United-States,>50K
32,Private,178623.0,Assoc-acdm,12,Never-married,Sales,Not-in-family,Black,Female,0.0,0.0,46,Trinadad&Tobago,<=50K
27,Private,150296.0,HS-grad,9,Never-married,Other-service,Own-child,White,Female,0.0,0.0,32,United-States,<=50K
41,Private,43467.0,Bachelors,13,Divorced,Other-service,Not-in-family,White,Female,0.0,0.0,99,United-States,<=50K
24,Private,119629.0,Some-college,10,Never-married,Sales,Not-in-family,White,Female,0.0,0.0,37,United-States,<=50K
47,Self-emp-inc,116927.0,HS-grad,9,Married-civ-spouse,Exec-managerial,Husband,White,Male,0.0,0.0,42,United-States,>50K
27,Private,70034.0,Some-college,10,Never-married,Other-service,Not-in-family,White,Male,0.0,0.0,40,United-States,<=50K
41,Private,119266.0,HS-grad,9,Married-civ-spouse,Other-service,Husband,White,Male,0.0,0.0,40,United-States,<=50K
30,Local-gov,131568.0,Bachelors,13,Married-civ-spouse,Prof-specialty,Husband,White,Male,0.0,0.0,40,United-States,>50K
23,Private,198368.0,Assoc-acdm,12,Never-married,Sales,Not-in-family,White,Male,0.0,0.0,40,United-States,<=50K
65,Private,115922.0,11th,7,Divorced,Handlers-cleaners,Not-in-family,White,Male,0.0,0.0,24,United-States,<=50K
51,Local-gov,164300.0,HS-grad,9,Separated,Adm-clerical,Unmarried,White,Female,0.0,0.0,40,Puerto-Rico,<=50K
40,Private,195394.0,Assoc-acdm,12,Married-civ-spouse,Prof-specialty,Husband,White,Male,7688.0,0.0,40,United-States,>50K
78,Private,135692.0,Some-college,10,Married-civ-spouse,Craft-repair,Husband,White,Male,0.0,0.0,40,United-States,<=50K
34,Private,608881.0,HS-grad,9,Never-married,Craft-repair,Not-in-family,Black,Male,0.0,0.0,40,United-States,<=50K
31,Private,193477.0,HS-grad,9,Married-civ-spouse,Craft-repair,Husband,White,Male,0.0,0.0,55,United-States,<=50K
58,Private,218281.0,Bachelors,13,Married-civ-spouse,Adm-clerical,Husband,White,Male,0.0,0.0,40,Mexico,<=50K
45,Private,411273.0,7th-8th,4,Married-civ-spouse,Craft-repair,Husband,Black,Male,0.0,0.0,40,United-States,<=50K
18,Private,65098.0,HS-grad,9,Never-married,Other-service,Own-child,White,Male,0.0,0.0,15,United-States,<=50K
43,Private,102025.0,Masters,14,Married-civ-spouse,Prof-specialty,Husband,Other,Male,0.0,0.0,50,United-States,<=50K
26,State-gov,28366.0,Bachelors,13,Never-married,Prof-specialty,Not-in-family,White,Male,0.0,0.0,40,United-States,<=50K
44,Self-emp-not-inc,37618.0,HS-grad,9,Married-civ-spouse,Farming-fishing,Husband,White,Male,0.0,0.0,40,United-States,>50K
32,Self-emp-not-inc,210926.0,11th,7,Separated,Handlers-cleaners,Unmarried,White,Female,0.0,0.0,40,Nicaragua,<=50K
41,Private,112763.0,HS-grad,9,Widowed,Sales,Not-in-family,White,Female,0.0,0.0,40,United-States,<=50K
63,Private,162772.0,HS-grad,9,Married-civ-spouse,Transport-moving,Husband,White,Male,0.0,0.0,35,United-States,>50K
31,Private,72630.0,Bachelors,13,Never-married,Exec-managerial,Not-in-family,White,Male,14084.0,0.0,50,United-States,>50K
23,Private,185452.0,Bachelors,13,Never-married,Exec-managerial,Not-in-family,White,Female,0.0,0.0,35,Canada,<=50K
32,Private,94235.0,HS-grad,9,Married-civ-spouse,Craft-repair,Husband,White,Male,0.0,0.0,40,United-States,>50K
29,Private,208577.0,HS-grad,9,Married-civ-spouse,Prof-specialty,Husband,White,Male,0.0,0.0,40,United-States,>50K
48,Private,168283.0,Some-college,10,Married-civ-spouse,Transport-moving,Husband,White,Male,0.0,0.0,45,United-States,>50K
24,Private,172169.0,Some-college,10,Never-married,Handlers-cleaners,Unmarried,White,Male,0.0,0.0,30,United-States,<=50K
25,Local-gov,197822.0,Bachelors,13,Never-married,Prof-specialty,Own-child,White,Female,0.0,0.0,40,United-States,<=50K
36,Federal-gov,327435.0,Masters,14,Divorced,Tech-support,Not-in-family,White,Female,0.0,0.0,40,United-States,>50K
41,State-gov,201363.0,HS-grad,9,Married-civ-spouse,Adm-clerical,Wife,White,Female,0.0,0.0,38,United-States,>50K
31,Private,323055.0,HS-grad,9,Married-civ-spouse,Transport-moving,Husband,White,Male,0.0,0.0,50,United-States,>50K
20,Private,74631.0,Some-college,10,Never-married,Sales,Not-in-family,White,Female,0.0,0.0,50,United-States,<=50K
50,Local-gov,231725.0,HS-grad,9,Married-civ-spouse,Handlers-cleaners,Husband,White,Male,0.0,0.0,40,United-States,<=50K
31,Private,59083.0,HS-grad,9,Married-civ-spouse,Adm-clerical,Husband,White,Male,0.0,0.0,40,United-States,<=50K
40,Private,231991.0,HS-grad,9,Divorced,Exec-managerial,Unmarried,White,Female,0.0,0.0,40,United-States,<=50K
37,Private,329980.0,Masters,14,Married-civ-spouse,Exec-managerial,Husband,White,Male,0.0,2415.0,60,United-States,>50K
46,Private,124356.0,Assoc-acdm,12,Married-civ-spouse,Tech-support,Husband,White,Male,0.0,0.0,40,United-States,>50K
39,Self-emp-not-inc,497525.0,10th,6,Separated,Craft-repair,Not-in-family,Black,Male,0.0,0.0,40,United-States,<=50K
36,Local-gov,114719.0,Masters,14,Married-civ-spouse,Prof-specialty,Husband,White,Male,0.0,0.0,50,United-States,>50K
53,Local-gov,38795.0,9th,5,Married-civ-spouse,Exec-managerial,Husband,White,Male,0.0,0.0,40,United-States,<=50K
57,Private,186361.0,Assoc-voc,11,Never-married,Other-service,Own-child,White,Female,0.0,0.0,40,United-States,<=50K
43,Private,154538.0,Assoc-acdm,12,Divorced,Craft-repair,Not-in-family,White,Male,0.0,0.0,40,United-States,<=50K
